{"type":"Feature","properties":{"source":"Natural Earth 10m roads, level=Interstate"},"geometry":{"type":"MultiLineString","coordinates":[[[-123.364,43.158],[-123.366,43.16]],[[-123.366,43.16],[-123.378,43.169],[-123.333,43.355],[-123.342,43.391],[-123.323,43.502],[-123.284,43.561],[-123.22,43.612],[-123.201,43.728],[-123.165,43.754],[-123.092,43.752],[-123.045,43.797],[-123.017,43.867],[-123.005,43.995],[-123.045,44.041],[-123.046,44.07]],[[-107.183,41.788],[-107.217,41.774],[-107.401,41.792],[-107.542,41.755],[-107.921,41.701],[-107.995,41.674],[-108.296,41.634],[-108.706,41.649],[-108.799,41.687],[-108.905,41.694],[-109.036,41.639],[-109.195,41.594],[-109.223,41.608],[-109.256,41.576],[-109.43,41.529],[-109.489,41.531],[-109.555,41.562],[-109.624,41.543],[-109.911,41.547]],[[-112.434,42.91],[-112.509,42.912],[-112.691,42.877],[-112.801,42.811],[-112.929,42.705],[-113.082,42.629],[-113.499,42.566]],[[-113.502,42.564],[-113.641,42.559],[-113.879,42.587],[-114.285,42.582],[-114.45,42.644]],[[-112.201,41.71],[-112.241,41.734],[-112.293,41.8],[-112.358,41.819],[-112.412,41.816],[-112.472,41.875],[-112.575,41.901],[-112.679,41.953],[-112.807,41.977],[-113.049,42.215],[-113.167,42.293],[-113.391,42.502],[-113.507,42.57]],[[-114.04,40.741],[-113.129,40.729],[-113.056,40.743],[-112.898,40.824],[-112.741,40.75],[-112.641,40.744],[-112.469,40.677],[-112.333,40.665],[-112.266,40.68],[-112.137,40.774],[-111.956,40.77]],[[-111.956,40.77],[-111.906,40.767]],[[-91.307,40.006],[-91.319,39.892],[-91.336,39.869],[-91.301,39.822],[-91.308,39.763],[-91.194,39.718],[-91.117,39.725],[-90.822,39.673],[-90.341,39.676],[-90.214,39.687],[-90.134,39.735],[-89.766,39.755],[-89.645,39.739]],[[-88.58,39.096],[-88.603,38.989],[-88.967,38.706],[-88.954,38.551],[-88.962,38.347]],[[-88.962,38.347],[-88.954,38.299],[-88.928,38.265]],[[-88.995,37.605],[-88.943,37.771],[-88.957,37.896],[-88.933,37.954],[-88.902,38.166],[-88.905,38.239],[-88.928,38.27],[-88.903,38.278]],[[-81.604,38.377],[-81.481,38.471],[-81.361,38.518],[-81.281,38.572],[-81.155,38.575],[-81.033,38.601],[-81.019,38.617],[-80.823,38.612],[-80.738,38.626],[-80.736,38.669],[-80.665,38.707],[-80.679,38.73],[-80.663,38.848],[-80.543,38.938],[-80.495,39.006],[-80.413,39.036],[-80.382,39.131],[-80.318,39.195],[-80.269,39.282]],[[-81.544,39.996],[-81.372,40.053],[-81.03,40.059],[-80.906,40.076],[-80.807,40.055],[-80.753,40.062]],[[-73.71,41.029],[-73.487,41.085],[-73.425,41.125],[-73.232,41.189],[-73.13,41.198],[-73.057,41.248]],[[-78.432,40.439],[-78.465,40.236],[-78.532,40.098],[-78.513,40.05]],[[-78.236,39.983],[-78.243,39.985]],[[-78.243,39.985],[-78.331,40.01],[-78.439,40.01],[-78.513,40.05]],[[-78.513,40.05],[-78.513,40.05]],[[-77.171,38.793],[-77.199,38.735],[-77.303,38.629],[-77.52,38.292],[-77.501,38.223],[-77.516,38.105],[-77.464,37.898],[-77.466,37.797],[-77.447,37.705],[-77.45,37.632],[-77.471,37.591]],[[-72.69,41.625],[-72.746,41.548],[-72.77,41.531],[-72.819,41.509],[-72.857,41.444],[-72.939,41.368],[-73.017,41.326],[-73.074,41.243]],[[-72.345,41.34],[-72.351,41.339]],[[-72.351,41.339],[-72.461,41.297],[-72.868,41.291],[-72.92,41.311],[-73.052,41.243]],[[-75.903,42.135],[-75.901,42.191],[-75.927,42.29],[-75.978,42.335],[-76.082,42.545],[-76.168,42.613]],[[-75.901,42.153],[-75.78,42.163],[-75.677,42.196],[-75.606,42.184],[-75.511,42.203],[-75.469,42.248],[-75.464,42.292],[-75.323,42.316],[-75.252,42.354],[-75.195,42.365],[-75.092,42.45],[-75.007,42.458],[-74.918,42.497],[-74.899,42.54],[-74.813,42.547],[-74.639,42.646],[-74.564,42.636],[-74.078,42.766],[-74.02,42.793]],[[-75.823,42.118],[-75.745,41.99],[-75.728,41.878],[-75.683,41.852],[-75.684,41.771],[-75.669,41.724],[-75.684,41.679],[-75.644,41.62],[-75.679,41.477],[-75.61,41.425]],[[-77.732,40.939],[-77.742,40.88],[-77.803,40.843],[-77.888,40.814],[-77.957,40.842],[-77.994,40.836],[-78.061,40.797]],[[-71.591,43.426],[-71.567,43.455],[-71.572,43.476],[-71.61,43.5],[-71.614,43.591],[-71.633,43.606],[-71.65,43.707],[-71.685,43.777],[-71.687,43.803],[-71.654,43.846],[-71.701,43.91],[-71.678,43.987],[-71.671,44.127],[-71.697,44.193]],[[-72.39,43.645],[-72.406,43.702],[-72.451,43.754],[-72.456,43.79],[-72.498,43.79],[-72.531,43.82],[-72.562,43.813],[-72.616,43.881],[-72.624,44.008],[-72.605,44.054],[-72.602,44.138],[-72.579,44.183],[-72.586,44.247],[-72.775,44.358],[-72.961,44.395],[-73.034,44.431],[-73.187,44.454]],[[-77.367,42.384],[-77.329,42.328],[-77.226,42.293],[-77.197,42.236],[-77.141,42.198]],[[-72.327,43.627],[-72.305,43.693],[-72.234,43.77],[-72.204,43.867],[-72.133,43.922],[-72.06,44.31],[-72.024,44.36],[-72.018,44.414]],[[-72.018,44.414],[-72.018,44.414]],[[-84.708,44.584],[-84.671,44.52],[-84.6,44.461],[-84.588,44.384],[-84.537,44.334],[-84.492,44.31],[-84.329,44.299],[-84.234,44.249],[-84.069,44.047],[-84.056,44.013],[-84.023,43.988]],[[-77.14,42.2],[-77.001,42.13],[-76.81,42.163],[-76.804,42.113],[-76.782,42.078]],[[-84.982,42.285],[-84.97,42.285]],[[-84.97,42.285],[-84.827,42.29],[-84.722,42.261],[-84.435,42.278]],[[-77.648,43.049],[-77.874,43.03],[-77.976,43.033]],[[-77.976,43.033],[-78.781,42.976]],[[-79.178,42.524],[-79.307,42.445],[-79.724,42.248]],[[-79.185,42.524],[-79.178,42.524]],[[-79.178,42.524],[-79.157,42.524],[-79.124,42.538],[-78.966,42.676],[-78.817,42.75],[-78.803,42.814]],[[-78.482,35.364],[-78.374,35.227],[-78.303,35.2],[-78.185,35.104],[-78.145,35.048],[-78.126,34.975],[-78.025,34.915],[-78.008,34.885],[-77.997,34.821],[-77.937,34.738],[-77.935,34.632],[-77.879,34.441],[-77.878,34.308]],[[-77.878,34.308],[-77.9,34.257],[-77.876,34.244]],[[-80.819,28.413],[-80.797,28.349],[-80.726,28.265],[-80.701,28.071],[-80.661,28.043],[-80.618,27.977],[-80.592,27.866],[-80.552,27.817],[-80.543,27.717],[-80.514,27.614],[-80.422,27.48],[-80.392,27.46],[-80.394,27.399]],[[-93.0,30.24],[-92.679,30.25],[-92.373,30.235],[-92.27,30.255],[-92.076,30.247],[-92.015,30.261]],[[-94.139,30.059],[-94.137,30.097],[-94.075,30.099],[-94.011,30.13],[-93.91,30.132],[-93.78,30.108],[-93.514,30.2],[-93.302,30.228]],[[-93.302,30.228],[-93.162,30.244]],[[-93.162,30.244],[-93.0,30.24]],[[-79.849,34.196],[-80.036,34.211],[-80.212,34.184],[-80.628,34.217],[-80.693,34.199],[-80.752,34.13],[-80.809,34.093],[-80.943,34.072]],[[-84.491,33.763],[-84.496,33.764]],[[-84.496,33.764],[-84.593,33.777],[-84.796,33.72],[-84.987,33.72],[-85.128,33.687],[-85.308,33.682],[-85.444,33.65],[-85.652,33.644],[-85.829,33.605]],[[-80.851,35.813],[-80.852,35.809]],[[-80.852,35.809],[-80.863,35.774],[-80.854,35.622],[-80.871,35.507],[-80.842,35.364]],[[-80.842,35.364],[-80.854,35.272]],[[-79.791,34.953],[-79.585,34.838],[-79.488,34.765]],[[-79.488,34.765],[-79.464,34.755]],[[-79.464,34.755],[-79.406,34.755],[-79.378,34.759]],[[-79.378,34.759],[-79.373,34.76],[-79.365,34.755]],[[-79.365,34.755],[-79.307,34.703]],[[-79.307,34.703],[-79.173,34.623],[-79.104,34.602]],[[-82.177,36.629],[-82.181,36.545],[-82.247,36.519],[-82.259,36.49],[-82.355,36.401],[-82.377,36.367],[-82.37,36.354]],[[-82.257,36.596],[-82.335,36.544],[-82.382,36.535],[-82.527,36.455]],[[-82.527,36.455],[-82.594,36.408],[-82.645,36.405],[-82.693,36.36],[-82.761,36.356],[-83.1,36.205],[-83.188,36.202],[-83.318,36.129],[-83.384,36.07]],[[-87.547,37.929],[-87.479,37.935],[-87.451,37.957],[-87.486,38.108],[-87.473,38.173]],[[-87.473,38.173],[-87.472,38.174]],[[-86.932,34.793],[-86.924,34.696],[-86.9,34.629]],[[-86.9,34.629],[-86.897,34.625]],[[-86.574,36.643],[-86.712,36.426],[-86.719,36.384],[-86.703,36.311],[-86.731,36.269]],[[-89.634,36.116],[-89.745,36.208]],[[-89.745,36.208],[-89.745,36.21]],[[-84.194,39.864],[-84.197,39.897],[-84.19,39.97],[-84.232,40.01],[-84.237,40.081],[-84.166,40.328],[-84.159,40.46],[-84.174,40.555],[-84.124,40.687],[-84.076,40.706],[-84.074,40.765],[-84.004,40.81]],[[-91.388,39.72],[-91.256,39.734]],[[-107.183,41.788],[-106.714,41.729],[-106.445,41.755],[-106.373,41.672],[-106.096,41.554],[-105.984,41.451],[-105.88,41.429],[-105.771,41.359],[-105.627,41.345],[-105.608,41.302],[-105.45,41.257],[-105.436,41.203],[-105.389,41.149],[-105.186,41.094],[-104.852,41.116]],[[-97.169,33.209],[-97.167,33.208]],[[-97.167,33.208],[-97.072,33.161],[-97.015,33.036],[-96.883,32.917]],[[-92.27,34.71],[-92.314,34.675],[-92.401,34.658],[-92.555,34.599],[-92.63,34.547],[-92.672,34.54],[-92.819,34.402],[-92.923,34.333],[-92.977,34.265],[-93.073,34.185],[-93.142,34.039],[-93.342,33.869],[-93.62,33.677],[-93.818,33.598],[-93.993,33.484],[-94.045,33.47]],[[-100.643,30.578],[-100.75,30.617],[-100.823,30.62],[-100.952,30.667],[-101.165,30.71],[-101.256,30.686],[-101.388,30.683],[-101.686,30.752],[-101.806,30.714],[-101.844,30.742],[-101.917,30.757],[-102.074,30.86],[-102.166,30.893],[-102.268,30.877],[-102.357,30.896],[-102.553,30.867],[-102.645,30.877]],[[-96.518,29.695],[-96.643,29.691],[-96.746,29.7],[-96.902,29.696]],[[-89.186,37.098],[-89.209,37.019]],[[-111.686,32.82],[-111.399,32.659],[-111.269,32.501],[-111.003,32.282],[-110.97,32.197]],[[-95.176,35.486],[-95.106,35.483],[-95.035,35.507],[-94.91,35.463],[-94.771,35.46],[-94.702,35.411],[-94.617,35.38],[-94.495,35.411],[-94.467,35.427],[-94.445,35.469]],[[-83.678,32.85],[-83.732,32.916],[-83.85,33.001],[-83.926,33.036],[-84.011,33.11],[-84.155,33.397],[-84.26,33.524],[-84.378,33.588],[-84.4,33.628]],[[-84.4,33.628],[-84.404,33.697],[-84.388,33.739]],[[-80.168,26.944],[-80.109,26.822],[-80.099,26.678]],[[-80.394,27.399],[-80.342,27.213],[-80.17,26.945]],[[-81.141,32.249],[-81.061,32.287],[-80.943,32.558],[-80.884,32.631]],[[-81.248,32.075],[-81.219,32.162],[-81.141,32.249]],[[-83.318,30.82],[-83.402,31.02],[-83.506,31.414],[-83.53,31.452]],[[-82.754,30.266],[-82.914,30.436],[-83.04,30.502],[-83.098,30.575],[-83.266,30.728],[-83.318,30.82]],[[-85.703,35.043],[-85.618,35.061],[-85.52,35.007],[-85.508,34.986],[-85.47,34.984]],[[-71.537,43.17],[-71.546,43.169],[-71.591,43.186],[-71.688,43.179],[-71.772,43.269],[-71.834,43.28],[-71.848,43.316],[-71.902,43.322],[-71.933,43.37],[-72.01,43.4],[-72.048,43.438],[-72.086,43.445],[-72.109,43.492],[-72.143,43.514],[-72.135,43.554],[-72.22,43.646],[-72.258,43.652],[-72.325,43.627]],[[-72.325,43.627],[-72.331,43.625]],[[-75.235,43.104],[-75.254,43.089],[-75.294,43.103],[-75.495,43.077],[-76.044,43.094]],[[-76.044,43.094],[-76.164,43.096]],[[-73.412,42.337],[-73.55,42.424]],[[-77.648,43.049],[-77.685,42.983],[-77.7,42.891],[-77.749,42.802],[-77.775,42.778],[-77.829,42.766],[-77.836,42.719],[-77.799,42.684],[-77.812,42.67],[-77.796,42.643],[-77.711,42.557],[-77.676,42.537],[-77.626,42.544],[-77.558,42.523],[-77.398,42.394]],[[-80.123,42.031],[-80.304,41.964],[-80.568,41.924]],[[-80.123,42.031],[-80.165,41.995],[-80.182,41.8],[-80.213,41.687],[-80.194,41.524],[-80.163,41.415],[-80.159,41.199]],[[-80.159,41.199],[-79.922,41.201],[-79.873,41.184],[-79.823,41.194],[-79.717,41.168],[-79.639,41.192],[-79.548,41.182],[-79.474,41.196],[-79.283,41.17],[-79.227,41.187],[-79.17,41.184],[-79.029,41.165],[-78.975,41.132],[-78.88,41.158],[-78.68,41.121],[-78.564,41.121],[-78.426,41.05]],[[-79.517,39.649],[-79.635,39.666],[-79.748,39.645],[-79.878,39.664],[-79.974,39.569]],[[-81.061,36.953],[-81.097,36.962],[-81.467,36.858],[-81.509,36.827],[-81.656,36.809],[-81.684,36.788],[-81.775,36.785],[-81.872,36.754],[-82.12,36.632],[-82.139,36.627],[-82.177,36.629]],[[-78.119,36.716],[-78.15,36.606],[-78.194,36.535]],[[-78.194,36.535],[-78.402,36.346],[-78.544,36.318],[-78.588,36.288],[-78.706,36.172],[-78.774,36.076],[-78.862,35.998],[-78.982,36.038],[-79.156,36.057]],[[-77.586,36.535],[-77.553,36.703]],[[-77.551,36.709],[-77.471,36.773],[-77.456,36.834],[-77.407,36.874],[-77.393,37.032],[-77.36,37.089],[-77.359,37.155]],[[-77.359,37.155],[-77.359,37.16]],[[-80.232,37.785],[-80.158,37.817],[-79.949,37.777],[-79.791,37.837],[-79.71,37.797],[-79.616,37.87],[-79.567,37.886],[-79.376,37.818]],[[-79.376,37.818],[-79.47,37.695],[-79.616,37.61],[-79.698,37.527],[-79.863,37.452],[-79.982,37.36]],[[-77.648,43.049],[-77.646,43.049]],[[-77.646,43.049],[-77.546,43.051],[-77.343,42.973],[-76.862,42.95],[-76.632,43.037],[-76.4,43.091],[-76.224,43.11],[-76.164,43.096]],[[-72.07,42.132],[-72.128,42.137],[-72.209,42.181],[-72.275,42.165],[-72.536,42.172],[-72.611,42.159]],[[-72.611,42.159],[-72.644,42.151]],[[-77.079,41.298],[-77.011,41.245],[-76.87,41.255],[-76.771,41.217],[-76.826,41.048]],[[-76.826,41.048],[-76.827,41.045]],[[-78.183,39.708],[-78.27,39.69],[-78.376,39.697],[-78.395,39.676],[-78.454,39.664],[-78.595,39.709],[-78.798,39.64],[-78.921,39.647],[-78.987,39.68],[-79.088,39.694],[-79.208,39.685],[-79.307,39.699],[-79.359,39.689],[-79.409,39.656],[-79.515,39.65]],[[-80.568,41.924],[-80.774,41.819]],[[-77.367,42.384],[-77.476,42.37],[-77.541,42.384],[-77.652,42.38],[-77.702,42.359],[-77.735,42.325],[-78.022,42.287],[-78.155,42.201],[-78.293,42.222],[-78.399,42.165],[-78.444,42.092],[-78.511,42.102],[-78.645,42.09]],[[-78.645,42.09],[-78.671,42.141],[-78.706,42.153]],[[-78.706,42.153],[-78.775,42.108],[-78.857,42.087],[-78.92,42.099],[-79.013,42.16],[-79.086,42.134],[-79.229,42.125],[-79.474,42.158],[-79.764,42.127]],[[-80.759,41.823],[-80.889,41.771],[-81.036,41.766],[-81.366,41.632],[-81.431,41.59],[-81.436,41.512],[-81.472,41.486],[-81.509,41.417]],[[-87.186,41.569],[-86.901,41.581],[-86.559,41.724],[-86.482,41.743],[-86.338,41.731]],[[-85.658,42.255],[-85.604,42.273],[-85.531,42.272]],[[-85.531,42.272],[-85.179,42.272]],[[-85.179,42.272],[-84.97,42.314]],[[-83.678,43.011],[-83.355,43.028],[-83.282,43.014],[-83.188,43.021],[-83.117,42.992],[-82.877,42.988],[-82.801,42.964],[-82.598,42.995],[-82.487,42.974]],[[-84.732,45.742],[-84.72,45.711],[-84.636,45.645],[-84.579,45.26],[-84.59,45.227],[-84.657,45.164],[-84.697,45.074],[-84.697,45.013],[-84.671,44.977],[-84.689,44.912],[-84.683,44.864],[-84.715,44.808],[-84.695,44.69],[-84.708,44.584]],[[-85.678,42.971],[-85.71,42.964],[-85.708,42.948],[-85.783,42.905],[-85.781,42.886],[-86.052,42.771],[-86.066,42.74],[-86.166,42.676],[-86.215,42.594],[-86.222,42.49],[-86.265,42.375],[-86.376,42.233],[-86.376,42.134]],[[-86.722,41.797],[-86.592,41.875],[-86.545,41.941],[-86.507,42.038],[-86.392,42.12]],[[-86.392,42.12],[-86.376,42.134]],[[-86.708,41.797],[-86.845,41.701],[-87.083,41.618],[-87.181,41.595],[-87.33,41.587]],[[-83.577,41.679],[-83.542,41.625],[-83.581,41.573]],[[-81.808,41.333],[-81.795,41.161],[-81.886,41.041],[-82.073,40.972],[-82.195,40.889],[-82.415,40.779]],[[-81.794,41.156],[-81.738,41.198],[-81.628,41.233]],[[-81.628,41.233],[-81.585,41.25]],[[-80.361,40.824],[-80.371,40.727],[-80.33,40.64],[-80.29,40.597],[-80.269,40.508],[-80.153,40.439],[-80.111,40.431]],[[-78.498,40.05],[-78.513,40.05]],[[-78.513,40.05],[-78.828,40.057],[-78.888,39.986],[-78.918,39.973],[-79.043,40.003]],[[-76.662,39.722],[-76.704,39.92],[-76.681,39.953],[-76.693,39.975],[-76.733,39.994],[-76.764,40.095],[-76.838,40.199]],[[-76.838,40.199],[-76.841,40.204]],[[-82.608,35.557],[-82.497,35.564]],[[-82.497,35.564],[-82.275,35.627],[-82.045,35.648],[-82.004,35.625],[-81.946,35.665],[-81.856,35.691],[-81.625,35.729],[-81.186,35.71],[-80.941,35.795],[-80.852,35.809]],[[-80.852,35.809],[-80.844,35.811]],[[-80.3,35.793],[-80.184,35.797],[-80.133,35.837],[-80.008,35.872],[-79.909,35.934],[-79.883,35.988],[-79.849,36.009]],[[-79.849,36.009],[-79.812,36.031]],[[-80.295,35.797],[-80.364,35.762],[-80.42,35.689],[-80.548,35.576],[-80.594,35.451],[-80.698,35.408],[-80.783,35.288],[-80.852,35.272]],[[-80.918,36.948],[-80.873,36.898],[-80.823,36.771],[-80.743,36.731],[-80.71,36.657]],[[-85.352,32.643],[-85.574,32.536],[-85.701,32.452],[-85.901,32.431],[-86.241,32.329]],[[-84.944,33.062],[-84.968,33.027],[-85.083,32.968],[-85.185,32.857]],[[-85.185,32.857],[-85.352,32.643]],[[-88.337,36.988],[-88.25,37.047],[-88.096,37.087]],[[-87.458,36.707],[-87.642,36.818],[-87.773,36.919],[-87.931,36.988],[-88.087,37.08]],[[-88.285,40.147],[-88.304,40.119]],[[-88.304,40.119],[-88.301,39.916],[-88.268,39.89],[-88.288,39.649],[-88.32,39.584],[-88.335,39.468],[-88.379,39.421],[-88.391,39.359],[-88.473,39.274],[-88.522,39.152]],[[-88.522,39.152],[-88.523,39.15]],[[-89.593,39.801],[-89.532,39.836],[-89.311,39.85],[-89.08,39.841],[-88.999,39.902],[-88.87,39.928],[-88.816,39.984],[-88.761,40.012],[-88.596,40.038],[-88.457,40.121],[-88.304,40.119]],[[-92.232,34.781],[-91.942,34.805],[-91.696,34.802],[-91.352,34.849],[-91.201,34.909],[-90.784,35.019],[-90.718,35.024],[-90.668,35.071],[-90.473,35.134],[-90.299,35.147],[-90.192,35.173]],[[-84.254,35.872],[-84.305,35.852],[-84.352,35.87],[-84.407,35.846],[-84.59,35.91],[-84.689,35.884],[-84.718,35.898],[-84.791,35.903],[-84.814,35.889],[-84.878,35.901],[-84.942,35.953],[-85.13,36.037],[-85.182,36.045],[-85.281,36.137],[-85.302,36.141],[-85.354,36.13],[-85.394,36.146],[-85.611,36.142],[-85.734,36.113],[-85.961,36.181],[-86.113,36.17],[-86.208,36.195],[-86.727,36.148]],[[-90.405,38.199],[-90.405,38.317],[-90.381,38.362],[-90.379,38.452],[-90.331,38.51]],[[-90.331,38.51],[-90.197,38.626]],[[-89.541,36.872],[-89.541,37.195],[-89.688,37.497],[-89.77,37.596],[-89.836,37.631],[-89.964,37.808],[-90.214,37.987],[-90.405,38.199]],[[-93.241,37.245],[-93.054,37.278],[-92.974,37.304],[-92.922,37.341],[-92.828,37.532],[-92.8,37.563],[-92.712,37.603],[-92.555,37.754],[-92.321,37.778],[-92.119,37.827],[-92.022,37.87],[-91.941,37.936],[-91.814,37.942],[-91.772,37.969],[-91.439,38.063],[-91.185,38.195],[-91.095,38.299],[-90.97,38.369],[-90.918,38.431],[-90.836,38.487],[-90.647,38.516],[-90.577,38.503],[-90.47,38.542],[-90.419,38.538]],[[-90.419,38.538],[-90.405,38.537]],[[-93.576,41.644],[-93.382,41.686],[-93.175,41.701],[-93.127,41.686],[-92.359,41.686],[-92.152,41.7],[-91.942,41.68],[-91.63,41.686]],[[-92.967,44.951],[-92.967,44.95]],[[-92.967,44.95],[-93.009,44.881],[-93.125,44.864],[-93.281,44.746]],[[-90.442,43.988],[-90.128,43.87],[-90.049,43.796],[-89.937,43.747],[-89.817,43.662],[-89.78,43.582],[-89.548,43.521],[-89.494,43.471]],[[-87.728,44.15],[-87.738,44.074],[-87.827,43.959],[-87.813,43.698],[-87.83,43.591],[-87.804,43.549],[-87.839,43.499],[-87.849,43.441],[-87.924,43.377],[-87.926,43.21],[-87.943,43.124],[-87.931,42.966]],[[-88.037,44.499],[-87.95,44.457],[-87.88,44.398],[-87.846,44.341],[-87.794,44.311],[-87.785,44.245],[-87.735,44.199],[-87.728,44.15]],[[-89.49,43.459],[-89.48,43.478],[-89.494,43.559],[-89.461,43.605],[-89.461,43.683],[-89.485,43.752],[-89.482,43.938],[-89.541,44.082],[-89.521,44.136],[-89.523,44.421],[-89.692,44.761],[-89.634,44.878]],[[-96.376,42.441],[-96.36,42.384],[-96.282,42.267],[-96.233,42.162],[-96.101,41.983],[-96.1,41.865],[-96.048,41.799],[-96.037,41.686],[-95.931,41.575],[-95.907,41.489]],[[-91.63,41.686],[-91.67,42.012],[-91.722,42.118],[-91.987,42.32],[-92.1,42.359],[-92.198,42.441],[-92.253,42.464]],[[-94.288,45.518],[-94.254,45.499],[-94.156,45.499],[-94.108,45.435],[-94.014,45.397],[-93.99,45.364],[-93.783,45.305],[-93.724,45.258],[-93.561,45.192],[-93.497,45.124],[-93.423,45.088]],[[-97.642,38.878],[-97.352,38.926],[-97.112,38.947],[-97.018,38.987],[-96.767,39.025],[-96.714,39.065],[-96.035,39.069],[-95.865,39.06],[-95.723,39.027]],[[-84.254,35.872],[-84.348,35.792],[-84.544,35.561],[-84.708,35.424],[-84.756,35.345],[-84.826,35.302],[-84.886,35.194]],[[-82.754,30.266],[-82.624,30.242],[-82.474,30.259],[-82.285,30.245],[-82.061,30.295],[-81.769,30.318]],[[-81.769,30.318],[-81.674,30.318]],[[-81.094,29.147],[-81.167,29.099],[-81.215,29.043],[-81.295,28.87],[-81.339,28.809]],[[-80.833,28.448],[-80.866,28.675],[-80.924,28.875],[-80.97,28.958],[-81.007,29.069],[-81.078,29.154]],[[-81.078,29.154],[-81.082,29.16]],[[-84.247,30.504],[-84.176,30.504],[-84.117,30.483],[-83.978,30.497],[-83.89,30.476]],[[-91.123,30.391],[-91.031,30.346],[-90.978,30.242],[-90.926,30.186],[-90.697,30.127],[-90.438,30.089]],[[-90.209,32.28],[-90.407,31.907],[-90.487,31.537]],[[-90.213,32.275],[-90.376,32.353],[-90.445,32.367],[-90.635,32.353],[-90.758,32.365],[-90.819,32.343]],[[-90.968,32.317],[-91.095,32.345],[-91.199,32.397]],[[-90.968,32.317],[-90.907,32.317],[-90.819,32.343]],[[-92.423,35.107],[-92.425,34.991],[-92.409,34.936],[-92.336,34.835],[-92.246,34.8],[-92.232,34.781]],[[-94.252,35.49],[-94.17,35.495],[-94.099,35.528],[-93.952,35.526],[-93.719,35.514],[-93.479,35.47],[-93.413,35.441],[-93.333,35.354],[-93.184,35.33],[-93.076,35.264],[-92.88,35.246],[-92.746,35.172],[-92.594,35.167],[-92.5,35.123],[-92.423,35.107]],[[-94.325,35.472],[-94.44,35.467]],[[-94.224,36.422],[-94.177,36.375],[-94.182,36.295],[-94.155,36.281],[-94.153,36.262],[-94.181,36.196],[-94.169,36.111],[-94.2,36.078],[-94.188,36.037],[-94.172,36.03],[-94.165,35.978],[-94.202,35.604],[-94.224,35.561],[-94.222,35.524]],[[-94.999,33.171],[-94.927,33.195],[-94.787,33.286],[-94.695,33.308],[-94.591,33.399],[-94.441,33.475],[-94.068,33.454]],[[-93.747,32.497],[-93.76,32.259],[-93.629,32.145],[-93.547,32.023],[-93.455,31.971],[-93.406,31.914],[-93.307,31.864],[-93.146,31.737],[-93.092,31.648],[-92.974,31.539],[-92.779,31.457],[-92.647,31.369],[-92.503,31.329],[-92.434,31.29]],[[-99.443,27.767],[-99.422,27.772],[-99.271,28.319],[-99.271,28.387],[-99.21,28.514],[-99.118,28.897],[-99.057,29.015],[-98.946,29.087],[-98.778,29.24],[-98.594,29.307]],[[-100.643,30.578],[-100.512,30.563],[-100.243,30.441],[-99.915,30.53],[-99.835,30.54],[-99.781,30.523],[-99.682,30.424],[-99.615,30.391],[-99.521,30.288],[-99.385,30.21],[-99.278,30.177],[-99.167,30.103],[-99.054,30.07],[-98.901,29.988],[-98.755,29.821],[-98.748,29.787],[-98.668,29.721],[-98.602,29.593]],[[-97.157,33.638],[-97.173,33.571],[-97.164,33.473],[-97.185,33.388],[-97.171,33.213]],[[-97.187,34.507],[-97.136,34.395],[-97.156,34.263],[-97.133,33.94],[-97.14,33.755],[-97.152,33.736]],[[-97.496,35.392],[-97.475,35.163],[-97.376,35.035],[-97.355,34.906],[-97.303,34.776],[-97.235,34.696],[-97.208,34.557],[-97.185,34.515]],[[-97.31,37.608],[-97.327,37.533],[-97.317,37.346],[-97.338,37.316],[-97.336,37.091]],[[-97.336,37.091],[-97.343,37.0]],[[-106.337,42.847],[-106.337,43.167],[-106.398,43.254],[-106.408,43.297],[-106.387,43.452],[-106.441,43.487],[-106.493,43.565],[-106.644,43.671],[-106.613,43.815],[-106.65,43.959],[-106.636,44.126],[-106.681,44.232],[-106.688,44.372]],[[-105.203,42.658],[-105.258,42.7],[-105.41,42.762],[-105.625,42.792],[-105.781,42.837],[-106.151,42.86],[-106.28,42.847],[-106.337,42.847]],[[-104.852,41.116],[-104.762,41.116],[-104.619,41.161],[-104.241,41.149],[-104.124,41.158],[-104.093,41.175]],[[-104.093,41.16],[-104.003,41.182],[-103.659,41.208]],[[-100.771,41.102],[-100.934,41.133],[-101.08,41.139],[-101.221,41.14],[-101.32,41.109],[-101.468,41.095],[-101.546,41.116],[-101.723,41.114]],[[-103.659,41.208],[-103.451,41.236],[-103.248,41.22],[-103.133,41.192],[-102.992,41.109],[-102.553,41.109],[-102.348,41.05],[-102.18,41.026]],[[-102.18,41.026],[-102.172,41.028]],[[-102.172,41.028],[-101.813,41.104],[-101.723,41.107]],[[-100.771,41.102],[-100.643,41.097],[-100.294,40.981],[-100.049,40.883],[-99.846,40.777],[-99.592,40.687],[-99.069,40.668],[-98.715,40.717],[-98.458,40.819],[-98.387,40.816]],[[-103.178,40.635],[-102.942,40.781],[-102.638,40.857],[-102.459,40.927],[-102.32,40.941],[-102.172,41.028]],[[-102.172,41.028],[-102.166,41.033]],[[-104.982,39.821],[-104.817,39.914],[-104.595,40.109],[-104.52,40.111],[-104.456,40.157],[-104.324,40.171],[-104.029,40.258],[-103.933,40.253],[-103.859,40.283],[-103.63,40.277],[-103.55,40.298],[-103.36,40.408],[-103.279,40.472],[-103.185,40.635]],[[-104.415,36.891],[-104.447,36.835],[-104.444,36.776],[-104.531,36.592],[-104.54,36.537],[-104.607,36.474],[-104.607,36.347],[-104.682,36.139],[-104.691,36.024],[-104.868,35.863],[-104.935,35.846],[-105.019,35.752],[-105.177,35.67],[-105.295,35.413],[-105.319,35.397],[-105.441,35.399],[-105.58,35.427],[-105.677,35.474],[-105.696,35.538],[-105.766,35.59],[-105.819,35.552],[-105.877,35.556]],[[-106.901,34.046],[-106.886,33.907],[-106.903,33.848],[-106.976,33.765],[-107.125,33.64],[-107.289,33.34],[-107.259,33.249],[-107.256,33.175],[-107.309,33.103],[-107.318,32.918],[-107.287,32.813],[-107.176,32.701],[-106.985,32.661],[-106.868,32.447],[-106.769,32.351]],[[-114.443,42.653],[-114.482,42.662],[-114.554,42.726],[-114.721,42.78],[-114.869,42.891],[-114.959,42.927],[-115.075,42.953],[-115.289,42.95],[-115.381,42.971],[-115.491,42.973],[-115.576,43.038],[-115.595,43.082],[-115.657,43.144]],[[-97.095,47.934],[-97.095,47.996],[-97.192,48.104],[-97.192,48.517],[-97.175,48.537],[-97.189,48.554],[-97.192,48.707],[-97.239,48.804],[-97.237,48.879],[-97.256,48.943],[-97.246,49.035]],[[-67.83,46.142],[-68.068,46.15],[-68.21,46.091],[-68.274,46.038],[-68.312,45.966],[-68.425,45.86],[-68.436,45.772],[-68.54,45.583],[-68.545,45.524],[-68.594,45.449],[-68.604,45.369],[-68.63,45.357],[-68.672,45.294],[-68.686,45.232]],[[-68.774,44.82],[-68.771,44.823]],[[-68.771,44.823],[-68.717,44.867],[-68.708,45.143],[-68.686,45.232]],[[-73.187,44.454],[-73.159,44.494],[-73.158,44.577],[-73.126,44.61],[-73.118,44.667],[-73.064,44.753],[-73.065,44.832],[-73.092,44.865],[-73.114,44.949],[-73.079,45.023]],[[-73.456,45.008],[-73.446,44.756],[-73.507,44.629],[-73.501,44.397],[-73.567,44.278],[-73.562,44.188],[-73.724,43.997],[-73.762,43.851],[-73.823,43.74],[-73.814,43.691],[-73.732,43.603],[-73.745,43.469],[-73.708,43.363]],[[-84.385,46.361],[-84.405,46.333],[-84.534,46.269],[-84.576,46.166],[-84.749,45.998],[-84.761,45.949],[-84.735,45.871]],[[-104.826,31.037],[-104.875,31.032],[-105.054,31.08],[-105.432,31.188],[-105.483,31.216],[-105.641,31.171],[-105.713,31.183],[-105.795,31.238],[-105.807,31.285],[-105.917,31.382],[-106.116,31.508],[-106.275,31.692]],[[-107.184,44.921],[-107.033,44.905],[-107.006,44.888],[-106.979,44.841],[-106.943,44.822],[-106.915,44.707],[-106.818,44.56],[-106.806,44.494],[-106.688,44.372]],[[-107.436,45.579],[-107.381,45.485],[-107.358,45.371],[-107.344,45.263],[-107.365,45.228],[-107.377,45.147],[-107.346,45.098],[-107.339,45.041],[-107.269,44.964],[-107.179,44.921]],[[-109.815,38.94],[-109.984,38.921],[-110.121,38.996],[-110.251,38.989]],[[-109.345,35.214],[-109.26,35.281],[-109.168,35.29],[-109.062,35.344]],[[-109.069,35.34],[-109.01,35.384],[-108.937,35.47],[-108.754,35.523]],[[-110.161,34.906],[-110.084,34.97],[-109.878,35.003],[-109.683,35.094],[-109.598,35.104],[-109.449,35.191],[-109.345,35.214]],[[-108.754,35.523],[-108.702,35.535],[-108.607,35.526],[-108.556,35.502],[-108.454,35.484],[-108.332,35.425],[-108.037,35.363],[-108.004,35.34],[-107.981,35.264],[-107.891,35.154],[-107.744,35.068],[-107.69,35.061],[-107.627,35.087],[-107.533,35.078],[-107.462,35.021],[-107.408,35.015],[-107.351,35.031],[-107.313,34.996],[-107.184,35.0],[-107.122,34.982],[-106.974,35.036],[-106.759,35.074],[-106.691,35.121],[-106.624,35.118]],[[-106.624,35.118],[-106.587,35.107]],[[-104.788,47.086],[-104.765,47.109],[-104.654,47.125],[-104.39,47.048],[-104.298,47.007],[-104.164,46.993],[-104.086,46.951],[-104.008,46.934],[-103.732,46.958],[-103.532,46.934],[-103.399,46.892],[-103.19,46.897]],[[-104.771,47.092],[-104.878,46.961],[-105.092,46.885],[-105.135,46.84],[-105.342,46.762],[-105.616,46.56],[-105.796,46.453]],[[-105.796,46.453],[-105.8,46.451]],[[-105.79,46.463],[-105.796,46.453]],[[-105.796,46.453],[-105.878,46.376],[-105.965,46.329],[-106.021,46.31],[-106.132,46.31],[-106.238,46.267],[-106.835,46.248],[-107.221,46.253],[-107.302,46.163],[-107.487,46.142],[-107.983,45.972],[-108.223,45.92],[-108.39,45.831]],[[-115.657,43.144],[-115.761,43.186],[-116.114,43.474],[-116.15,43.514],[-116.178,43.584],[-116.284,43.599]],[[-116.284,43.599],[-116.34,43.601]],[[-108.765,45.669],[-108.48,45.796]],[[-110.581,45.642],[-110.44,45.715],[-110.269,45.692],[-110.262,45.722],[-110.236,45.739],[-110.081,45.777],[-109.923,45.84],[-109.873,45.824],[-109.718,45.725],[-109.522,45.708],[-109.447,45.682],[-109.381,45.685],[-109.327,45.654],[-109.11,45.596],[-108.928,45.624],[-108.765,45.669]],[[-111.996,46.592],[-112.029,46.753],[-112.029,46.79],[-112.003,46.819],[-112.01,46.838],[-112.023,46.856],[-112.113,46.88],[-112.137,46.911],[-112.139,46.944],[-112.102,46.968],[-112.082,47.01],[-112.0,47.052],[-111.934,47.116],[-111.851,47.139],[-111.792,47.208],[-111.719,47.25],[-111.68,47.307],[-111.587,47.364],[-111.535,47.42],[-111.364,47.469],[-111.335,47.517]],[[-112.649,46.008],[-112.717,46.024],[-112.797,46.1],[-112.752,46.253],[-112.748,46.354],[-112.721,46.453],[-112.733,46.493],[-112.785,46.522]],[[-112.649,46.008],[-112.674,45.937],[-112.686,45.817],[-112.724,45.76],[-112.681,45.664],[-112.675,45.603],[-112.712,45.532],[-112.721,45.44],[-112.71,45.385],[-112.651,45.286],[-112.637,45.225],[-112.827,45.051],[-112.856,44.982],[-112.823,44.876],[-112.693,44.714],[-112.549,44.61],[-112.328,44.568]],[[-112.323,44.565],[-112.243,44.501],[-112.196,44.397],[-112.196,44.332],[-112.233,44.216],[-112.241,44.131],[-112.222,43.948],[-112.194,43.841]],[[-112.359,43.203],[-112.418,43.11],[-112.467,42.913]],[[-110.251,38.989],[-110.371,38.928],[-110.435,38.921],[-110.484,38.94],[-110.52,38.905],[-110.649,38.89],[-110.692,38.867],[-110.849,38.871],[-110.899,38.846],[-110.922,38.857],[-110.97,38.843],[-111.04,38.848],[-111.168,38.812],[-111.245,38.81],[-111.311,38.777],[-111.416,38.754],[-111.475,38.765],[-111.529,38.808],[-111.536,38.848],[-111.561,38.878],[-111.635,38.905],[-111.859,38.933],[-111.889,38.897],[-112.005,38.859],[-112.095,38.787],[-112.142,38.699],[-112.222,38.636],[-112.252,38.584],[-112.457,38.574],[-112.507,38.607],[-112.557,38.608],[-112.615,38.577]],[[-114.9,36.386],[-114.836,36.474],[-114.714,36.535],[-114.577,36.651],[-114.518,36.667],[-114.454,36.729],[-114.303,36.783],[-114.192,36.768],[-114.108,36.808],[-114.04,36.813],[-113.962,36.879],[-113.841,36.92],[-113.764,36.971],[-113.631,36.986],[-113.599,37.047]],[[-114.893,36.386],[-114.926,36.323],[-115.026,36.283]],[[-114.594,34.814],[-114.574,34.762],[-114.513,34.713],[-114.242,34.739],[-114.186,34.772],[-114.146,34.817],[-114.153,34.92],[-114.115,35.111],[-114.069,35.196]],[[-114.069,35.196],[-114.068,35.198]],[[-114.072,35.194],[-114.069,35.196]],[[-114.069,35.196],[-113.997,35.215],[-113.691,35.161]],[[-114.605,32.699],[-114.563,32.673],[-114.167,32.655],[-113.952,32.702],[-113.75,32.72],[-113.485,32.822],[-112.745,32.945]],[[-114.752,34.88],[-114.923,34.859],[-115.03,34.828],[-115.39,34.795],[-115.588,34.729],[-115.737,34.715],[-115.883,34.738],[-116.031,34.713],[-116.077,34.729],[-116.256,34.731],[-116.366,34.774],[-116.602,34.821],[-116.941,34.863],[-117.008,34.887]],[[-116.986,34.92],[-116.908,34.899],[-116.769,34.915],[-116.367,35.088],[-116.256,35.104],[-116.156,35.189],[-116.121,35.201],[-116.088,35.252],[-115.909,35.368],[-115.586,35.472],[-115.451,35.469],[-115.393,35.611]],[[-113.691,35.161],[-113.585,35.158],[-113.467,35.187],[-113.342,35.187],[-113.089,35.285],[-112.919,35.323],[-112.86,35.318],[-112.632,35.238],[-112.457,35.223]],[[-117.734,33.644],[-117.668,33.591],[-117.672,33.539],[-117.632,33.452],[-117.46,33.317],[-117.343,33.176]],[[-117.343,33.176],[-117.265,33.029],[-117.244,32.951],[-117.132,32.772]],[[-117.132,32.772],[-117.132,32.772]],[[-116.798,47.706],[-116.968,47.724],[-117.205,47.647],[-117.42,47.635]],[[-117.47,47.637],[-117.569,47.588],[-117.844,47.408],[-117.943,47.317],[-118.229,47.212],[-118.351,47.128],[-118.401,47.116]],[[-117.745,40.967],[-117.746,40.965]],[[-117.746,40.965],[-117.765,40.944],[-117.939,40.875],[-118.064,40.694],[-118.26,40.606],[-118.29,40.524],[-118.286,40.402],[-118.311,40.336],[-118.472,40.168],[-118.644,40.072],[-118.703,39.953],[-118.745,39.939]],[[-114.956,41.1],[-115.009,41.113],[-115.152,41.087],[-115.273,41.083],[-115.4,41.029],[-115.466,40.955],[-115.643,40.951],[-115.68,40.937],[-115.753,40.859],[-115.942,40.764],[-115.987,40.718],[-116.041,40.739],[-116.338,40.64],[-116.437,40.659],[-116.484,40.691],[-116.562,40.694],[-116.734,40.666],[-116.8,40.618],[-116.843,40.607],[-116.935,40.625],[-117.173,40.823],[-117.302,40.908],[-117.467,40.932],[-117.587,41.017],[-117.746,40.965]],[[-117.746,40.965],[-117.746,40.965]],[[-119.243,39.604],[-119.15,39.663],[-118.986,39.817],[-118.745,39.939]],[[-121.926,37.7],[-121.876,37.586],[-121.928,37.507]],[[-121.928,37.507],[-121.919,37.476],[-121.878,37.44],[-121.846,37.342]],[[-118.804,45.662],[-118.712,45.659],[-118.59,45.583],[-118.476,45.596],[-118.453,45.579],[-118.462,45.544],[-118.312,45.385],[-118.18,45.339],[-118.108,45.348],[-118.054,45.329],[-118.019,45.263],[-118.021,45.206],[-117.96,45.161],[-117.965,45.133],[-117.922,45.015],[-117.816,44.914],[-117.805,44.751],[-117.661,44.678],[-117.522,44.643],[-117.422,44.561],[-117.331,44.466],[-117.269,44.32],[-117.224,44.296],[-117.112,44.146],[-116.953,44.025]],[[-112.781,46.524],[-112.84,46.527],[-112.931,46.597],[-113.174,46.658],[-113.28,46.722],[-113.443,46.698],[-113.552,46.736],[-113.665,46.732],[-113.754,46.81],[-113.841,46.829],[-113.886,46.875],[-114.004,46.864]],[[-114.143,46.953],[-114.04,46.902],[-114.007,46.864]],[[-115.683,47.453],[-115.633,47.418],[-115.562,47.423],[-115.36,47.378],[-115.204,47.3],[-115.081,47.293],[-115.036,47.236],[-114.956,47.229],[-114.865,47.184],[-114.789,47.126],[-114.723,47.031],[-114.57,47.007],[-114.532,47.021],[-114.476,47.0],[-114.442,47.001],[-114.369,47.045],[-114.317,47.045],[-114.188,46.998],[-114.143,46.953]],[[-116.798,47.689],[-116.687,47.632],[-116.526,47.62],[-116.367,47.55],[-116.11,47.548],[-115.893,47.472],[-115.668,47.453]],[[-118.401,47.116],[-118.939,47.078],[-119.684,47.111],[-119.848,47.088],[-119.891,47.069],[-119.95,47.021],[-119.945,46.965],[-119.981,46.928],[-120.389,46.975],[-120.508,46.97]],[[-121.506,38.569],[-121.506,38.572]],[[-121.506,38.572],[-121.503,38.6],[-121.537,38.664],[-121.734,38.671],[-121.926,38.833]],[[-122.147,39.171],[-122.173,39.215],[-122.195,39.485],[-122.215,39.532],[-122.199,39.953],[-122.223,40.182]],[[-119.999,39.498],[-119.981,39.52],[-119.783,39.532]],[[-121.259,38.754],[-121.127,38.881],[-121.07,38.902],[-120.969,39.044],[-120.94,39.131],[-120.794,39.202],[-120.697,39.291],[-120.574,39.329],[-120.528,39.305],[-120.336,39.345],[-120.204,39.326],[-120.099,39.385],[-120.035,39.373],[-120.021,39.388],[-120.03,39.43],[-120.006,39.451],[-119.997,39.499]],[[-67.781,46.142],[-67.83,46.142]],[[-122.19,47.976],[-122.267,47.831]],[[-122.176,47.58],[-122.192,47.776],[-122.267,47.831]],[[-122.192,47.507],[-122.176,47.58]],[[-122.176,47.58],[-122.176,47.58]],[[-122.194,47.503],[-122.192,47.507]],[[-122.322,47.592],[-122.322,47.594]],[[-122.322,47.594],[-122.329,47.75],[-122.308,47.804],[-122.267,47.831]],[[-122.272,47.462],[-122.202,47.469],[-122.194,47.503]],[[-122.459,47.225],[-122.43,47.229]],[[-122.43,47.229],[-122.333,47.25],[-122.298,47.312],[-122.291,47.413],[-122.274,47.429],[-122.272,47.462]],[[-122.479,47.163],[-122.459,47.225]],[[-122.479,47.163],[-122.586,47.106],[-122.907,47.029]],[[-111.958,49.0],[-111.92,48.898],[-111.866,48.84],[-111.863,48.538],[-111.878,48.509]],[[-68.778,44.829],[-68.771,44.823]],[[-68.771,44.823],[-68.743,44.796]],[[-117.442,47.639],[-117.47,47.637]],[[-117.42,47.635],[-117.442,47.639]],[[-122.875,46.55],[-122.902,46.597],[-122.977,46.661],[-122.977,46.748],[-123.003,46.791],[-122.906,47.029]],[[-121.865,47.509],[-121.534,47.397],[-121.457,47.403],[-121.423,47.422],[-121.358,47.345],[-121.27,47.274],[-121.233,47.272],[-121.16,47.222],[-121.042,47.185],[-120.931,47.203],[-120.829,47.152],[-120.73,47.071],[-120.643,47.043],[-120.549,46.97],[-120.513,46.97]],[[-69.818,44.219],[-69.813,44.334],[-69.71,44.449],[-69.664,44.565],[-69.466,44.692],[-69.386,44.798],[-69.283,44.824],[-69.158,44.789],[-68.891,44.766],[-68.844,44.782],[-68.809,44.825],[-68.778,44.829]],[[-120.308,46.42],[-120.341,46.423],[-120.471,46.522],[-120.483,46.599],[-120.508,46.628]],[[-111.878,48.509],[-111.897,48.417],[-111.932,48.342],[-111.915,48.151],[-111.825,48.019],[-111.715,47.918],[-111.705,47.854],[-111.668,47.818],[-111.663,47.72],[-111.529,47.559]],[[-111.529,47.559],[-111.335,47.517]],[[-122.645,45.716],[-122.718,45.876],[-122.852,46.015],[-122.897,46.145],[-122.881,46.246],[-122.913,46.303],[-122.875,46.484],[-122.875,46.55]],[[-70.011,43.922],[-69.952,43.969],[-69.818,44.219]],[[-72.09,45.004],[-72.173,44.93],[-72.218,44.773],[-72.182,44.716],[-72.147,44.697],[-72.119,44.615],[-72.046,44.575],[-71.997,44.525],[-72.044,44.478],[-72.029,44.417]],[[-122.645,45.716],[-122.666,45.617]],[[-119.202,46.163],[-119.339,46.208],[-119.367,46.253],[-119.403,46.265],[-119.455,46.248],[-119.571,46.263],[-119.714,46.218],[-119.842,46.239],[-119.94,46.27],[-119.997,46.31],[-120.198,46.359],[-120.247,46.399],[-120.31,46.42]],[[-71.899,44.336],[-71.94,44.424],[-71.982,44.412],[-72.018,44.414]],[[-72.018,44.414],[-72.025,44.414]],[[-122.645,45.716],[-122.572,45.65],[-122.557,45.591]],[[-122.666,45.617],[-122.677,45.517]],[[-122.557,45.591],[-122.557,45.536]],[[-122.557,45.536],[-122.557,45.531]],[[-122.677,45.517],[-122.557,45.531]],[[-122.677,45.517],[-122.689,45.482],[-122.746,45.442],[-122.746,45.372]],[[-122.557,45.531],[-122.564,45.404],[-122.595,45.353],[-122.617,45.345],[-122.746,45.372]],[[-119.2,46.159],[-119.217,46.041],[-119.339,45.961],[-119.33,45.914]],[[-69.818,44.219],[-69.901,44.155],[-70.051,44.12],[-70.157,44.067],[-70.197,44.07],[-70.31,44.008],[-70.343,43.886],[-70.318,43.801],[-70.315,43.709],[-70.346,43.632]],[[-70.346,43.632],[-70.327,43.627],[-70.275,43.66],[-70.25,43.724],[-70.157,43.832],[-70.056,43.907],[-70.011,43.922]],[[-121.143,45.605],[-121.183,45.598],[-121.216,45.614],[-121.218,45.657],[-121.305,45.685],[-121.468,45.692],[-121.549,45.716],[-121.734,45.687],[-121.85,45.687],[-121.935,45.635],[-122.088,45.598],[-122.223,45.546]],[[-121.14,45.603],[-121.084,45.643],[-120.919,45.635],[-120.818,45.673]],[[-119.33,45.913],[-119.386,45.793]],[[-120.818,45.675],[-120.61,45.742],[-120.49,45.695],[-120.4,45.692],[-120.181,45.728],[-120.136,45.768],[-119.987,45.81],[-119.693,45.848],[-119.386,45.798]],[[-84.343,46.505],[-84.385,46.361]],[[-119.386,45.793],[-119.087,45.741],[-118.804,45.662]],[[-92.128,46.779],[-92.163,46.744],[-92.211,46.73]],[[-72.39,43.645],[-72.364,43.627]],[[-123.06,44.629],[-123.043,44.768],[-123.006,44.838],[-122.991,45.023],[-122.798,45.246],[-122.777,45.284],[-122.774,45.339],[-122.746,45.372]],[[-96.846,46.899],[-96.944,47.047],[-97.077,47.406],[-97.095,47.5],[-97.084,47.573],[-97.095,47.934]],[[-92.215,46.73],[-92.309,46.706],[-92.423,46.704],[-92.47,46.668]],[[-96.843,46.847],[-96.846,46.899]],[[-96.843,46.847],[-96.76,46.845]],[[-98.713,46.883],[-97.68,46.922],[-97.611,46.875],[-96.952,46.878],[-96.907,46.85],[-96.843,46.847]],[[-84.739,45.874],[-84.734,45.847]],[[-100.288,46.836],[-100.175,46.866],[-99.946,46.861],[-99.49,46.887],[-99.424,46.875],[-99.036,46.894],[-98.713,46.883]],[[-100.773,46.831],[-100.288,46.836]],[[-100.773,46.831],[-100.839,46.821],[-100.95,46.862],[-101.952,46.868],[-102.213,46.852],[-102.336,46.875],[-103.19,46.897]],[[-84.734,45.847],[-84.735,45.788]],[[-84.735,45.788],[-84.732,45.742]],[[-70.896,42.86],[-70.858,42.959]],[[-111.996,46.592],[-111.934,46.538],[-112.064,46.321],[-112.156,46.234],[-112.186,46.258],[-112.238,46.269],[-112.339,46.267],[-112.337,46.177],[-112.408,46.104],[-112.481,45.982]],[[-112.649,46.008],[-112.481,45.982]],[[-71.478,43.049],[-71.494,43.125],[-71.537,43.17]],[[-71.232,42.747],[-71.424,42.985]],[[-70.902,42.851],[-71.093,42.802],[-71.148,42.742],[-71.143,42.677],[-71.193,42.667]],[[-71.193,42.667],[-71.232,42.747]],[[-71.001,42.512],[-70.978,42.519],[-70.961,42.578],[-70.978,42.665],[-70.896,42.86]],[[-71.117,42.502],[-71.104,42.503]],[[-71.104,42.503],[-71.079,42.524],[-71.001,42.512]],[[-71.06,42.367],[-71.104,42.503]],[[-71.104,42.503],[-71.183,42.603],[-71.193,42.667]],[[-71.193,42.667],[-71.301,42.617],[-71.395,42.594],[-71.516,42.514]],[[-112.481,45.982],[-112.445,45.925],[-112.102,45.878],[-111.87,45.876],[-111.769,45.914],[-111.581,45.918],[-111.246,45.81],[-111.199,45.768],[-110.934,45.638],[-110.816,45.669],[-110.781,45.654],[-110.644,45.661],[-110.581,45.643]],[[-108.48,45.796],[-108.39,45.831]],[[-72.558,42.729],[-72.558,42.696],[-72.593,42.629]],[[-72.479,43.132],[-72.459,43.094],[-72.472,43.004],[-72.487,42.979],[-72.536,42.957],[-72.534,42.903],[-72.574,42.867],[-72.558,42.731]],[[-72.324,43.629],[-72.325,43.627]],[[-72.325,43.627],[-72.333,43.603],[-72.4,43.57],[-72.419,43.532],[-72.428,43.462],[-72.402,43.4],[-72.418,43.323],[-72.409,43.287],[-72.43,43.235],[-72.473,43.184],[-72.48,43.136]],[[-71.27,42.332],[-71.271,42.336]],[[-71.271,42.336],[-71.251,42.469],[-71.117,42.502]],[[-96.843,46.847],[-96.826,46.581],[-96.843,45.937]],[[-71.131,42.201],[-71.06,42.207],[-71.02,42.228]],[[-71.131,42.201],[-71.211,42.233],[-71.221,42.281],[-71.27,42.332]],[[-71.272,42.336],[-71.358,42.311],[-71.435,42.309],[-71.562,42.259]],[[-71.516,42.514],[-71.603,42.41],[-71.597,42.36]],[[-71.597,42.36],[-71.562,42.259]],[[-96.76,46.845],[-96.628,46.842],[-96.602,46.793],[-96.393,46.659],[-96.209,46.418],[-96.131,46.343],[-96.121,46.282],[-95.914,46.126],[-95.834,46.036],[-95.617,45.951],[-95.495,45.881],[-95.358,45.836],[-95.146,45.833],[-94.952,45.723]],[[-107.436,45.579],[-107.46,45.64],[-107.584,45.744],[-107.849,45.749],[-107.917,45.779],[-108.232,45.791],[-108.39,45.831]],[[-73.842,42.696],[-73.84,42.698]],[[-73.84,42.698],[-73.767,42.762]],[[-73.767,42.762],[-73.783,42.88],[-73.812,42.919],[-73.805,43.007],[-73.75,43.07],[-73.758,43.101],[-73.712,43.184],[-73.679,43.297],[-73.708,43.363]],[[-73.927,42.75],[-74.017,42.792]],[[-74.02,42.793],[-74.007,42.841]],[[-71.562,42.259],[-71.631,42.228],[-71.848,42.188]],[[-71.713,42.518],[-71.723,42.471],[-71.782,42.436],[-71.81,42.399],[-71.813,42.363],[-71.784,42.29]],[[-71.784,42.29],[-71.786,42.278]],[[-71.284,42.021],[-71.235,42.069],[-71.199,42.139],[-71.131,42.201]],[[-71.562,42.259],[-71.523,42.172],[-71.414,42.064],[-71.362,42.035],[-71.284,42.021]],[[-94.952,45.723],[-94.822,45.668],[-94.705,45.659],[-94.608,45.624],[-94.469,45.6],[-94.382,45.598],[-94.288,45.518]],[[-71.284,42.021],[-71.126,41.958],[-71.056,41.946],[-70.73,41.783]],[[-72.07,42.132],[-71.848,42.188]],[[-74.005,42.835],[-74.007,42.841]],[[-74.007,42.841],[-74.085,42.891],[-74.222,42.933],[-74.356,42.948],[-74.457,42.894],[-74.509,42.894],[-74.604,42.913],[-74.67,42.986],[-74.726,42.988],[-74.785,43.012],[-74.875,43.006],[-74.988,43.018],[-75.04,43.014]],[[-75.04,43.014],[-75.042,43.014]],[[-75.981,44.299],[-75.875,44.157],[-75.914,44.086],[-75.915,44.006],[-75.945,43.988],[-76.019,43.881],[-76.077,43.738],[-76.075,43.657],[-76.124,43.506],[-76.115,43.377],[-76.132,43.256],[-76.111,43.146]],[[-76.111,43.146],[-76.164,43.096]],[[-73.784,42.514],[-73.785,42.522]],[[-73.785,42.522],[-73.781,42.634]],[[-71.867,42.024],[-71.862,42.162],[-71.848,42.188]],[[-71.378,41.892],[-71.331,41.922],[-71.319,41.947]],[[-71.319,41.947],[-71.284,42.021]],[[-123.046,44.07],[-123.043,44.117],[-123.062,44.172],[-123.06,44.629]],[[-73.788,42.523],[-73.785,42.522]],[[-73.785,42.522],[-73.672,42.483],[-73.611,42.474],[-73.555,42.443],[-73.55,42.424]],[[-72.07,42.132],[-72.095,42.076],[-72.142,42.031]],[[-72.644,42.151],[-72.638,42.274],[-72.605,42.313],[-72.647,42.344],[-72.63,42.458],[-72.638,42.549],[-72.593,42.629]],[[-71.416,41.816],[-71.409,41.818]],[[-71.416,41.816],[-71.4,41.87],[-71.379,41.875],[-71.378,41.892]],[[-92.47,46.668],[-92.727,46.458],[-92.811,46.354],[-92.83,46.222],[-92.889,46.144],[-92.892,46.097],[-92.934,45.998],[-92.956,45.979],[-92.983,45.821],[-93.002,45.286]],[[-72.644,42.151],[-72.84,42.16],[-72.909,42.177],[-72.97,42.226],[-73.067,42.248],[-73.175,42.297],[-73.291,42.313]],[[-71.409,41.818],[-71.246,41.769],[-71.164,41.703]],[[-72.644,42.151],[-72.611,42.138]],[[-72.611,42.138],[-72.575,42.123]],[[-72.575,42.123],[-72.518,42.092],[-72.517,42.035]],[[-96.843,45.937],[-96.869,45.81],[-96.991,45.662],[-96.991,45.445],[-97.055,45.372],[-97.051,45.32]],[[-116.953,44.025],[-116.954,44.023]],[[-116.954,44.023],[-116.942,44.008]],[[-116.942,44.008],[-116.913,43.975]],[[-93.002,45.286],[-93.022,45.254],[-93.031,45.147],[-93.052,45.121],[-93.061,45.037],[-93.085,45.036]],[[-93.085,45.036],[-93.087,44.954]],[[-93.087,44.954],[-93.066,44.966],[-93.045,44.952],[-92.967,44.95]],[[-92.967,44.95],[-92.847,44.947],[-92.753,44.966]],[[-72.517,42.035],[-72.536,41.955],[-72.633,41.913],[-72.673,41.854],[-72.664,41.759]],[[-93.299,44.891],[-93.193,44.891],[-93.087,44.954]],[[-92.753,44.966],[-91.781,44.904],[-91.581,44.829],[-91.519,44.772],[-91.42,44.766]],[[-72.11,41.547],[-72.076,41.576],[-71.961,41.602],[-71.918,41.668],[-71.872,41.778],[-71.9,41.901],[-71.859,41.993],[-71.867,42.024]],[[-71.796,41.446],[-71.694,41.51],[-71.638,41.634],[-71.499,41.672],[-71.457,41.739]],[[-71.457,41.739],[-71.416,41.816]],[[-72.664,41.759],[-72.685,41.724],[-72.671,41.687],[-72.69,41.625]],[[-97.048,44.89],[-97.051,45.32]],[[-79.012,43.254],[-79.003,43.205],[-79.019,43.103],[-78.972,43.063],[-78.956,43.019],[-78.89,42.979],[-78.859,42.929]],[[-78.859,42.929],[-78.911,42.919]],[[-72.194,41.377],[-72.102,41.364],[-71.921,41.375],[-71.796,41.446]],[[-72.194,41.377],[-72.121,41.439],[-72.11,41.547]],[[-72.194,41.377],[-72.265,41.351],[-72.291,41.345],[-72.348,41.338],[-72.351,41.339]],[[-72.351,41.339],[-72.38,41.342]],[[-116.34,43.601],[-116.576,43.613],[-116.595,43.625],[-116.696,43.723],[-116.786,43.877],[-116.913,43.975]],[[-75.903,42.135],[-75.808,42.116],[-75.775,42.102]],[[-84.023,43.988],[-84.018,43.678],[-83.952,43.619],[-83.949,43.592]],[[-72.664,41.759],[-72.796,41.729],[-72.824,41.668],[-72.899,41.613],[-72.902,41.578],[-72.928,41.554],[-73.019,41.538],[-73.083,41.55],[-73.098,41.521],[-73.218,41.472],[-73.269,41.415],[-73.312,41.427],[-73.427,41.418],[-73.484,41.382],[-73.597,41.389]],[[-104.055,44.542],[-103.975,44.541],[-103.862,44.501]],[[-73.772,41.54],[-74.074,41.514]],[[-74.074,41.514],[-74.081,41.651],[-74.052,41.776],[-74.059,41.856],[-74.045,41.932],[-74.012,41.974],[-73.911,42.226],[-73.882,42.257],[-73.861,42.349],[-73.819,42.406],[-73.786,42.514]],[[-73.597,41.389],[-73.673,41.495],[-73.685,41.535],[-73.724,41.545],[-73.772,41.54]],[[-103.862,44.501],[-103.808,44.476],[-103.734,44.473]],[[-76.438,42.033],[-76.349,42.033],[-76.264,42.09],[-76.127,42.069],[-75.99,42.127],[-75.907,42.122],[-75.903,42.134]],[[-76.782,42.08],[-76.705,42.019],[-76.507,42.0],[-76.443,42.03]],[[-74.074,41.514],[-74.215,41.507],[-74.37,41.446]],[[-91.42,44.766],[-91.371,44.74],[-91.298,44.638],[-91.197,44.577],[-91.067,44.428],[-90.55,44.152],[-90.503,44.021],[-90.442,43.988]],[[-96.789,44.327],[-96.77,44.598],[-96.895,44.756],[-97.048,44.872],[-97.048,44.89]],[[-74.074,41.514],[-74.069,41.423],[-74.128,41.307]],[[-106.688,44.372],[-106.578,44.285],[-106.349,44.216],[-106.318,44.221],[-106.248,44.199],[-106.2,44.219],[-106.057,44.216],[-106.023,44.228],[-105.901,44.181],[-105.835,44.212],[-105.656,44.242],[-105.59,44.28],[-105.488,44.277],[-105.465,44.292],[-105.13,44.294],[-104.982,44.284],[-104.941,44.266],[-104.626,44.294],[-104.562,44.331],[-104.496,44.329],[-104.43,44.381],[-104.298,44.435],[-104.229,44.487],[-104.213,44.522],[-104.055,44.542]],[[-122.866,42.325],[-122.67,42.195],[-122.608,42.102]],[[-122.608,42.102],[-122.607,42.101]],[[-93.246,44.098],[-93.307,44.291],[-93.293,44.353],[-93.309,44.654],[-93.283,44.758],[-93.285,44.829],[-93.299,44.891]],[[-74.691,41.356],[-74.441,41.408],[-74.37,41.446]],[[-73.708,41.111],[-73.659,41.318],[-73.597,41.389]],[[-93.246,44.098],[-93.252,44.058]],[[-73.718,41.087],[-73.708,41.111]],[[-83.949,43.592],[-83.935,43.496]],[[-83.935,43.496],[-83.893,43.473],[-83.888,43.394],[-83.862,43.334],[-83.77,43.247],[-83.769,43.106],[-83.736,42.985]],[[-91.305,43.855],[-91.071,43.884],[-90.98,43.877],[-90.76,43.942],[-90.527,43.947],[-90.442,43.988]],[[-92.356,43.95],[-92.201,43.959],[-91.869,43.933],[-91.67,43.955],[-91.642,43.948],[-91.619,43.921],[-91.406,43.924],[-91.305,43.86]],[[-73.823,41.062],[-73.833,41.059]],[[-73.993,41.102],[-73.833,41.059]],[[-73.722,41.024],[-73.691,41.054]],[[-73.722,41.024],[-73.718,41.087]],[[-73.722,41.024],[-73.823,41.062]],[[-73.993,41.102],[-74.04,41.099]],[[-83.678,43.011],[-83.73,42.986]],[[-74.04,41.099],[-74.161,41.121]],[[-74.161,41.121],[-74.179,41.146],[-74.177,41.199],[-74.128,41.307]],[[-74.161,41.121],[-74.165,41.114]],[[-103.734,44.473],[-103.657,44.473],[-103.518,44.414],[-103.437,44.332],[-103.435,44.296],[-103.383,44.218],[-103.298,44.159],[-103.261,44.112],[-103.223,44.108]],[[-83.73,42.986],[-83.718,42.952]],[[-112.194,43.836],[-112.09,43.617],[-112.071,43.554],[-112.075,43.485]],[[-75.61,41.425],[-75.575,41.377],[-75.504,41.41],[-75.413,41.354],[-75.358,41.357],[-75.313,41.34],[-75.127,41.364],[-74.851,41.335],[-74.7,41.356]],[[-74.165,41.114],[-74.199,41.028],[-74.219,41.021]],[[-79.764,42.224],[-79.89,42.151]],[[-75.61,41.425],[-75.709,41.343]],[[-79.764,42.127],[-79.89,42.151]],[[-73.833,41.059],[-73.863,40.911],[-73.915,40.854]],[[-112.075,43.485],[-112.264,43.32],[-112.359,43.203]],[[-92.937,43.674],[-92.746,43.676],[-92.51,43.877],[-92.399,43.915],[-92.356,43.95]],[[-84.544,42.816],[-84.525,42.816]],[[-100.301,43.91],[-100.613,43.907],[-100.709,43.882]],[[-93.252,44.058],[-93.276,43.865],[-93.307,43.792],[-93.319,43.685]],[[-84.525,42.816],[-84.421,42.783],[-84.141,42.865],[-84.015,42.922],[-83.959,42.966],[-83.825,42.967],[-83.78,42.973],[-83.73,42.986]],[[-93.319,43.685],[-93.163,43.662],[-93.033,43.66],[-92.989,43.683],[-92.937,43.674]],[[-74.219,41.021],[-74.241,41.031],[-74.288,41.021],[-74.34,40.941],[-74.417,40.887],[-74.42,40.864]],[[-100.709,43.882],[-101.065,43.91],[-101.285,43.843],[-101.4,43.858],[-101.528,43.841],[-101.846,43.846],[-102.147,43.924],[-102.176,43.942],[-102.207,43.994],[-102.299,44.014],[-102.364,44.068],[-102.447,44.068],[-102.532,44.108],[-103.223,44.108]],[[-73.97,40.744],[-73.981,40.748],[-74.008,40.722]],[[-72.739,40.904],[-72.857,40.852],[-73.005,40.824],[-73.234,40.814],[-73.404,40.784],[-73.484,40.8],[-73.533,40.783],[-73.642,40.786],[-73.759,40.751]],[[-73.759,40.751],[-73.76,40.751]],[[-85.678,42.971],[-85.605,42.973],[-85.526,42.905],[-85.461,42.882],[-85.008,42.882],[-84.871,42.856],[-84.781,42.811],[-84.544,42.816]],[[-79.89,42.151],[-80.123,42.031]],[[-74.087,40.922],[-74.118,40.898]],[[-74.118,40.898],[-74.156,40.878],[-74.184,40.838],[-74.212,40.757]],[[-74.358,40.847],[-74.212,40.757]],[[-75.085,40.93],[-74.734,40.913],[-74.696,40.889],[-74.503,40.906],[-74.42,40.864]],[[-75.695,41.067],[-75.396,41.071]],[[-75.396,41.071],[-75.325,41.059],[-75.294,41.012],[-75.254,40.993],[-75.148,40.995],[-75.085,40.93]],[[-75.761,41.3],[-75.804,41.205],[-75.778,41.166],[-75.78,41.13],[-75.695,41.067]],[[-95.0,43.641],[-94.62,43.678],[-93.938,43.66],[-93.563,43.664],[-93.411,43.69],[-93.319,43.685]],[[-74.212,40.757],[-74.248,40.708]],[[-74.008,40.722],[-74.051,40.729]],[[-74.051,40.729],[-74.248,40.708]],[[-95.579,43.639],[-95.0,43.641]],[[-122.609,42.102],[-122.608,42.102]],[[-122.608,42.102],[-122.602,42.038],[-122.616,42.007],[-122.557,41.88],[-122.574,41.849],[-122.578,41.781],[-122.642,41.713],[-122.624,41.674],[-122.525,41.639],[-122.465,41.486],[-122.42,41.427]],[[-84.492,42.677],[-84.046,42.644],[-83.756,42.524]],[[-100.301,43.91],[-100.181,43.909],[-100.099,43.889],[-99.859,43.893],[-99.703,43.863],[-99.604,43.862],[-99.503,43.846],[-99.387,43.801],[-99.363,43.808],[-99.248,43.749],[-98.811,43.737],[-98.672,43.707],[-98.442,43.698]],[[-74.028,40.616],[-74.031,40.611]],[[-93.349,43.504],[-93.352,43.58],[-93.319,43.685]],[[-74.163,40.616],[-74.031,40.611]],[[-74.289,40.649],[-74.288,40.649]],[[-74.288,40.649],[-74.163,40.618]],[[-96.773,43.613],[-96.787,43.719],[-96.775,43.851],[-96.756,43.903],[-96.758,43.978],[-96.789,43.973],[-96.789,44.327]],[[-95.579,43.639],[-96.225,43.643],[-96.27,43.606],[-96.424,43.603]],[[-96.424,43.603],[-96.69,43.605]],[[-96.69,43.605],[-96.773,43.613]],[[-75.695,41.067],[-76.014,41.045]],[[-75.761,41.3],[-75.962,41.172],[-75.964,41.081],[-76.014,41.045]],[[-98.442,43.698],[-97.861,43.693],[-97.786,43.664],[-97.291,43.665],[-97.098,43.645],[-97.037,43.613],[-96.773,43.613]],[[-82.487,42.974],[-82.509,42.946],[-82.509,42.901],[-82.605,42.821],[-82.711,42.748],[-82.853,42.684],[-82.932,42.488]],[[-82.932,42.488],[-82.945,42.424],[-83.06,42.368]],[[-83.718,42.952],[-83.601,42.874],[-83.561,42.806],[-83.502,42.754],[-83.478,42.742],[-83.403,42.747],[-83.32,42.703],[-83.251,42.695],[-83.225,42.611],[-83.171,42.601],[-83.153,42.561],[-83.126,42.556],[-83.113,42.481]],[[-83.113,42.481],[-83.113,42.481]],[[-82.995,42.337],[-83.06,42.368]],[[-89.285,43.099],[-88.978,43.111],[-88.877,43.085],[-88.643,43.091],[-88.535,43.061],[-88.222,43.051],[-88.099,43.021],[-88.042,43.028]],[[-89.49,43.459],[-89.454,43.327],[-89.313,43.16],[-89.285,43.099]],[[-88.038,42.973],[-88.042,43.028]],[[-87.931,42.966],[-88.038,42.973]],[[-74.649,40.642],[-74.457,40.652],[-74.311,40.713],[-74.248,40.708]],[[-74.42,40.864],[-74.448,40.814],[-74.569,40.692],[-74.635,40.665],[-74.649,40.642]],[[-83.06,42.368],[-83.138,42.326],[-83.171,42.29]],[[-74.305,40.52],[-74.33,40.585],[-74.288,40.649]],[[-74.288,40.649],[-74.248,40.708]],[[-74.345,40.527],[-74.305,40.52]],[[-74.345,40.527],[-74.472,40.557],[-74.533,40.541],[-74.568,40.578],[-74.623,40.597],[-74.649,40.642]],[[-75.21,40.666],[-75.054,40.663],[-74.971,40.633],[-74.821,40.651],[-74.649,40.642]],[[-76.014,41.045],[-76.146,41.008],[-76.195,41.017],[-76.242,41.005],[-76.353,41.038],[-76.719,40.989],[-76.826,41.048]],[[-76.826,41.048],[-76.841,41.052]],[[-83.685,42.228],[-83.415,42.229]],[[-83.415,42.229],[-83.171,42.29]],[[-83.806,42.288],[-83.796,42.25],[-83.685,42.228]],[[-84.435,42.278],[-84.131,42.299],[-83.864,42.3],[-83.806,42.288]],[[-84.66,42.726],[-84.67,42.723]],[[-84.67,42.723],[-84.671,42.686],[-84.708,42.636],[-84.821,42.575],[-84.838,42.511],[-84.9,42.464],[-84.94,42.458],[-84.97,42.314]],[[-75.695,41.067],[-75.63,40.991],[-75.677,40.803],[-75.597,40.685],[-75.558,40.579]],[[-75.558,40.579],[-75.427,40.559],[-75.21,40.666]],[[-112.201,42.63],[-112.245,42.799],[-112.385,42.816],[-112.412,42.842],[-112.434,42.91]],[[-76.841,41.052],[-76.947,41.08],[-77.068,41.067],[-77.122,41.041],[-77.207,41.062],[-77.336,41.052],[-77.41,41.071],[-77.575,41.017],[-77.643,40.967],[-77.714,40.944],[-77.773,40.955]],[[-74.345,40.527],[-74.432,40.442],[-74.505,40.283],[-74.604,40.193]],[[-74.604,40.193],[-74.606,40.192]],[[-74.102,40.17],[-74.417,40.156],[-74.606,40.192]],[[-78.426,41.05],[-78.346,41.019],[-78.291,41.015],[-78.26,40.993],[-78.128,40.979],[-78.105,40.962],[-77.959,41.021],[-77.902,41.021],[-77.801,40.982],[-77.773,40.955]],[[-87.943,42.497],[-87.955,42.809],[-87.934,42.867],[-87.931,42.966]],[[-88.038,42.973],[-88.103,42.964],[-88.318,42.858],[-88.375,42.808],[-88.394,42.768],[-88.424,42.761],[-88.54,42.653],[-88.617,42.623],[-88.698,42.622],[-88.853,42.58],[-88.971,42.535]],[[-89.285,43.099],[-89.258,43.026],[-89.106,42.973],[-89.028,42.837],[-88.983,42.71],[-88.971,42.535]],[[-88.971,42.535],[-88.987,42.498]],[[-74.733,40.095],[-74.606,40.192]],[[-74.826,40.116],[-74.733,40.095]],[[-86.376,42.134],[-86.305,42.175],[-86.13,42.196],[-85.996,42.189],[-85.751,42.226],[-85.664,42.255]],[[-83.171,42.29],[-83.256,42.193],[-83.245,42.127],[-83.357,42.014]],[[-83.357,42.014],[-83.527,41.745]],[[-75.556,40.576],[-75.941,40.579],[-76.181,40.5],[-76.518,40.425]],[[-76.014,41.045],[-76.004,41.007],[-76.033,40.975],[-76.013,40.927],[-76.03,40.897],[-76.013,40.885],[-76.143,40.79],[-76.283,40.758],[-76.441,40.639],[-76.407,40.579],[-76.438,40.52],[-76.516,40.482],[-76.518,40.425]],[[-75.278,40.111],[-75.103,40.17],[-75.052,40.168],[-74.976,40.133],[-74.902,40.129]],[[-74.902,40.129],[-74.826,40.116]],[[-75.556,40.576],[-75.424,40.434],[-75.278,40.111]],[[-80.519,41.179],[-80.159,41.199]],[[-83.527,41.745],[-83.577,41.679]],[[-83.577,41.679],[-83.695,41.691],[-83.683,41.726]],[[-80.677,41.154],[-80.519,41.179]],[[-81.808,41.333],[-81.806,41.42],[-81.695,41.425],[-81.645,41.411]],[[-81.645,41.411],[-81.509,41.417]],[[-81.509,41.417],[-81.508,41.349]],[[-81.508,41.349],[-81.495,41.258]],[[-81.808,41.333],[-81.637,41.28]],[[-81.637,41.28],[-81.58,41.257],[-81.495,41.258]],[[-88.987,42.498],[-88.959,42.25]],[[-80.677,41.154],[-80.837,41.113]],[[-81.495,41.258],[-81.372,41.256]],[[-81.372,41.256],[-80.984,41.231],[-80.837,41.113]],[[-83.558,41.561],[-83.555,41.559]],[[-84.97,42.314],[-84.97,42.285]],[[-84.97,42.285],[-85.006,42.09],[-84.972,42.045],[-84.958,41.979],[-84.992,41.83],[-84.985,41.76]],[[-89.016,42.222],[-88.959,42.25]],[[-75.278,40.111],[-75.337,40.068]],[[-75.337,40.068],[-75.351,40.048],[-75.34,40.026],[-75.219,39.963],[-75.178,39.914]],[[-75.178,39.914],[-75.132,39.902]],[[-75.103,39.873],[-75.017,39.876],[-74.733,40.095]],[[-75.132,39.902],[-75.103,39.873]],[[-80.837,41.113],[-80.74,41.036]],[[-75.103,39.873],[-75.099,39.857]],[[-75.099,39.857],[-75.096,39.836]],[[-83.555,41.559],[-83.463,41.527]],[[-83.463,41.527],[-83.19,41.42],[-82.862,41.351],[-82.53,41.324],[-82.36,41.337],[-82.247,41.378],[-82.129,41.392],[-81.969,41.377],[-81.808,41.333]],[[-83.582,41.571],[-83.558,41.561]],[[-84.807,41.63],[-84.404,41.608],[-84.346,41.592],[-83.817,41.606],[-83.636,41.592],[-83.582,41.571]],[[-84.991,41.736],[-84.807,41.63]],[[-112.201,41.71],[-112.174,41.767],[-112.17,41.854],[-112.231,42.182],[-112.208,42.257],[-112.217,42.344],[-112.161,42.491],[-112.201,42.63]],[[-76.879,40.211],[-76.838,40.199]],[[-76.838,40.199],[-76.82,40.194],[-76.789,40.213],[-76.563,40.21],[-76.521,40.225],[-76.193,40.246],[-76.026,40.203],[-75.99,40.178],[-75.909,40.172]],[[-75.909,40.172],[-75.808,40.144],[-75.665,40.065],[-75.601,40.06],[-75.549,40.081],[-75.474,40.078],[-75.389,40.098],[-75.278,40.111]],[[-85.001,41.734],[-85.206,41.757],[-85.282,41.74],[-85.44,41.753],[-85.718,41.745]],[[-87.865,41.998],[-87.866,42.099],[-87.884,42.13],[-87.873,42.172],[-87.905,42.226],[-87.908,42.333],[-87.939,42.37],[-87.96,42.467],[-87.943,42.497]],[[-87.865,41.998],[-88.028,42.054]],[[-88.028,42.054],[-88.06,42.06]],[[-88.06,42.06],[-88.301,42.069],[-88.752,42.224],[-88.959,42.25]],[[-80.74,41.036],[-80.68,40.982],[-80.519,40.909]],[[-76.518,40.425],[-76.627,40.397],[-76.858,40.296],[-76.94,40.314],[-76.985,40.279],[-77.044,40.274],[-77.134,40.225]],[[-93.575,42.445],[-93.573,42.544],[-93.458,42.669],[-93.363,42.82],[-93.363,42.901],[-93.335,42.981],[-93.342,43.092],[-93.363,43.148],[-93.349,43.504]],[[-80.837,41.113],[-81.302,41.113],[-81.502,41.067]],[[-81.495,41.258],[-81.491,41.219],[-81.509,41.187],[-81.502,41.067]],[[-77.134,40.225],[-77.001,40.194],[-76.916,40.196],[-76.879,40.211]],[[-78.432,40.439],[-78.315,40.599],[-78.225,40.689],[-78.061,40.797]],[[-85.718,41.745],[-85.772,41.733],[-86.119,41.734],[-86.22,41.715],[-86.338,41.731]],[[-96.449,42.493],[-96.489,42.502],[-96.492,42.531],[-96.532,42.573],[-96.683,42.677],[-96.805,42.787],[-96.812,42.94],[-96.787,43.19],[-96.8,43.412],[-96.782,43.568],[-96.773,43.573],[-96.773,43.613]],[[-87.865,41.998],[-87.748,41.958]],[[-87.748,41.958],[-87.667,41.913],[-87.644,41.876]],[[-87.644,41.876],[-87.639,41.847]],[[-87.946,41.845],[-87.919,41.88]],[[-87.919,41.88],[-87.92,41.936],[-87.884,41.943],[-87.865,41.998]],[[-96.376,42.441],[-96.377,42.446]],[[-96.377,42.446],[-96.383,42.481],[-96.449,42.493]],[[-80.159,41.199],[-80.118,41.019],[-80.137,40.958],[-80.106,40.857],[-80.121,40.772],[-80.092,40.663]],[[-80.519,40.909],[-80.246,40.784],[-80.137,40.72],[-80.092,40.663]],[[-122.362,40.609],[-122.354,40.526],[-122.284,40.427],[-122.279,40.288],[-122.223,40.182]],[[-75.509,39.678],[-75.478,39.684]],[[-75.478,39.684],[-75.323,39.725],[-75.099,39.857]],[[-75.537,39.687],[-75.509,39.678]],[[-89.016,42.222],[-89.027,42.203],[-89.016,41.904]],[[-87.946,41.845],[-87.926,41.839],[-87.898,41.785]],[[-75.646,39.687],[-75.594,39.705]],[[-75.594,39.705],[-75.537,39.687]],[[-87.856,41.755],[-87.813,41.797],[-87.639,41.847]],[[-87.856,41.755],[-87.898,41.785]],[[-89.016,41.904],[-88.672,41.903],[-88.523,41.854],[-88.441,41.809],[-88.365,41.795],[-88.037,41.812],[-87.995,41.839],[-87.946,41.845]],[[-81.502,41.067],[-81.497,41.008],[-81.425,40.923],[-81.438,40.88],[-81.387,40.786]],[[-75.646,39.687],[-75.787,39.64]],[[-87.639,41.847],[-87.639,41.774],[-87.549,41.691],[-87.524,41.647]],[[-105.022,42.231],[-105.059,42.335],[-105.028,42.523],[-105.102,42.615],[-105.203,42.658]],[[-87.186,41.569],[-87.304,41.566]],[[-87.524,41.647],[-87.479,41.609],[-87.373,41.601],[-87.304,41.566]],[[-83.669,41.05],[-83.652,41.177],[-83.659,41.232],[-83.614,41.396],[-83.622,41.533],[-83.582,41.571]],[[-87.471,41.542],[-87.304,41.566]],[[-87.526,41.552],[-87.471,41.542]],[[-87.743,41.568],[-87.696,41.581],[-87.526,41.552]],[[-87.743,41.568],[-87.686,41.616],[-87.696,41.627]],[[-87.696,41.627],[-87.856,41.755]],[[-87.325,41.469],[-87.304,41.566]],[[-78.244,39.987],[-78.168,40.027],[-78.013,40.038],[-77.826,40.09],[-77.695,40.161],[-77.643,40.147],[-77.41,40.196],[-77.134,40.225]],[[-80.092,40.663],[-79.998,40.642],[-79.981,40.618],[-79.882,40.59],[-79.795,40.515],[-79.752,40.439]],[[-79.752,40.439],[-79.684,40.387],[-79.684,40.295],[-79.606,40.22]],[[-85.001,41.734],[-85.01,41.667],[-85.043,41.647],[-85.053,41.595],[-85.053,41.425],[-85.09,41.347],[-85.084,41.253],[-85.128,41.137],[-85.159,41.127]],[[-87.743,41.568],[-87.795,41.548],[-87.912,41.55],[-88.0,41.516],[-88.127,41.514],[-88.196,41.488]],[[-88.196,41.488],[-88.165,41.637],[-88.028,41.731],[-87.898,41.785]],[[-79.606,40.22],[-79.47,40.154],[-79.439,40.157],[-79.381,40.109],[-79.298,40.128],[-79.043,40.003]],[[-77.134,40.225],[-77.169,40.187],[-77.237,40.182],[-77.473,40.069],[-77.661,39.897],[-77.74,39.722]],[[-90.563,41.594],[-90.405,41.595],[-90.364,41.581]],[[-91.63,41.686],[-91.387,41.653],[-90.911,41.634],[-90.563,41.594]],[[-80.106,40.427],[-80.105,40.422]],[[-80.105,40.422],[-80.1,40.38],[-80.156,40.316],[-80.158,40.263],[-80.208,40.234],[-80.246,40.187]],[[-84.004,40.81],[-83.739,40.96],[-83.671,41.022],[-83.669,41.05]],[[-80.246,40.187],[-80.194,40.159]],[[-79.606,40.22],[-79.673,40.21],[-79.739,40.164],[-79.836,40.145],[-79.906,40.105],[-80.097,40.164],[-80.194,40.159]],[[-90.334,41.535],[-90.253,41.55],[-90.197,41.595],[-90.187,41.628],[-90.114,41.682],[-90.06,41.701],[-89.841,41.766],[-89.691,41.754]],[[-90.364,41.581],[-90.334,41.566],[-90.334,41.535]],[[-78.244,39.987],[-78.243,39.985]],[[-78.243,39.985],[-78.221,39.944],[-78.279,39.824],[-78.261,39.796],[-78.218,39.793],[-78.187,39.723]],[[-76.151,39.562],[-76.219,39.499],[-76.393,39.432],[-76.502,39.353]],[[-76.643,39.421],[-76.664,39.465],[-76.679,39.595],[-76.678,39.631],[-76.646,39.683],[-76.662,39.722]],[[-88.196,41.488],[-88.304,41.462],[-88.452,41.38],[-89.058,41.366]],[[-89.016,41.904],[-89.006,41.724],[-89.058,41.66],[-89.058,41.366]],[[-77.74,39.722],[-77.742,39.668],[-77.794,39.609]],[[-77.794,39.609],[-77.848,39.652],[-78.036,39.645],[-78.18,39.704]],[[-77.794,39.609],[-77.902,39.576],[-77.935,39.543],[-78.056,39.366],[-78.105,39.26],[-78.142,39.225],[-78.129,39.183],[-78.202,39.077],[-78.268,39.02],[-78.3,39.011]],[[-90.334,41.443],[-90.334,41.443]],[[-90.334,41.443],[-90.334,41.535]],[[-89.058,41.366],[-89.223,41.368],[-89.339,41.403],[-89.805,41.385],[-89.945,41.417],[-90.001,41.404],[-90.105,41.411],[-90.181,41.436],[-90.334,41.443]],[[-80.753,40.062],[-80.658,40.043],[-80.495,40.102],[-80.408,40.107],[-80.307,40.144],[-80.246,40.187]],[[-112.201,41.71],[-112.087,41.641],[-112.064,41.604],[-112.045,41.483],[-112.052,41.441],[-112.005,41.245],[-112.014,41.179]],[[-76.502,39.353],[-76.542,39.32],[-76.553,39.277]],[[-93.576,41.644],[-93.575,42.445]],[[-76.553,39.277],[-76.572,39.258]],[[-76.572,39.258],[-76.575,39.254]],[[-109.911,41.547],[-110.183,41.392],[-110.548,41.304],[-110.644,41.297],[-110.727,41.314]],[[-110.727,41.314],[-110.823,41.272],[-110.934,41.269],[-111.045,41.245]],[[-93.59,41.599],[-93.576,41.644]],[[-76.591,39.234],[-76.622,39.228]],[[-76.743,39.304],[-76.891,39.291],[-77.291,39.386],[-77.437,39.399]],[[-77.794,39.609],[-77.772,39.597],[-77.664,39.598],[-77.622,39.571],[-77.589,39.511],[-77.489,39.416],[-77.437,39.399]],[[-93.785,41.581],[-93.688,41.581],[-93.59,41.599]],[[-114.956,41.1],[-114.822,41.113],[-114.647,41.073],[-114.551,41.076],[-114.329,40.92],[-114.237,40.883],[-114.108,40.757],[-114.04,40.741]],[[-94.96,41.491],[-94.257,41.486],[-94.198,41.517],[-94.092,41.517],[-93.849,41.557],[-93.786,41.581]],[[-93.786,41.581],[-93.785,41.581]],[[-95.58,41.491],[-94.96,41.491]],[[-81.387,40.786],[-81.455,40.64],[-81.512,40.576],[-81.478,40.491],[-81.544,40.418],[-81.57,40.355],[-81.57,40.31],[-81.544,40.267],[-81.556,40.229],[-81.544,40.138],[-81.568,40.069],[-81.544,39.996]],[[-111.045,41.245],[-111.078,41.234],[-111.199,41.109],[-111.443,40.968]],[[-111.443,40.968],[-111.547,41.066],[-111.663,41.045],[-111.802,41.142],[-111.951,41.137],[-112.014,41.179]],[[-80.194,40.159],[-80.208,40.131],[-80.18,40.048],[-80.166,39.93],[-79.974,39.569]],[[-95.902,41.491],[-95.58,41.491]],[[-76.58,38.987],[-76.631,39.056],[-76.652,39.15],[-76.633,39.206]],[[-76.633,39.206],[-76.622,39.228]],[[-82.415,40.779],[-82.454,40.731],[-82.54,40.673],[-82.601,40.583],[-82.664,40.552],[-82.716,40.494],[-82.816,40.432],[-82.834,40.364],[-82.924,40.302],[-82.933,40.187],[-82.964,40.159],[-82.978,40.11]],[[-82.978,40.11],[-82.978,40.109]],[[-77.437,39.399],[-77.339,39.305],[-77.324,39.263],[-77.277,39.223],[-77.148,39.032]],[[-112.014,41.179],[-112.005,41.107],[-111.879,40.962]],[[-111.879,40.962],[-111.871,40.922],[-111.913,40.8],[-111.906,40.767]],[[-90.332,40.984],[-90.334,41.443]],[[-111.906,40.767],[-111.859,40.718]],[[-77.219,38.885],[-77.183,38.898],[-77.114,38.883],[-77.006,38.909]],[[-95.58,41.491],[-95.617,41.423],[-95.678,41.359],[-95.751,41.305],[-95.825,41.274]],[[-95.907,41.489],[-95.893,41.463],[-95.895,41.382],[-95.874,41.357]],[[-95.874,41.357],[-95.824,41.314],[-95.825,41.274]],[[-111.443,40.968],[-111.411,40.935],[-111.385,40.835],[-111.406,40.809],[-111.443,40.798],[-111.47,40.746],[-111.498,40.732]],[[-77.006,38.909],[-77.013,38.883],[-77.17,38.793]],[[-77.17,38.793],[-77.171,38.793]],[[-111.498,40.732],[-111.533,40.725],[-111.595,40.755],[-111.668,40.736],[-111.712,40.755],[-111.797,40.711],[-111.859,40.718]],[[-104.836,41.217],[-104.875,41.43],[-104.902,41.502],[-104.83,41.7],[-104.83,41.755],[-104.795,41.781],[-104.857,41.861],[-104.941,41.918],[-104.967,42.076],[-105.001,42.135],[-105.0,42.184],[-105.022,42.231]],[[-119.785,39.534],[-119.657,39.515],[-119.535,39.571],[-119.485,39.571],[-119.45,39.595],[-119.306,39.619],[-119.243,39.604]],[[-95.825,41.274],[-95.874,41.243]],[[-95.905,41.239],[-95.874,41.243]],[[-82.978,40.109],[-82.99,40.086],[-82.985,39.977]],[[-82.985,39.977],[-82.983,39.953]],[[-82.928,39.928],[-82.847,39.936]],[[-82.847,39.936],[-82.79,39.933],[-82.745,39.946],[-82.434,39.946],[-82.273,39.935],[-81.976,39.954],[-81.87,39.98],[-81.804,39.965],[-81.684,39.975],[-81.648,40.001],[-81.544,39.996]],[[-82.928,39.928],[-82.95,39.951],[-82.983,39.953]],[[-104.852,41.116],[-104.836,41.217]],[[-83.014,39.951],[-83.014,39.916],[-83.039,39.894]],[[-78.3,39.011],[-78.107,38.918],[-77.964,38.904],[-77.838,38.855],[-77.773,38.859],[-77.633,38.817]],[[-77.633,38.817],[-77.513,38.801],[-77.431,38.846],[-77.219,38.885]],[[-89.485,40.619],[-89.527,40.632]],[[-89.527,40.632],[-89.605,40.67],[-89.631,40.718],[-89.673,40.732]],[[-89.673,40.732],[-89.928,40.849],[-90.317,40.929],[-90.332,40.984]],[[-104.991,40.408],[-104.995,40.748],[-104.953,40.889],[-104.852,41.116]],[[-80.269,39.282],[-80.225,39.327],[-80.198,39.43],[-80.05,39.52],[-79.998,39.527],[-79.974,39.569]],[[-81.5,39.268],[-81.425,39.423],[-81.453,39.506],[-81.455,39.645],[-81.556,39.784],[-81.523,39.935],[-81.544,39.996]],[[-89.485,40.619],[-89.284,40.623],[-89.172,40.604],[-89.094,40.548],[-89.027,40.536]],[[-89.027,40.536],[-89.03,40.507]],[[-82.983,39.953],[-83.009,39.953],[-83.03,39.947],[-83.119,39.982]],[[-83.119,39.982],[-83.263,39.979],[-83.435,39.94],[-83.667,39.935],[-83.723,39.895],[-83.924,39.892],[-84.051,39.862]],[[-84.194,39.866],[-84.193,39.864]],[[-84.193,39.864],[-84.187,39.779],[-84.202,39.753]],[[-84.051,39.862],[-84.128,39.869],[-84.193,39.864]],[[-84.193,39.864],[-84.477,39.836],[-84.814,39.838]],[[-97.044,40.823],[-96.829,40.845],[-96.763,40.83],[-96.716,40.86]],[[-96.716,40.86],[-96.668,40.894],[-96.504,40.899],[-96.308,41.008],[-96.292,41.028],[-96.296,41.057],[-96.261,41.088],[-96.119,41.172],[-96.098,41.245],[-96.079,41.258],[-95.905,41.239]],[[-97.595,40.821],[-97.044,40.823]],[[-87.533,40.116],[-87.248,40.126]],[[-98.385,40.807],[-97.595,40.821]],[[-86.053,39.892],[-85.993,39.965],[-85.904,39.993],[-85.779,39.999],[-85.751,40.029],[-85.586,40.072],[-85.545,40.43],[-85.553,40.585],[-85.347,40.83],[-85.345,40.887],[-85.253,41.008],[-85.251,41.057],[-85.223,41.094],[-85.159,41.127]],[[-86.156,39.935],[-86.053,39.892]],[[-88.285,40.147],[-88.2,40.241],[-88.177,40.331],[-88.066,40.557],[-88.028,40.725],[-88.011,40.739],[-88.004,40.831],[-87.953,40.916],[-87.932,40.923],[-87.875,41.076],[-87.839,41.087],[-87.837,41.154],[-87.865,41.179],[-87.868,41.215],[-87.816,41.356],[-87.768,41.401],[-87.743,41.568]],[[-89.021,40.442],[-88.964,40.43],[-88.764,40.338],[-88.665,40.265],[-88.334,40.18],[-88.285,40.147]],[[-88.285,40.147],[-88.172,40.123],[-87.722,40.13],[-87.66,40.104],[-87.533,40.116]],[[-93.925,40.576],[-93.842,40.658],[-93.802,40.836],[-93.807,40.995],[-93.781,41.081],[-93.785,41.574]],[[-93.785,41.574],[-93.785,41.581]],[[-111.906,40.76],[-111.897,40.637]],[[-111.897,40.637],[-111.891,40.515],[-111.91,40.444],[-111.75,40.354],[-111.717,40.283],[-111.663,40.237],[-111.64,40.164],[-111.67,40.112]],[[-87.325,41.469],[-87.33,41.384],[-87.304,41.323],[-87.295,41.201],[-87.267,41.151],[-87.274,41.007],[-87.161,40.821],[-86.991,40.611],[-86.859,40.494],[-86.845,40.435],[-86.793,40.392],[-86.757,40.333],[-86.616,40.232],[-86.524,40.131],[-86.489,40.046],[-86.448,40.029],[-86.273,39.863]],[[-86.273,39.863],[-86.272,39.862]],[[-121.259,38.754],[-121.417,38.622],[-121.473,38.556]],[[-84.814,39.838],[-84.878,39.874],[-84.907,39.874],[-84.977,39.859],[-85.487,39.854],[-85.553,39.829],[-85.869,39.822],[-86.047,39.8]],[[-86.053,39.892],[-86.034,39.801]],[[-87.248,40.126],[-87.054,40.109],[-86.859,40.071],[-86.658,39.97],[-86.55,39.895],[-86.436,39.885],[-86.276,39.809]],[[-86.276,39.809],[-86.276,39.808]],[[-89.412,40.18],[-89.322,40.182],[-89.223,40.253],[-89.021,40.442]],[[-89.485,40.619],[-89.452,40.256],[-89.412,40.18]],[[-86.047,39.8],[-86.119,39.8],[-86.14,39.784]],[[-86.272,39.862],[-86.227,39.826],[-86.166,39.807],[-86.166,39.786],[-86.14,39.784]],[[-95.874,41.243],[-95.822,41.206],[-95.825,41.059],[-95.796,40.967],[-95.804,40.781],[-95.825,40.725],[-95.662,40.585]],[[-111.774,39.979],[-111.757,40.031],[-111.67,40.112]],[[-121.473,38.556],[-121.506,38.572]],[[-121.506,38.572],[-121.595,38.57],[-121.747,38.537],[-121.94,38.381],[-122.013,38.341],[-122.067,38.249],[-122.137,38.213]],[[-122.137,38.213],[-122.197,38.173],[-122.22,38.138]],[[-122.22,38.138],[-122.229,38.092]],[[-122.229,38.092],[-122.227,38.068]],[[-122.227,38.068],[-122.225,38.06]],[[-86.031,39.747],[-85.975,39.678],[-85.595,39.433],[-85.519,39.367],[-85.366,39.322],[-85.242,39.314],[-85.138,39.287],[-84.857,39.284],[-84.824,39.268]],[[-89.593,39.801],[-89.594,39.913],[-89.416,40.111],[-89.412,40.18]],[[-84.824,39.268],[-84.711,39.209]],[[-83.04,39.892],[-83.115,39.824],[-83.164,39.821],[-83.443,39.702],[-83.716,39.558],[-84.232,39.379],[-84.352,39.27]],[[-84.352,39.27],[-84.379,39.197],[-84.47,39.14]],[[-84.232,39.615],[-84.31,39.532],[-84.331,39.449],[-84.364,39.418],[-84.372,39.35],[-84.421,39.319],[-84.437,39.288]],[[-84.437,39.288],[-84.492,39.175],[-84.546,39.15]],[[-84.711,39.209],[-84.676,39.215]],[[-84.676,39.215],[-84.546,39.15]],[[-89.645,39.739],[-89.594,39.767],[-89.593,39.801]],[[-84.47,39.14],[-84.485,39.14],[-84.514,39.097]],[[-84.514,39.097],[-84.518,39.089]],[[-84.546,39.15],[-84.531,39.104]],[[-84.531,39.104],[-84.53,39.103]],[[-79.048,38.117],[-78.942,38.252],[-78.923,38.376],[-78.779,38.509],[-78.718,38.614],[-78.668,38.666],[-78.661,38.73],[-78.607,38.805],[-78.379,39.01],[-78.3,39.011]],[[-122.225,38.06],[-122.303,37.932]],[[-84.518,39.089],[-84.518,39.065],[-84.537,39.062]],[[-84.532,39.105],[-84.531,39.104]],[[-84.531,39.104],[-84.514,39.097]],[[-84.514,39.097],[-84.511,39.096]],[[-87.413,39.432],[-87.026,39.466],[-86.856,39.543],[-86.767,39.543],[-86.529,39.602],[-86.264,39.716]],[[-86.264,39.716],[-86.229,39.748],[-86.144,39.751]],[[-87.413,39.432],[-87.443,39.449],[-87.531,39.437]],[[-78.576,38.023],[-78.699,38.028],[-78.77,38.049],[-78.892,38.048],[-79.048,38.117]],[[-95.662,40.585],[-95.6,40.508],[-95.572,40.425],[-95.452,40.26],[-95.363,40.192],[-95.268,40.151],[-95.19,40.067],[-95.061,39.994],[-94.983,39.97],[-94.894,39.911]],[[-77.471,37.591],[-77.539,37.601],[-77.608,37.655],[-77.824,37.726],[-78.105,37.949],[-78.412,38.03],[-78.513,38.001],[-78.576,38.023]],[[-84.537,39.062],[-84.594,39.035]],[[-84.594,39.035],[-84.633,39.001],[-84.621,38.878]],[[-121.926,37.7],[-122.072,37.693]],[[-122.072,37.693],[-122.128,37.719],[-122.164,37.778],[-122.265,37.83],[-122.294,37.832]],[[-81.5,39.268],[-81.544,39.164],[-81.549,39.077],[-81.693,38.957],[-81.743,38.878],[-81.729,38.787],[-81.655,38.723],[-81.639,38.617],[-81.653,38.52],[-81.629,38.4],[-81.606,38.376]],[[-77.471,37.591],[-77.47,37.589]],[[-77.47,37.589],[-77.376,37.527],[-77.266,37.521]],[[-121.565,37.744],[-121.741,37.702],[-121.926,37.7]],[[-104.988,39.822],[-104.982,39.821]],[[-86.14,39.782],[-86.147,39.763],[-86.109,39.705]],[[-86.109,39.705],[-86.003,39.472],[-85.942,39.379],[-85.956,39.294],[-85.955,39.105],[-85.845,38.994]],[[-104.993,39.814],[-104.982,39.821]],[[-104.993,39.814],[-104.974,40.293],[-104.991,40.408]],[[-121.506,38.569],[-121.449,38.252],[-121.404,38.181],[-121.402,38.129],[-121.327,37.959],[-121.28,37.886],[-121.299,37.797]],[[-121.354,37.767],[-121.449,37.763],[-121.494,37.738],[-121.565,37.744]],[[-94.222,39.753],[-94.146,39.92],[-94.104,39.97],[-94.103,40.071],[-94.021,40.173],[-93.995,40.388],[-93.925,40.576]],[[-94.894,39.911],[-94.85,39.877]],[[-94.85,39.877],[-94.809,39.847],[-94.794,39.749]],[[-105.04,39.72],[-104.993,39.814]],[[-79.376,37.818],[-79.342,37.86],[-79.241,37.926],[-79.156,38.027],[-79.102,38.053],[-79.048,38.117]],[[-105.668,39.756],[-105.601,39.768],[-105.502,39.739],[-105.441,39.748],[-105.328,39.702],[-105.285,39.711],[-105.201,39.694],[-105.166,39.72],[-105.04,39.72]],[[-82.598,38.381],[-82.485,38.4],[-82.44,38.388],[-82.219,38.437],[-82.075,38.428],[-81.933,38.457],[-81.847,38.447],[-81.729,38.365],[-81.653,38.355],[-81.606,38.376]],[[-87.531,39.437],[-87.696,39.426],[-87.899,39.362],[-88.038,39.296],[-88.368,39.176],[-88.513,39.15]],[[-88.513,39.15],[-88.522,39.152]],[[-88.522,39.152],[-88.57,39.15],[-88.584,39.133],[-88.58,39.096]],[[-76.318,37.013],[-76.33,37.04],[-76.342,37.04],[-76.37,37.03],[-76.371,37.03]],[[-76.371,37.03],[-76.507,37.118],[-76.566,37.204],[-76.632,37.243],[-76.74,37.363],[-76.893,37.473],[-76.95,37.492],[-77.266,37.521]],[[-76.266,36.952],[-76.299,36.967],[-76.318,37.013]],[[-106.457,39.607],[-106.403,39.64],[-106.314,39.645],[-106.285,39.628],[-106.273,39.598],[-106.245,39.59],[-106.2,39.511],[-106.172,39.501],[-106.153,39.506],[-106.069,39.63],[-105.844,39.699],[-105.713,39.697],[-105.668,39.756]],[[-121.942,37.315],[-121.846,37.342]],[[-121.942,37.315],[-122.081,37.334],[-122.197,37.412]],[[-122.197,37.412],[-122.274,37.45],[-122.3,37.492],[-122.35,37.513],[-122.465,37.669],[-122.466,37.7],[-122.42,37.725],[-122.407,37.768]],[[-77.358,37.153],[-77.329,37.197],[-77.311,37.276],[-77.339,37.336],[-77.346,37.441],[-77.266,37.521]],[[-77.426,37.204],[-77.4,37.219],[-77.371,37.198],[-77.359,37.155]],[[-77.359,37.155],[-77.358,37.153]],[[-75.986,36.851],[-76.113,36.83],[-76.202,36.848]],[[-76.266,36.952],[-76.268,36.917]],[[-76.268,36.917],[-76.223,36.887],[-76.202,36.848]],[[-108.603,39.121],[-108.643,39.11],[-108.923,39.234],[-109.053,39.19]],[[-106.457,39.607],[-106.636,39.664],[-106.721,39.713],[-106.83,39.659],[-107.082,39.65],[-107.236,39.567],[-107.33,39.555],[-107.525,39.572],[-107.702,39.532],[-107.856,39.522],[-108.004,39.48],[-108.188,39.359],[-108.259,39.254],[-108.271,39.188],[-108.331,39.122],[-108.513,39.112],[-108.603,39.121]],[[-76.344,36.755],[-76.252,36.762],[-76.212,36.79],[-76.202,36.843]],[[-76.202,36.843],[-76.202,36.848]],[[-81.203,37.733],[-81.139,37.764],[-81.038,37.761],[-80.833,37.794],[-80.799,37.83],[-80.627,37.91],[-80.594,37.9],[-80.569,37.858],[-80.477,37.837],[-80.34,37.759],[-80.271,37.791],[-80.232,37.785]],[[-81.266,37.879],[-81.219,37.837],[-81.226,37.778],[-81.203,37.733]],[[-109.053,39.19],[-109.115,39.185],[-109.194,39.098],[-109.404,38.937],[-109.612,38.94],[-109.72,38.963],[-109.815,38.94]],[[-104.982,39.821],[-104.904,39.782],[-104.802,39.767],[-104.732,39.739],[-104.307,39.729],[-104.128,39.689],[-104.036,39.604],[-103.824,39.312],[-103.708,39.274]],[[-103.708,39.274],[-103.581,39.267]],[[-112.615,38.577],[-112.616,38.64],[-112.594,38.661],[-112.601,38.706],[-112.576,38.74],[-112.359,38.935],[-112.234,39.15],[-112.083,39.287],[-112.056,39.419],[-111.974,39.482],[-111.899,39.645],[-111.819,39.709],[-111.84,39.807],[-111.805,39.942],[-111.774,39.979]],[[-103.581,39.267],[-103.107,39.287],[-102.987,39.275],[-102.874,39.293],[-102.324,39.289],[-102.046,39.331]],[[-94.563,39.176],[-94.516,39.185],[-94.496,39.214]],[[-94.496,39.214],[-94.456,39.258]],[[-94.456,39.258],[-94.28,39.553],[-94.222,39.753]],[[-94.563,39.176],[-94.636,39.223],[-94.653,39.255]],[[-94.653,39.255],[-94.677,39.291],[-94.69,39.333],[-94.766,39.371],[-94.785,39.412],[-94.792,39.708]],[[-94.792,39.708],[-94.794,39.749]],[[-84.524,38.114],[-84.529,38.209],[-84.555,38.27],[-84.57,38.442],[-84.6,38.555],[-84.576,38.636],[-84.609,38.76],[-84.596,38.829],[-84.617,38.848],[-84.621,38.878]],[[-94.563,39.176],[-94.575,39.096]],[[-88.58,39.096],[-88.973,38.975],[-89.115,38.982],[-89.337,38.879],[-89.551,38.827],[-89.631,38.789],[-89.907,38.753]],[[-89.645,39.739],[-89.643,39.239],[-89.752,39.088],[-89.749,38.973],[-89.869,38.853],[-89.907,38.753]],[[-85.85,38.315],[-85.815,38.28]],[[-85.815,38.28],[-85.796,38.28]],[[-94.608,39.093],[-94.575,39.096]],[[-85.845,38.994],[-85.835,38.925],[-85.802,38.885],[-85.823,38.763],[-85.779,38.654],[-85.753,38.35]],[[-85.753,38.35],[-85.751,38.268]],[[-84.456,38.079],[-84.524,38.114]],[[-94.608,39.07],[-94.575,39.096]],[[-84.148,38.018],[-84.032,38.061],[-83.815,38.105],[-83.787,38.124],[-83.499,38.181],[-83.466,38.199],[-83.405,38.275],[-83.244,38.318],[-83.001,38.325],[-82.863,38.367],[-82.598,38.381]],[[-85.72,38.259],[-85.671,38.289],[-85.574,38.309]],[[-85.574,38.309],[-85.361,38.39],[-85.218,38.536],[-85.157,38.626],[-84.88,38.716],[-84.621,38.878]],[[-85.751,38.268],[-85.751,38.259]],[[-85.751,38.259],[-85.75,38.244]],[[-85.796,38.28],[-85.751,38.259]],[[-85.751,38.259],[-85.75,38.259]],[[-84.428,38.053],[-84.456,38.079]],[[-84.524,38.114],[-84.609,38.159],[-84.812,38.174],[-84.991,38.147],[-85.505,38.221]],[[-85.505,38.221],[-85.626,38.235]],[[-85.626,38.235],[-85.675,38.233],[-85.75,38.261]],[[-102.046,39.331],[-101.393,39.331],[-101.313,39.366],[-101.033,39.366],[-100.87,39.192]],[[-92.295,38.961],[-91.805,38.935],[-91.708,38.907],[-91.494,38.9],[-91.182,38.827],[-91.097,38.822],[-91.024,38.838],[-90.824,38.799]],[[-84.148,38.018],[-84.209,38.011],[-84.367,38.058],[-84.428,38.053]],[[-93.2,38.964],[-94.236,39.023],[-94.302,39.039],[-94.496,39.055]],[[-94.496,39.055],[-94.575,39.096]],[[-92.295,38.961],[-92.517,38.97],[-92.588,38.933],[-92.946,38.928],[-93.2,38.964]],[[-95.723,39.027],[-95.624,39.027]],[[-95.233,38.994],[-95.183,38.996],[-95.077,39.05],[-94.864,39.101]],[[-95.624,39.027],[-95.233,38.994]],[[-89.907,38.753],[-89.907,38.751]],[[-89.907,38.751],[-89.916,38.72],[-90.031,38.674]],[[-90.031,38.674],[-90.117,38.65],[-90.145,38.628]],[[-90.181,38.626],[-90.145,38.628]],[[-90.197,38.626],[-90.181,38.626]],[[-90.197,38.626],[-90.22,38.674],[-90.333,38.718]],[[-90.333,38.718],[-90.445,38.742]],[[-90.445,38.742],[-90.551,38.787],[-90.824,38.799]],[[-78.091,36.757],[-77.919,36.842],[-77.862,36.849],[-77.728,36.934],[-77.562,37.089],[-77.506,37.177],[-77.475,37.2],[-77.426,37.204]],[[-81.109,37.278],[-81.063,37.315],[-81.047,37.374],[-81.071,37.469],[-81.118,37.511],[-81.124,37.586]],[[-81.13,37.256],[-81.109,37.278]],[[-105.04,39.72],[-104.946,39.689],[-104.883,39.591],[-104.882,39.439],[-104.857,39.374],[-104.896,39.279],[-104.852,39.187],[-104.861,39.089],[-104.807,38.971],[-104.835,38.885],[-104.835,38.827]],[[-87.446,38.176],[-87.25,38.2],[-86.979,38.195],[-86.87,38.212],[-86.826,38.199],[-86.661,38.237],[-86.413,38.247],[-86.38,38.233],[-86.311,38.252],[-86.1,38.245],[-85.946,38.277],[-85.85,38.315]],[[-90.145,38.628],[-90.071,38.62]],[[-90.071,38.62],[-89.74,38.542],[-89.591,38.489],[-89.525,38.437],[-89.384,38.398],[-89.127,38.39],[-89.091,38.369],[-88.962,38.347]],[[-88.962,38.347],[-88.917,38.334]],[[-87.55,38.171],[-87.473,38.173]],[[-87.473,38.173],[-87.446,38.176]],[[-87.983,38.223],[-87.946,38.199],[-87.837,38.192],[-87.75,38.166],[-87.55,38.171]],[[-100.87,39.192],[-100.799,39.112],[-100.335,39.096],[-100.162,39.023],[-99.924,39.02],[-99.675,38.975],[-99.602,38.947],[-99.382,38.919],[-99.266,38.876],[-98.842,38.862]],[[-98.842,38.862],[-98.17,38.846],[-98.01,38.878],[-97.642,38.878]],[[-88.895,38.266],[-88.757,38.278],[-88.297,38.266],[-88.221,38.245],[-87.983,38.223]],[[-80.918,36.948],[-80.868,36.953],[-80.821,36.993],[-80.762,37.006],[-80.689,37.082],[-80.38,37.125],[-80.248,37.231],[-80.041,37.329],[-80.01,37.358],[-79.982,37.36]],[[-95.268,38.575],[-95.247,38.584],[-95.231,38.638],[-94.948,38.766],[-94.799,38.869],[-94.745,38.938]],[[-94.745,38.938],[-94.742,38.942]],[[-94.742,38.942],[-94.695,38.994],[-94.681,39.034],[-94.608,39.07]],[[-81.13,37.256],[-81.09,37.217],[-81.13,37.177],[-81.142,37.098],[-81.116,37.028],[-81.061,36.953]],[[-81.061,36.953],[-81.031,36.94],[-80.918,36.948]],[[-85.836,37.7],[-85.743,37.791],[-85.696,37.879],[-85.7,38.112]],[[-85.7,38.112],[-85.738,38.194]],[[-85.738,38.194],[-85.755,38.214],[-85.75,38.244]],[[-96.237,38.414],[-96.204,38.431],[-95.73,38.428],[-95.53,38.466],[-95.268,38.575]],[[-96.237,38.414],[-96.056,38.61],[-95.897,38.819],[-95.699,38.985],[-95.624,39.027]],[[-104.835,38.827],[-104.701,38.674],[-104.614,38.478],[-104.614,38.308]],[[-97.621,38.376],[-97.621,38.773],[-97.647,38.845],[-97.642,38.878]],[[-84.428,38.053],[-84.385,37.933],[-84.333,37.863],[-84.313,37.808],[-84.326,37.737],[-84.308,37.65],[-84.343,37.455],[-84.338,37.384],[-84.312,37.372],[-84.287,37.308],[-84.218,37.228],[-84.154,37.202],[-84.112,37.15]],[[-77.878,35.979],[-77.876,36.007],[-77.827,36.064],[-77.7,36.334],[-77.647,36.403],[-77.581,36.545]],[[-80.743,36.559],[-80.734,36.629],[-80.71,36.657]],[[-82.177,36.629],[-82.257,36.596]],[[-113.455,37.165],[-113.271,37.351],[-113.229,37.419],[-113.21,37.533],[-113.151,37.622],[-113.089,37.643],[-113.073,37.718],[-113.033,37.761],[-112.806,37.884],[-112.62,38.148],[-112.651,38.202],[-112.675,38.377],[-112.615,38.478],[-112.615,38.577]],[[-79.166,36.059],[-79.256,36.075],[-79.687,36.054]],[[-79.687,36.054],[-79.774,36.045]],[[-85.836,37.7],[-85.88,37.553],[-85.883,37.379],[-85.946,37.191],[-85.977,37.136],[-86.113,37.061]],[[-80.234,36.097],[-80.189,36.103]],[[-80.189,36.103],[-80.085,36.109],[-79.909,36.058]],[[-79.909,36.058],[-79.812,36.031]],[[-79.166,36.059],[-79.062,35.986],[-78.998,35.964],[-78.972,35.908],[-78.887,35.92],[-78.829,35.892],[-78.741,35.823],[-78.737,35.767]],[[-96.846,37.903],[-96.466,38.176],[-96.237,38.414]],[[-78.737,35.767],[-78.687,35.752],[-78.591,35.753],[-78.583,35.703]],[[-113.599,37.047],[-113.565,37.098],[-113.455,37.165]],[[-84.112,37.15],[-84.096,37.046],[-84.176,36.806],[-84.168,36.726],[-84.103,36.594]],[[-86.432,36.914],[-86.37,37.006],[-86.267,37.016],[-86.234,37.04],[-86.113,37.061]],[[-78.296,35.517],[-78.14,35.578],[-78.086,35.661],[-78.032,35.71],[-77.987,35.828],[-77.878,35.979]],[[-78.317,35.507],[-78.298,35.516]],[[-88.686,37.129],[-88.681,37.179],[-88.763,37.322],[-88.867,37.417],[-88.91,37.523],[-88.995,37.605]],[[-104.614,38.308],[-104.606,38.259],[-104.632,38.178],[-104.828,37.917],[-104.835,37.759],[-104.764,37.626]],[[-97.31,37.679],[-97.322,37.763]],[[-97.322,37.763],[-97.322,38.065],[-97.621,38.315],[-97.621,38.376]],[[-88.662,37.059],[-88.686,37.092],[-88.686,37.129]],[[-89.186,37.098],[-89.155,37.176],[-89.152,37.436],[-89.126,37.48],[-89.0,37.582],[-88.995,37.605]],[[-97.31,37.608],[-97.246,37.665],[-97.184,37.681]],[[-97.184,37.681],[-96.963,37.775],[-96.846,37.903]],[[-88.662,37.059],[-88.589,37.019],[-88.509,37.002],[-88.337,36.992]],[[-78.315,35.51],[-78.369,35.477],[-78.392,35.444],[-78.51,35.394]],[[-78.482,35.364],[-78.51,35.394]],[[-78.51,35.394],[-78.574,35.562],[-78.564,35.667],[-78.581,35.703]],[[-80.844,35.811],[-80.618,35.906],[-80.479,36.0],[-80.396,36.03],[-80.312,36.083],[-80.285,36.093]],[[-80.285,36.093],[-80.281,36.093]],[[-80.281,36.093],[-80.234,36.097]],[[-80.844,35.811],[-80.844,35.936],[-80.809,36.208],[-80.823,36.28],[-80.793,36.335],[-80.795,36.377],[-80.748,36.497],[-80.743,36.559]],[[-89.186,37.098],[-89.181,37.016],[-89.155,36.999]],[[-86.432,36.914],[-86.486,36.766],[-86.574,36.643]],[[-121.35,37.602],[-121.181,37.469],[-121.136,37.391],[-121.086,37.231],[-121.018,37.113],[-120.804,36.893],[-120.603,36.615],[-120.447,36.495],[-120.249,36.261]],[[-120.249,36.261],[-120.117,36.089],[-119.94,35.964],[-119.816,35.84],[-119.651,35.616]],[[-82.37,36.354],[-82.32,36.28],[-82.33,36.236],[-82.353,36.193],[-82.415,36.136],[-82.551,36.04],[-82.558,35.957]],[[-87.337,36.643],[-87.458,36.707]],[[-89.209,37.019],[-89.322,36.907],[-89.473,36.894],[-89.541,36.872]],[[-83.384,36.07],[-83.48,36.019],[-83.6,35.986],[-83.858,36.012],[-83.945,35.967]],[[-84.103,36.594],[-84.209,36.488],[-84.294,36.431],[-84.242,36.38],[-84.218,36.28],[-84.034,36.136],[-84.011,36.094],[-84.006,36.005],[-83.945,35.967]],[[-93.241,37.245],[-93.337,37.243],[-93.404,37.209],[-93.505,37.184],[-93.641,37.177],[-93.82,37.089],[-93.886,37.073],[-94.353,37.082],[-94.481,37.037]],[[-83.034,35.705],[-82.997,35.667],[-83.008,35.602],[-82.922,35.54]],[[-83.037,35.755],[-83.037,35.703]],[[-83.384,36.07],[-83.317,36.031],[-83.294,35.967],[-83.195,35.931],[-83.174,35.823],[-83.039,35.757]],[[-94.481,37.037],[-94.618,36.997]],[[-104.764,37.626],[-104.55,37.306],[-104.501,37.261],[-104.501,37.169],[-104.522,37.136],[-104.515,37.058],[-104.472,37.014],[-104.458,36.94],[-104.411,36.914],[-104.408,36.901],[-104.418,36.882]],[[-86.788,36.248],[-86.818,36.306],[-86.901,36.334],[-87.214,36.516],[-87.281,36.603],[-87.337,36.643]],[[-114.893,35.964],[-115.062,36.076],[-115.091,36.165],[-115.164,36.174]],[[-83.945,35.967],[-84.128,35.924],[-84.254,35.872]],[[-80.852,35.272],[-80.854,35.272]],[[-82.532,35.799],[-82.586,35.674],[-82.568,35.596]],[[-82.568,35.596],[-82.608,35.557]],[[-86.786,36.163],[-86.788,36.248]],[[-80.852,35.272],[-80.865,35.22]],[[-86.727,36.148],[-86.786,36.163]],[[-82.608,35.557],[-82.921,35.54]],[[-80.865,35.22],[-80.913,35.124]],[[-80.913,35.124],[-80.927,35.101]],[[-80.854,35.272],[-80.911,35.255],[-80.965,35.26]],[[-80.965,35.26],[-81.059,35.276],[-81.262,35.272],[-81.434,35.168]],[[-82.4,35.286],[-82.481,35.389],[-82.525,35.415],[-82.608,35.557]],[[-119.651,35.616],[-119.542,35.503],[-119.295,35.328],[-118.957,35.022]],[[-115.393,35.611],[-115.355,35.755],[-115.181,35.95],[-115.178,36.123],[-115.164,36.174]],[[-82.17,35.194],[-82.207,35.245],[-82.342,35.252],[-82.4,35.286]],[[-78.645,35.226],[-78.772,35.104],[-78.841,34.975],[-78.946,34.922],[-78.986,34.819],[-79.008,34.665],[-79.046,34.625],[-79.104,34.602]],[[-78.51,35.394],[-78.51,35.394]],[[-78.51,35.394],[-78.609,35.295],[-78.643,35.227]],[[-89.541,36.872],[-89.542,36.653],[-89.61,36.511],[-89.699,36.405],[-89.707,36.301],[-89.745,36.208]],[[-89.745,36.208],[-89.751,36.202]],[[-94.618,36.997],[-94.683,36.945],[-94.846,36.881],[-94.922,36.729],[-95.174,36.617],[-95.219,36.561]],[[-89.634,36.116],[-89.605,36.096],[-89.44,36.07],[-89.33,36.09]],[[-81.434,35.168],[-81.59,35.107],[-81.764,35.069],[-81.91,35.015],[-82.005,34.97]],[[-82.005,34.97],[-82.058,35.076],[-82.12,35.158],[-82.17,35.194]],[[-89.751,36.202],[-89.751,36.129],[-89.824,36.07],[-89.874,36.002]],[[-97.343,37.0],[-97.352,36.585],[-97.317,36.46],[-97.317,36.394]],[[-117.008,34.887],[-116.986,34.913]],[[-88.856,35.661],[-88.745,35.679],[-88.57,35.745],[-88.262,35.819],[-88.157,35.819],[-88.04,35.866],[-87.896,35.866],[-87.844,35.882],[-87.703,35.872],[-87.634,35.899],[-87.54,35.969],[-87.462,35.998],[-87.321,36.024],[-87.189,36.023],[-87.111,36.078],[-87.069,36.089],[-86.97,36.071],[-86.87,36.137],[-86.786,36.163]],[[-95.975,36.162],[-95.763,36.167],[-95.6,36.295],[-95.468,36.351],[-95.391,36.432],[-95.219,36.561]],[[-95.987,36.146],[-95.975,36.162]],[[-96.008,36.113],[-95.987,36.146]],[[-79.104,34.602],[-79.117,34.591]],[[-79.117,34.591],[-79.277,34.527],[-79.538,34.343],[-79.783,34.244],[-79.849,34.196]],[[-81.872,34.514],[-81.941,34.703],[-81.959,34.805],[-81.993,34.873],[-82.005,34.968]],[[-82.005,34.968],[-82.005,34.97]],[[-82.29,34.753],[-82.238,34.699],[-82.087,34.619],[-82.016,34.557],[-81.872,34.514]],[[-84.886,35.194],[-84.947,35.151],[-85.045,35.121],[-85.064,35.092],[-85.126,35.068],[-85.208,35.005]],[[-85.197,34.986],[-85.208,35.005]],[[-86.727,36.148],[-86.729,36.116],[-86.68,36.057],[-86.578,35.988],[-86.387,35.811],[-86.245,35.627],[-86.234,35.585],[-86.078,35.498],[-85.904,35.3],[-85.873,35.238],[-85.824,35.231],[-85.807,35.182],[-85.743,35.107],[-85.736,35.069],[-85.708,35.05]],[[-85.208,35.005],[-85.369,35.021],[-85.418,34.984]],[[-118.957,35.022],[-118.919,34.894],[-118.861,34.84],[-118.884,34.811],[-118.8,34.769],[-118.794,34.708],[-118.715,34.625],[-118.705,34.585],[-118.627,34.51],[-118.609,34.451],[-118.582,34.427],[-118.547,34.35],[-118.509,34.333]],[[-85.418,34.984],[-85.442,34.97]],[[-85.47,34.984],[-85.442,34.97]],[[-82.308,34.83],[-82.389,34.795],[-82.441,34.791]],[[-82.441,34.791],[-82.46,34.783],[-82.476,34.764],[-82.511,34.689],[-82.638,34.609],[-82.872,34.519],[-83.001,34.5]],[[-80.927,35.101],[-80.993,34.995],[-80.981,34.916],[-81.028,34.837],[-81.042,34.779],[-81.035,34.666],[-80.998,34.531],[-81.014,34.243],[-80.943,34.072]],[[-89.874,36.002],[-89.877,35.915],[-89.931,35.873],[-90.239,35.411],[-90.273,35.392]],[[-86.786,36.163],[-86.767,36.09],[-86.819,35.938],[-86.837,35.819],[-86.877,35.74],[-86.908,35.556],[-86.878,35.41],[-86.885,34.993]],[[-114.752,34.88],[-114.673,34.885],[-114.594,34.814]],[[-118.509,34.333],[-118.462,34.286]],[[-118.462,34.286],[-118.408,34.232],[-118.375,34.154]],[[-81.109,34.036],[-81.03,34.069],[-80.943,34.072]],[[-81.109,34.036],[-81.21,34.13],[-81.49,34.255],[-81.66,34.357],[-81.717,34.42],[-81.872,34.514]],[[-85.553,34.715],[-85.534,34.849],[-85.442,34.97]],[[-105.924,35.63],[-105.877,35.556]],[[-88.856,35.661],[-89.258,35.536],[-89.28,35.476],[-89.355,35.427],[-89.891,35.154],[-89.93,35.196],[-90.029,35.2]],[[-90.273,35.392],[-90.272,35.351],[-90.192,35.173]],[[-96.008,36.113],[-96.068,36.07],[-96.101,36.017],[-96.19,35.99],[-96.357,35.866],[-96.412,35.842],[-96.709,35.752],[-97.057,35.681],[-97.131,35.642],[-97.426,35.599]],[[-97.317,36.394],[-97.347,35.979],[-97.383,35.913],[-97.393,35.833],[-97.416,35.807],[-97.426,35.603]],[[-97.426,35.603],[-97.426,35.599]],[[-94.325,35.472],[-94.292,35.474],[-94.222,35.524]],[[-86.885,34.993],[-86.922,34.875],[-86.92,34.788]],[[-90.192,35.173],[-90.072,35.137]],[[-90.029,35.2],[-90.03,35.132]],[[-90.072,35.137],[-90.03,35.132]],[[-97.465,35.545],[-97.426,35.599]],[[-95.176,35.486],[-95.391,35.457],[-95.532,35.455]],[[-117.951,34.13],[-117.974,34.071],[-118.013,34.039]],[[-118.013,34.039],[-118.055,34.008],[-118.094,33.942]],[[-118.375,34.154],[-118.332,34.111],[-118.222,34.045]],[[-118.222,34.045],[-118.16,34.008]],[[-118.16,34.008],[-118.094,33.942]],[[-117.008,34.887],[-117.067,34.88],[-117.092,34.817],[-117.198,34.712],[-117.224,34.635],[-117.312,34.534],[-117.375,34.427],[-117.411,34.38],[-117.482,34.338],[-117.449,34.258],[-117.4,34.22]],[[-97.939,35.5],[-98.003,35.531],[-98.199,35.533],[-98.284,35.549],[-98.331,35.535]],[[-117.358,33.99],[-117.358,33.99]],[[-117.358,33.99],[-117.295,34.064]],[[-95.532,35.455],[-95.968,35.43]],[[-97.465,35.545],[-97.475,35.474]],[[-97.581,35.462],[-97.583,35.462]],[[-97.583,35.462],[-97.718,35.47]],[[-97.718,35.47],[-97.808,35.5],[-97.939,35.5]],[[-90.03,35.132],[-90.006,34.996]],[[-86.891,34.63],[-86.732,34.672],[-86.599,34.734]],[[-118.094,33.942],[-118.043,33.894],[-117.974,33.857]],[[-110.163,34.906],[-110.222,34.915],[-110.303,34.955],[-110.526,34.982],[-110.666,35.021],[-110.698,35.05],[-111.159,35.123],[-111.422,35.203],[-111.578,35.215],[-111.663,35.173]],[[-97.475,35.474],[-97.4,35.434],[-97.235,35.387],[-96.485,35.382],[-96.249,35.425],[-95.968,35.43]],[[-97.475,35.474],[-97.491,35.455],[-97.496,35.392]],[[-118.467,34.159],[-118.479,34.111],[-118.433,34.028]],[[-118.433,34.028],[-118.366,33.961],[-118.366,33.932]],[[-118.366,33.932],[-118.366,33.897],[-118.351,33.881],[-118.281,33.854]],[[-118.281,33.854],[-118.246,33.826],[-118.196,33.821]],[[-118.196,33.821],[-118.092,33.784]],[[-105.924,35.63],[-105.948,35.637],[-105.99,35.622],[-106.155,35.529],[-106.234,35.51],[-106.485,35.363],[-106.557,35.271],[-106.613,35.118]],[[-83.001,34.5],[-83.339,34.343],[-83.492,34.236],[-83.671,34.138],[-84.032,34.034]],[[-83.805,34.298],[-83.843,34.243],[-83.924,34.184],[-84.032,34.034]],[[-98.331,35.535],[-98.646,35.54],[-98.68,35.536],[-98.692,35.519],[-98.906,35.516],[-99.128,35.474],[-99.222,35.425],[-99.347,35.422],[-99.404,35.391],[-99.517,35.38],[-99.597,35.333],[-99.648,35.259],[-99.816,35.229],[-100.0,35.229]],[[-100.0,35.229],[-100.248,35.231]],[[-103.043,35.182],[-102.975,35.189],[-102.735,35.269],[-102.636,35.276],[-102.101,35.193],[-101.839,35.191]],[[-101.839,35.191],[-101.698,35.191]],[[-117.974,33.857],[-117.781,33.71],[-117.734,33.644]],[[-100.248,35.231],[-100.634,35.226],[-100.769,35.213],[-100.832,35.184],[-101.546,35.224],[-101.698,35.191]],[[-80.548,33.319],[-80.465,33.492],[-80.305,33.619],[-80.239,33.71],[-80.187,33.749],[-80.014,34.003],[-79.849,34.196]],[[-80.548,33.319],[-80.757,33.482],[-80.84,33.574],[-80.934,33.734],[-80.986,33.776],[-81.043,33.892],[-81.097,33.96],[-81.109,34.036]],[[-106.587,35.107],[-106.46,35.064],[-106.382,35.08],[-106.314,35.114],[-106.036,35.005],[-105.661,35.008]],[[-103.701,35.158],[-103.675,35.172],[-103.496,35.182],[-103.458,35.153],[-103.327,35.106],[-103.043,35.182]],[[-81.109,34.036],[-81.332,33.911],[-81.637,33.68],[-81.729,33.64],[-81.808,33.626],[-82.012,33.529]],[[-101.839,35.191],[-101.926,35.101],[-101.94,35.054]],[[-97.673,35.245],[-97.835,35.134],[-97.937,35.024]],[[-104.665,34.936],[-104.491,35.012],[-104.447,35.01],[-104.289,35.064],[-104.157,35.064],[-103.998,35.113],[-103.946,35.123],[-103.861,35.113],[-103.796,35.146],[-103.701,35.158]],[[-105.661,35.008],[-104.776,34.974],[-104.665,34.936]],[[-82.012,33.529],[-82.111,33.487],[-82.502,33.513]],[[-84.378,33.807],[-84.257,33.873]],[[-84.257,33.873],[-84.084,33.977],[-84.032,34.034]],[[-84.378,33.807],[-84.454,33.899]],[[-84.454,33.899],[-84.496,33.939],[-84.607,34.078],[-84.65,34.095],[-84.718,34.086],[-84.76,34.123],[-84.767,34.191],[-84.735,34.222],[-84.807,34.255],[-84.847,34.321],[-84.916,34.389],[-84.918,34.543],[-84.996,34.67],[-85.001,34.802],[-85.018,34.854],[-85.043,34.878],[-85.144,34.918],[-85.197,34.986]],[[-92.232,34.781],[-92.27,34.71]],[[-86.074,34.02],[-85.993,34.09],[-85.977,34.163],[-85.701,34.491],[-85.685,34.547],[-85.553,34.715]],[[-84.378,33.807],[-84.388,33.772]],[[-84.388,33.772],[-84.388,33.739]],[[-84.491,33.763],[-84.388,33.739]],[[-117.182,33.553],[-117.17,33.685],[-117.187,33.762],[-117.232,33.798],[-117.298,33.944]],[[-117.564,33.878],[-117.566,33.855],[-117.508,33.817],[-117.484,33.762],[-117.458,33.763],[-117.333,33.697],[-117.241,33.59],[-117.184,33.548]],[[-84.242,33.716],[-84.24,33.716]],[[-84.24,33.716],[-84.115,33.706],[-83.978,33.635],[-83.89,33.609],[-83.699,33.612],[-83.457,33.551],[-83.36,33.55],[-83.291,33.531],[-83.037,33.55],[-82.693,33.485],[-82.502,33.513]],[[-79.942,32.794],[-80.019,32.885]],[[-80.019,32.885],[-80.08,32.987],[-80.168,33.06],[-80.351,33.159],[-80.548,33.319]],[[-97.937,35.024],[-98.05,34.92],[-98.331,34.771]],[[-117.001,33.946],[-116.99,33.939]],[[-116.99,33.939],[-116.692,33.928],[-116.539,33.906],[-116.388,33.81],[-116.192,33.716]],[[-116.192,33.716],[-115.82,33.661],[-115.699,33.661],[-115.428,33.704],[-115.336,33.703],[-114.961,33.605],[-114.589,33.607]],[[-114.589,33.607],[-114.518,33.602],[-114.367,33.645],[-114.216,33.663]],[[-114.216,33.663],[-114.091,33.682],[-114.02,33.663]],[[-117.137,33.482],[-117.133,33.458],[-117.173,33.381],[-117.147,33.3],[-117.156,33.263],[-117.085,33.121]],[[-92.27,34.71],[-92.262,34.566],[-92.21,34.494],[-92.17,34.342],[-92.09,34.241],[-91.986,34.236],[-91.958,34.206]],[[-80.884,32.631],[-80.868,32.706],[-80.766,32.791],[-80.686,32.944],[-80.642,33.119],[-80.548,33.319]],[[-86.074,34.02],[-86.125,33.967],[-86.206,33.927],[-86.376,33.798],[-86.465,33.769],[-86.552,33.673],[-86.597,33.657],[-86.613,33.645],[-86.667,33.59],[-86.75,33.548]],[[-86.75,33.548],[-86.677,33.525]],[[-86.677,33.525],[-86.409,33.605],[-86.257,33.611],[-86.005,33.579],[-85.88,33.584],[-85.829,33.605]],[[-86.826,33.522],[-86.75,33.548]],[[-86.826,33.522],[-86.825,33.841],[-86.866,33.911],[-86.877,34.225],[-86.913,34.295],[-86.885,34.366],[-86.9,34.629]],[[-86.9,34.629],[-86.891,34.63]],[[-86.849,33.522],[-86.826,33.522]],[[-106.62,35.123],[-106.624,35.118]],[[-106.624,35.118],[-106.781,34.774],[-106.801,34.698],[-106.799,34.56],[-106.92,34.258],[-106.929,34.184],[-106.901,34.05]],[[-111.663,35.173],[-111.684,35.139],[-111.684,34.967],[-111.656,34.944],[-111.634,34.873],[-111.602,34.85],[-111.609,34.817],[-111.59,34.79],[-111.667,34.757],[-111.816,34.652],[-111.908,34.562],[-111.91,34.541],[-111.979,34.533],[-112.047,34.432],[-112.113,34.373],[-112.12,34.324]],[[-117.238,32.754],[-117.132,32.771]],[[-117.132,32.771],[-117.109,32.777]],[[-112.104,33.466],[-112.274,33.458],[-112.464,33.475],[-112.554,33.463],[-112.608,33.428]],[[-114.02,33.663],[-113.559,33.607],[-112.608,33.428]],[[-84.485,33.619],[-84.52,33.579],[-84.614,33.529],[-84.746,33.397],[-84.815,33.218],[-84.867,33.171],[-84.944,33.062]],[[-98.331,34.771],[-98.397,34.725],[-98.378,34.597],[-98.413,34.543],[-98.415,34.316],[-98.512,34.14]],[[-112.1,33.464],[-112.101,33.44],[-111.986,33.423],[-111.967,33.38]],[[-90.006,34.996],[-89.987,34.861],[-89.963,34.805],[-89.961,34.68],[-89.9,34.456],[-89.921,34.178],[-89.838,33.847],[-89.836,33.737],[-89.782,33.597],[-89.763,33.487]],[[-115.569,32.773],[-115.499,32.773]],[[-86.849,33.522],[-86.917,33.494],[-87.012,33.355],[-87.167,33.23],[-87.26,33.19],[-87.523,33.171]],[[-117.111,32.777],[-117.088,32.779],[-117.022,32.77],[-116.982,32.798],[-116.923,32.803],[-116.864,32.853],[-116.819,32.855],[-116.741,32.831],[-116.664,32.838],[-116.522,32.813],[-116.493,32.791],[-116.47,32.718],[-116.409,32.721],[-116.138,32.635],[-116.11,32.638],[-116.095,32.661],[-116.103,32.677]],[[-116.103,32.677],[-116.057,32.727],[-115.779,32.773],[-115.569,32.773]],[[-83.678,32.85],[-83.65,32.855],[-83.622,32.85],[-83.56,32.793],[-83.518,32.701],[-83.492,32.685],[-83.105,32.522],[-82.816,32.473],[-82.702,32.437],[-82.655,32.447],[-82.457,32.43],[-82.263,32.386],[-82.033,32.367],[-81.874,32.306]],[[-81.248,32.075],[-81.356,32.114],[-81.488,32.202],[-81.651,32.233],[-81.874,32.306]],[[-81.248,32.075],[-81.182,32.06],[-81.106,32.067]],[[-115.499,32.773],[-115.286,32.775],[-115.089,32.707],[-114.914,32.725],[-114.836,32.76],[-114.62,32.734],[-114.605,32.699]],[[-97.152,33.736],[-97.169,33.72],[-97.162,33.64]],[[-84.961,32.544],[-84.977,32.671],[-85.013,32.73],[-85.015,32.805],[-84.952,32.923],[-84.944,33.062]],[[-101.94,35.054],[-101.917,34.878],[-101.77,34.541],[-101.782,34.529],[-101.768,34.434],[-101.711,34.257],[-101.716,34.227],[-101.747,34.199],[-101.749,34.133],[-101.844,34.059],[-101.853,33.979],[-101.836,33.63]],[[-84.925,32.405],[-84.961,32.544]],[[-84.925,32.405],[-84.966,32.44]],[[-111.967,33.38],[-111.972,33.305],[-111.693,32.932],[-111.686,32.82]],[[-112.745,32.945],[-112.538,32.909],[-112.359,32.853],[-112.059,32.833],[-111.71,32.838],[-111.686,32.82]],[[-81.382,31.763],[-81.326,31.902],[-81.333,31.954],[-81.274,32.009],[-81.248,32.075]],[[-86.241,32.329],[-86.335,32.329]],[[-86.826,33.522],[-86.814,33.499],[-86.828,33.479],[-86.825,33.433],[-86.787,33.401]],[[-86.787,33.401],[-86.781,33.329],[-86.809,33.232],[-86.752,33.143],[-86.722,33.032],[-86.613,32.874],[-86.458,32.562],[-86.342,32.417],[-86.319,32.365],[-86.335,32.329]],[[-88.403,32.45],[-88.233,32.586],[-88.155,32.692],[-87.776,32.994],[-87.629,33.136],[-87.523,33.171]],[[-88.407,32.424],[-88.447,32.426]],[[-88.447,32.426],[-88.403,32.45]],[[-88.634,32.384],[-88.447,32.426]],[[-88.634,32.384],[-88.717,32.348]],[[-88.717,32.348],[-88.766,32.341]],[[-81.382,31.763],[-81.406,31.631],[-81.45,31.508],[-81.45,31.393],[-81.505,31.242],[-81.573,31.138]],[[-94.999,33.171],[-95.053,33.156],[-95.297,33.164],[-95.542,33.149],[-95.596,33.117],[-96.081,33.126]],[[-96.791,32.794],[-96.796,32.782]],[[-96.671,32.8],[-96.773,32.78]],[[-96.773,32.78],[-96.791,32.794]],[[-83.53,31.452],[-83.511,31.502],[-83.518,31.528],[-83.711,31.825],[-83.756,31.957],[-83.759,32.108],[-83.74,32.244],[-83.766,32.341],[-83.742,32.508],[-83.744,32.642],[-83.726,32.718],[-83.657,32.812]],[[-92.048,32.496],[-91.529,32.449],[-91.262,32.414],[-91.201,32.393]],[[-96.796,32.782],[-96.909,32.735],[-96.994,32.734],[-97.152,32.768],[-97.319,32.727]],[[-97.319,32.727],[-97.31,32.938],[-97.167,33.208]],[[-97.167,33.208],[-97.166,33.211]],[[-89.763,33.487],[-89.799,33.242],[-89.888,33.114],[-89.898,33.076],[-89.942,33.031],[-89.975,32.945],[-90.053,32.846],[-90.074,32.595],[-90.148,32.454],[-90.154,32.36],[-90.178,32.277]],[[-88.766,32.341],[-88.825,32.353],[-89.068,32.35],[-89.429,32.322],[-89.52,32.341],[-89.869,32.277],[-90.178,32.277]],[[-93.601,32.541],[-93.517,32.551],[-93.481,32.579],[-93.333,32.595],[-93.161,32.565],[-92.951,32.57],[-92.05,32.496]],[[-108.947,32.235],[-108.751,32.353],[-108.7,32.35]],[[-94.358,32.49],[-94.144,32.485],[-93.981,32.449]],[[-98.111,32.612],[-97.993,32.688],[-97.859,32.732],[-97.697,32.756],[-97.617,32.73],[-97.484,32.729]],[[-93.747,32.497],[-93.78,32.477],[-93.877,32.445]],[[-93.877,32.445],[-93.981,32.449]],[[-109.048,32.221],[-108.947,32.235]],[[-96.62,32.702],[-96.384,32.695],[-96.33,32.715],[-96.298,32.709],[-95.989,32.626],[-95.646,32.503],[-95.388,32.47]],[[-94.358,32.49],[-94.528,32.48],[-94.763,32.433],[-94.829,32.433]],[[-94.829,32.433],[-95.106,32.438],[-95.388,32.47]],[[-108.7,32.35],[-108.37,32.174],[-107.751,32.266]],[[-110.958,32.197],[-110.878,32.124],[-110.658,31.997],[-110.442,31.964],[-110.314,31.971]],[[-110.314,31.971],[-110.267,31.968],[-110.117,32.016],[-109.996,32.154],[-109.885,32.22],[-109.76,32.339],[-109.722,32.355],[-109.624,32.364],[-109.048,32.221]],[[-106.769,32.35],[-106.729,32.306],[-106.71,32.254]],[[-107.751,32.266],[-107.592,32.286],[-107.382,32.235],[-107.131,32.246],[-106.867,32.282],[-106.717,32.258]],[[-100.502,32.447],[-100.405,32.449],[-100.36,32.483],[-100.28,32.494],[-100.125,32.494],[-99.859,32.459],[-99.771,32.483]],[[-81.573,31.138],[-81.648,31.056],[-81.684,30.931],[-81.653,30.75],[-81.676,30.693],[-81.634,30.516],[-81.646,30.46]],[[-81.646,30.46],[-81.648,30.454]],[[-99.771,32.483],[-99.724,32.49],[-99.628,32.437],[-99.224,32.376],[-98.863,32.371],[-98.619,32.477],[-98.364,32.516],[-98.164,32.576],[-98.111,32.612]],[[-100.502,32.447],[-100.686,32.407],[-100.868,32.409],[-101.025,32.355],[-101.212,32.324],[-101.212,32.31],[-101.45,32.259],[-101.49,32.263]],[[-106.717,32.258],[-106.667,32.193],[-106.575,32.015],[-106.559,31.895],[-106.486,31.804]],[[-96.796,32.782],[-96.829,32.711],[-96.82,32.645]],[[-96.82,32.645],[-96.826,32.503],[-96.872,32.398],[-96.855,32.362],[-96.874,32.246],[-96.912,32.171],[-96.982,32.115],[-97.095,32.056]],[[-97.095,32.056],[-97.201,32.378],[-97.319,32.553],[-97.314,32.661]],[[-97.314,32.661],[-97.319,32.727]],[[-81.674,30.318],[-81.66,30.325],[-81.669,30.339]],[[-106.486,31.804],[-106.469,31.782],[-106.424,31.778]],[[-81.582,30.25],[-81.674,30.318]],[[-110.958,32.197],[-110.986,32.152],[-110.994,32.086],[-110.994,31.992],[-110.97,31.898],[-111.057,31.732],[-111.062,31.674],[-111.054,31.568],[-110.97,31.438],[-110.942,31.339]],[[-88.766,32.341],[-88.862,32.181],[-88.921,32.013],[-89.044,31.874],[-89.058,31.77],[-89.32,31.494],[-89.318,31.395],[-89.35,31.36]],[[-101.49,32.263],[-101.938,32.074],[-101.975,32.055],[-102.037,31.983],[-102.157,31.943],[-102.355,31.829]],[[-83.89,30.476],[-83.614,30.433],[-83.483,30.438],[-83.127,30.342],[-82.988,30.347],[-82.912,30.302],[-82.754,30.266]],[[-85.381,30.754],[-85.27,30.754],[-84.994,30.641],[-84.781,30.624],[-84.596,30.54],[-84.444,30.495],[-84.343,30.478],[-84.247,30.504]],[[-97.109,31.603],[-97.109,31.771],[-97.086,31.89],[-97.117,31.964],[-97.095,32.056]],[[-96.773,32.78],[-96.714,32.665]],[[-96.714,32.665],[-96.657,32.536],[-96.657,32.407],[-96.6,32.317],[-96.532,32.284],[-96.483,32.226],[-96.438,32.1],[-96.452,32.063],[-96.414,31.969],[-96.421,31.93],[-96.192,31.751],[-96.14,31.568],[-96.074,31.45]],[[-103.482,31.402],[-103.406,31.422],[-103.327,31.471],[-102.888,31.577],[-102.433,31.817],[-102.355,31.829]],[[-90.478,31.542],[-90.478,31.148],[-90.508,30.987]],[[-87.222,30.505],[-87.297,30.514],[-87.379,30.566],[-87.526,30.584],[-87.603,30.627],[-88.037,30.691]],[[-87.113,30.533],[-87.056,30.554],[-86.972,30.617],[-86.705,30.714],[-86.545,30.73],[-86.43,30.721],[-86.267,30.749],[-86.137,30.697],[-86.027,30.695],[-85.972,30.702],[-85.824,30.759],[-85.381,30.754]],[[-88.037,30.691],[-88.058,30.67],[-88.124,30.655]],[[-88.124,30.655],[-88.124,30.726],[-88.097,30.757],[-88.106,30.802],[-88.071,30.858],[-87.939,30.926],[-87.714,30.981],[-87.382,31.171],[-87.009,31.419]],[[-87.009,31.419],[-86.774,31.65],[-86.663,31.831],[-86.538,31.966],[-86.423,32.187],[-86.345,32.286],[-86.335,32.329]],[[-87.222,30.505],[-87.165,30.505],[-87.16,30.509]],[[-87.222,30.505],[-87.243,30.462],[-87.207,30.412]],[[-104.052,31.091],[-104.039,31.117],[-103.748,31.332],[-103.544,31.407],[-103.482,31.402]],[[-104.052,31.091],[-104.163,31.058],[-104.441,31.072],[-104.826,31.037]],[[-97.47,31.03],[-97.393,31.061],[-97.331,31.127],[-97.135,31.521],[-97.109,31.603]],[[-88.124,30.655],[-88.214,30.57],[-88.433,30.466],[-88.618,30.434],[-88.704,30.433],[-88.783,30.459],[-88.896,30.45]],[[-88.896,30.45],[-88.966,30.462],[-89.096,30.436]],[[-89.35,31.36],[-89.355,31.283],[-89.323,31.228],[-89.41,31.007],[-89.518,30.794],[-89.525,30.75],[-89.685,30.469]],[[-81.582,30.25],[-81.535,30.207],[-81.533,30.165],[-81.479,30.103],[-81.49,30.028],[-81.41,29.917],[-81.318,29.681],[-81.274,29.653],[-81.191,29.503],[-81.13,29.349],[-81.129,29.292],[-81.078,29.154]],[[-81.078,29.154],[-81.094,29.147]],[[-102.909,30.901],[-103.129,30.912],[-103.744,31.009],[-103.848,31.007],[-104.052,31.091]],[[-90.508,30.987],[-90.53,30.901],[-90.534,30.688],[-90.49,30.481]],[[-90.49,30.481],[-90.261,30.481],[-90.084,30.429]],[[-102.645,30.877],[-102.89,30.905],[-102.909,30.901]],[[-89.624,30.308],[-89.292,30.405],[-89.096,30.436]],[[-89.685,30.469],[-89.74,30.377],[-89.742,30.308]],[[-90.084,30.429],[-89.862,30.327],[-89.742,30.308]],[[-89.742,30.308],[-89.676,30.297],[-89.624,30.308]],[[-91.123,30.391],[-91.058,30.433],[-90.895,30.467],[-90.49,30.481]],[[-91.152,30.405],[-91.123,30.391]],[[-91.152,30.405],[-91.284,30.453],[-91.338,30.448],[-92.015,30.261]],[[-92.015,30.261],[-92.074,30.467],[-92.05,30.636],[-92.09,30.703],[-92.208,30.799],[-92.227,30.829],[-92.231,30.894],[-92.291,30.967],[-92.378,31.011],[-92.432,31.073],[-92.434,31.29]],[[-90.438,30.089],[-90.454,30.156],[-90.39,30.302],[-90.411,30.365],[-90.49,30.481]],[[-97.687,30.519],[-97.69,30.641],[-97.65,30.702],[-97.593,30.851],[-97.47,31.03]],[[-82.754,30.266],[-82.707,30.219],[-82.582,29.99],[-82.509,29.778],[-82.313,29.53],[-82.226,29.37],[-82.188,29.234],[-82.183,29.076],[-82.089,28.857]],[[-89.742,30.308],[-89.77,30.238],[-89.917,30.082],[-90.065,29.971]],[[-80.819,28.413],[-80.833,28.448]],[[-97.753,30.214],[-97.673,30.393],[-97.671,30.469],[-97.687,30.519]],[[-81.472,28.422],[-81.474,28.458],[-81.419,28.51],[-81.387,28.517],[-81.391,28.536]],[[-95.377,29.813],[-95.412,29.877],[-95.431,29.988],[-95.466,30.295],[-95.501,30.424],[-95.508,30.629],[-95.53,30.677],[-95.591,30.736],[-95.735,30.851],[-95.796,30.921],[-95.883,30.967],[-95.938,31.032],[-96.001,31.185],[-95.994,31.278],[-96.013,31.36],[-96.074,31.45]],[[-95.377,29.813],[-95.369,29.78]],[[-95.348,29.769],[-95.136,29.773],[-95.073,29.795],[-94.853,29.826],[-94.394,29.826],[-94.264,29.931],[-94.139,30.059]],[[-95.369,29.78],[-95.348,29.769]],[[-95.365,29.743],[-95.348,29.769]],[[-95.568,29.781],[-96.042,29.764],[-96.15,29.773],[-96.52,29.695]],[[-81.969,28.085],[-81.91,28.137],[-81.781,28.161],[-81.644,28.234],[-81.542,28.338]],[[-81.969,28.085],[-82.04,28.041],[-82.118,28.043],[-82.328,28.001]],[[-82.089,28.857],[-82.098,28.778],[-82.144,28.665],[-82.236,28.564],[-82.25,28.482],[-82.276,28.463],[-82.282,28.425],[-82.318,28.397],[-82.325,28.276],[-82.401,28.161],[-82.351,28.081],[-82.328,28.001]],[[-82.54,27.963],[-82.328,28.001]],[[-97.753,30.214],[-97.861,30.012],[-97.895,29.915],[-98.09,29.701],[-98.335,29.571]],[[-98.335,29.571],[-98.335,29.571]],[[-82.643,27.899],[-82.54,27.963]],[[-94.914,29.309],[-95.023,29.394],[-95.172,29.575],[-95.299,29.7],[-95.365,29.743]],[[-98.477,29.439],[-98.498,29.425]],[[-96.902,29.696],[-97.216,29.7],[-97.352,29.663],[-97.659,29.651],[-97.864,29.604],[-97.972,29.599],[-98.057,29.545],[-98.386,29.439]],[[-98.498,29.425],[-98.475,29.398]],[[-82.66,27.777],[-82.664,27.871],[-82.643,27.899]],[[-82.328,28.001],[-82.353,27.8],[-82.384,27.717],[-82.514,27.59]],[[-82.514,27.59],[-82.58,27.586],[-82.646,27.609],[-82.676,27.652],[-82.66,27.777]],[[-82.037,26.975],[-82.049,27.02],[-82.122,27.091],[-82.382,27.112],[-82.426,27.159],[-82.455,27.229],[-82.445,27.371],[-82.46,27.47],[-82.511,27.539],[-82.514,27.59]],[[-82.026,26.945],[-82.037,26.975]],[[-98.475,29.398],[-98.415,29.326]],[[-98.415,29.326],[-98.412,29.321]],[[-98.412,29.321],[-98.401,29.306],[-98.439,29.137],[-98.439,28.906],[-98.3,28.767],[-98.27,28.679],[-98.196,28.574],[-98.184,28.521],[-98.093,28.442],[-98.02,28.335]],[[-80.099,26.678],[-80.1,26.603],[-80.12,26.588],[-80.125,26.548],[-80.116,26.317],[-80.135,26.211],[-80.165,26.152],[-80.168,26.086]],[[-80.246,26.095],[-80.168,26.086]],[[-80.347,26.121],[-80.246,26.095]],[[-80.168,26.086],[-80.172,25.956],[-80.215,25.923]],[[-97.631,27.902],[-97.678,27.98],[-97.762,28.046],[-97.855,28.151],[-97.916,28.246],[-98.02,28.335]],[[-81.173,26.168],[-80.868,26.173],[-80.612,26.147]],[[-81.672,26.155],[-81.733,26.171],[-81.745,26.312],[-81.792,26.471],[-81.799,26.694],[-81.969,26.845],[-82.026,26.945]],[[-97.623,27.866],[-97.631,27.902]],[[-80.215,25.923],[-80.21,25.784]],[[-89.004,40.536],[-89.004,40.537]],[[-89.004,40.537],[-89.014,40.647],[-89.035,40.68],[-89.04,40.869],[-89.053,40.876],[-89.086,41.245],[-89.086,41.312],[-89.058,41.366]],[[-88.196,41.488],[-88.193,41.316],[-88.351,41.16],[-88.438,41.106],[-88.587,40.951],[-88.671,40.901],[-88.681,40.843],[-88.782,40.659],[-88.811,40.652],[-88.839,40.609],[-88.945,40.54],[-89.004,40.537]],[[-89.004,40.537],[-89.027,40.536]],[[-70.858,42.959],[-70.827,43.03],[-70.678,43.151],[-70.57,43.394],[-70.461,43.526],[-70.346,43.632]],[[-71.164,41.703],[-71.108,41.665],[-71.055,41.651],[-70.886,41.661],[-70.801,41.703],[-70.73,41.783]],[[-74.028,40.616],[-74.021,40.642],[-74.0,40.659],[-73.979,40.694],[-73.982,40.698]],[[-73.982,40.698],[-74.008,40.722]],[[-73.722,41.024],[-73.751,40.956],[-73.89,40.841]],[[-73.89,40.841],[-73.895,40.837]],[[-76.575,39.254],[-76.587,39.234],[-76.591,39.234]],[[-122.407,37.768],[-122.36,37.808],[-122.294,37.832]],[[-87.16,30.509],[-87.113,30.533]],[[-97.392,27.819],[-97.407,27.791],[-97.479,27.793],[-97.623,27.866]],[[-84.345,46.506],[-84.343,46.505]],[[-82.005,34.97],[-82.056,34.962],[-82.115,34.913],[-82.3,34.833]],[[-82.3,34.833],[-82.306,34.831]],[[-72.142,42.031],[-72.194,41.962],[-72.291,41.898],[-72.383,41.854],[-72.435,41.851],[-72.571,41.779],[-72.663,41.762]],[[-76.862,38.947],[-76.844,38.865],[-76.876,38.829],[-77.019,38.798]],[[-77.019,38.798],[-77.17,38.793]],[[-77.17,38.793],[-77.174,38.793]],[[-76.832,39.15],[-76.704,39.231]],[[-76.704,39.231],[-76.68,39.25]],[[-76.68,39.25],[-76.653,39.27],[-76.624,39.269]],[[-76.624,39.269],[-76.572,39.258]],[[-76.572,39.258],[-76.572,39.258]],[[-77.397,37.217],[-77.39,37.299],[-77.431,37.436],[-77.431,37.556]],[[-76.839,39.478],[-76.811,39.426],[-76.771,39.406],[-76.747,39.369]],[[-76.665,39.409],[-76.616,39.287]],[[-76.616,39.287],[-76.624,39.269]],[[-76.624,39.269],[-76.646,39.246],[-76.643,39.228]],[[-76.369,37.032],[-76.371,37.03]],[[-76.371,37.03],[-76.422,36.99],[-76.398,36.943],[-76.429,36.881],[-76.429,36.799],[-76.341,36.757]],[[-76.197,36.842],[-76.202,36.843]],[[-76.202,36.843],[-76.282,36.842],[-76.391,36.788]],[[-76.632,39.206],[-76.556,39.204],[-76.459,39.243]],[[-76.643,39.419],[-76.718,39.393],[-76.747,39.369]],[[-76.747,39.369],[-76.743,39.304]],[[-76.743,39.304],[-76.723,39.272],[-76.68,39.25]],[[-76.68,39.25],[-76.633,39.206]],[[-76.633,39.206],[-76.632,39.206]],[[-83.032,39.888],[-82.924,39.873],[-82.848,39.935]],[[-83.999,39.864],[-84.003,39.788],[-84.088,39.768],[-84.107,39.657],[-84.228,39.622]],[[-84.228,39.622],[-84.23,39.621]],[[-84.334,39.258],[-84.261,39.201],[-84.268,39.131],[-84.294,39.072],[-84.312,39.06],[-84.421,39.058],[-84.513,39.018],[-84.594,39.035]],[[-84.594,39.035],[-84.596,39.036]],[[-86.275,39.801],[-86.264,39.716]],[[-86.264,39.716],[-86.257,39.697],[-86.224,39.692],[-86.109,39.705]],[[-86.109,39.705],[-86.064,39.706],[-86.033,39.749]],[[-86.156,39.933],[-86.266,39.927]],[[-85.847,38.317],[-85.807,38.346],[-85.753,38.35]],[[-85.753,38.35],[-85.727,38.351],[-85.701,38.343]],[[-85.623,38.325],[-85.574,38.309]],[[-85.574,38.309],[-85.508,38.284],[-85.505,38.221]],[[-85.505,38.221],[-85.517,38.167],[-85.539,38.152],[-85.645,38.114],[-85.7,38.112]],[[-85.7,38.112],[-85.704,38.112]],[[-85.642,38.287],[-85.619,38.254],[-85.626,38.235]],[[-85.626,38.235],[-85.738,38.194]],[[-85.738,38.194],[-85.835,38.19],[-85.81,38.249],[-85.815,38.28]],[[-85.815,38.28],[-85.816,38.28]],[[-79.908,36.122],[-79.909,36.058]],[[-79.909,36.058],[-79.849,36.009]],[[-79.849,36.009],[-79.824,35.998],[-79.739,36.009],[-79.687,36.054]],[[-79.687,36.054],[-79.687,36.087],[-79.711,36.104],[-79.8,36.09],[-79.911,36.125]],[[-80.911,34.074],[-80.943,34.029],[-80.964,33.953],[-81.009,33.932],[-81.071,33.928]],[[-82.283,34.761],[-82.306,34.745],[-82.421,34.731],[-82.446,34.773]],[[-80.907,35.119],[-80.866,35.073],[-80.776,35.061],[-80.639,35.146],[-80.625,35.184],[-80.639,35.215],[-80.733,35.344]],[[-82.532,35.799],[-82.537,35.806],[-82.521,35.835],[-82.525,35.852]],[[-82.525,35.849],[-82.549,35.885],[-82.558,35.957]],[[-82.57,35.595],[-82.568,35.596]],[[-82.568,35.596],[-82.533,35.601],[-82.497,35.564]],[[-82.497,35.564],[-82.495,35.562]],[[-82.089,33.492],[-82.056,33.421],[-82.005,33.404],[-81.967,33.409],[-81.934,33.447],[-81.934,33.56]],[[-80.033,32.791],[-80.019,32.885]],[[-80.019,32.885],[-79.948,32.886],[-79.875,32.852],[-79.845,32.81]],[[-77.78,34.319],[-77.878,34.308]],[[-77.878,34.308],[-77.977,34.281]],[[-81.769,30.316],[-81.752,30.191],[-81.66,30.186],[-81.632,30.17],[-81.541,30.181]],[[-84.456,33.897],[-84.454,33.899]],[[-84.454,33.899],[-84.435,33.914],[-84.315,33.92],[-84.286,33.914],[-84.257,33.873]],[[-84.257,33.873],[-84.26,33.808],[-84.23,33.753],[-84.24,33.716]],[[-84.24,33.716],[-84.336,33.671]],[[-84.336,33.671],[-84.4,33.628]],[[-84.4,33.628],[-84.438,33.619],[-84.485,33.619]],[[-84.485,33.619],[-84.487,33.619]],[[-84.496,33.76],[-84.496,33.764]],[[-84.496,33.764],[-84.47,33.876],[-84.452,33.894]],[[-84.336,33.671],[-84.336,33.671]],[[-84.336,33.671],[-84.289,33.616],[-84.268,33.534]],[[-86.658,33.598],[-86.653,33.546],[-86.677,33.525]],[[-86.677,33.525],[-86.701,33.505],[-86.717,33.444],[-86.787,33.401]],[[-86.787,33.401],[-86.915,33.336],[-87.026,33.341]],[[-84.491,33.763],[-84.485,33.619]],[[-83.818,32.968],[-83.805,32.912],[-83.749,32.874],[-83.711,32.754]],[[-84.56,34.02],[-84.503,34.185],[-84.473,34.21],[-84.452,34.274],[-84.423,34.288],[-84.388,34.335],[-84.409,34.39]],[[-90.299,29.999],[-90.223,30.009],[-90.062,29.976]],[[-98.589,29.308],[-98.592,29.308]],[[-98.592,29.308],[-98.621,29.312],[-98.647,29.345],[-98.654,29.406],[-98.633,29.46],[-98.56,29.519]],[[-98.6,29.594],[-98.359,29.601],[-98.335,29.571]],[[-98.335,29.571],[-98.333,29.568]],[[-98.413,29.319],[-98.412,29.321]],[[-98.412,29.321],[-98.387,29.439]],[[-98.387,29.439],[-98.406,29.486]],[[-98.406,29.486],[-98.406,29.486]],[[-96.626,32.706],[-96.64,32.688],[-96.714,32.665]],[[-96.714,32.665],[-96.82,32.645]],[[-96.82,32.645],[-97.008,32.688],[-97.202,32.661],[-97.314,32.661]],[[-97.314,32.661],[-97.43,32.681],[-97.484,32.724]],[[-97.718,35.469],[-97.718,35.47]],[[-97.718,35.47],[-97.704,35.582],[-97.677,35.609],[-97.426,35.603]],[[-97.426,35.603],[-97.423,35.602]],[[-97.275,35.394],[-97.494,35.389]],[[-97.571,35.397],[-97.583,35.462]],[[-97.583,35.462],[-97.583,35.462]],[[-87.696,41.627],[-87.696,41.627]],[[-87.696,41.627],[-87.672,41.677],[-87.613,41.736]],[[-87.906,42.321],[-87.83,42.179],[-87.781,42.12],[-87.748,41.958]],[[-87.748,41.958],[-87.747,41.953]],[[-83.439,42.38],[-83.431,42.262],[-83.415,42.229]],[[-83.415,42.229],[-83.413,42.225]],[[-93.436,45.081],[-93.457,44.971]],[[-93.457,44.971],[-93.436,44.855]],[[-93.42,44.864],[-93.387,44.895],[-93.299,44.891]],[[-96.69,43.605],[-96.683,43.537],[-96.787,43.507]],[[-93.576,41.653],[-93.778,41.653],[-93.786,41.581]],[[-93.786,41.581],[-93.785,41.574]],[[-93.785,41.574],[-93.775,41.558]],[[-96.088,41.255],[-96.061,41.318],[-96.011,41.351],[-95.874,41.357]],[[-95.874,41.357],[-95.869,41.357]],[[-90.692,41.594],[-90.683,41.543],[-90.583,41.451],[-90.508,41.469],[-90.334,41.443]],[[-90.334,41.443],[-90.332,41.443]],[[-83.247,42.481],[-83.113,42.481]],[[-83.113,42.481],[-82.932,42.488]],[[-82.932,42.488],[-82.931,42.488]],[[-81.891,41.033],[-81.507,41.059]],[[-82.17,41.39],[-82.026,41.46],[-81.801,41.469],[-81.678,41.496]],[[-81.678,41.496],[-81.599,41.526],[-81.516,41.585],[-81.441,41.576]],[[-84.659,42.705],[-84.643,42.681],[-84.586,42.663],[-84.494,42.663]],[[-85.296,40.949],[-85.154,40.967],[-85.079,40.991],[-85.005,41.041],[-85.005,41.116],[-85.029,41.151],[-85.112,41.166]],[[-78.921,43.0],[-78.822,42.999],[-78.787,42.975]],[[-78.787,42.975],[-78.756,42.907],[-78.756,42.856],[-78.798,42.814]],[[-75.597,39.702],[-75.594,39.705]],[[-75.594,39.705],[-75.575,39.716]],[[-75.575,39.716],[-75.454,39.812]],[[-75.454,39.812],[-75.375,39.855],[-75.178,39.914]],[[-75.178,39.914],[-75.12,39.972],[-74.905,40.109],[-74.902,40.129]],[[-74.902,40.129],[-74.899,40.154],[-74.865,40.189]],[[-74.356,40.857],[-74.316,40.89],[-74.118,40.898]],[[-74.118,40.898],[-74.115,40.898]],[[-73.896,40.836],[-73.895,40.836]],[[-73.895,40.836],[-73.861,40.832]],[[-73.861,40.832],[-73.84,40.83]],[[-73.84,40.83],[-73.795,40.802],[-73.759,40.751]],[[-73.759,40.751],[-73.729,40.682]],[[-75.356,39.862],[-75.361,39.89],[-75.333,39.977],[-75.351,40.032]],[[-74.866,40.192],[-74.889,40.22],[-74.844,40.274],[-74.806,40.291],[-74.72,40.291],[-74.696,40.192]],[[-77.978,43.032],[-77.976,43.033]],[[-77.976,43.033],[-77.919,43.084],[-77.808,43.096],[-77.694,43.157]],[[-77.61,43.101],[-77.646,43.049]],[[-77.646,43.049],[-77.647,43.049]],[[-77.617,43.101],[-77.551,43.134],[-77.544,43.162],[-77.574,43.218]],[[-76.134,43.002],[-76.082,43.018],[-76.054,43.051],[-76.044,43.094]],[[-76.044,43.094],[-76.049,43.129],[-76.111,43.146]],[[-76.111,43.146],[-76.219,43.19]],[[-76.78,40.22],[-76.836,40.291]],[[-71.313,41.946],[-71.319,41.947]],[[-71.319,41.947],[-71.445,41.946],[-71.494,41.929],[-71.516,41.88],[-71.522,41.814],[-71.506,41.776],[-71.457,41.739]],[[-71.457,41.739],[-71.456,41.738]],[[-71.695,44.195],[-71.732,44.202],[-71.773,44.24],[-71.753,44.291],[-71.796,44.303],[-71.805,44.324],[-71.866,44.311],[-71.899,44.336]],[[-71.551,43.174],[-71.528,43.219]],[[-71.528,43.219],[-71.602,43.337],[-71.593,43.424]],[[-75.04,43.014],[-75.04,43.014]],[[-75.04,43.014],[-75.106,43.066],[-75.235,43.104]],[[-73.781,42.634],[-73.849,42.677],[-73.842,42.696]],[[-73.767,42.762],[-73.689,42.738],[-73.733,42.667]],[[-73.733,42.667],[-73.75,42.639],[-73.767,42.632],[-73.781,42.634]],[[-90.44,38.748],[-90.411,38.78],[-90.362,38.791],[-90.096,38.766],[-90.053,38.775],[-89.907,38.751]],[[-89.907,38.751],[-89.904,38.751]],[[-94.745,38.942],[-94.742,38.942]],[[-94.742,38.942],[-94.627,38.938],[-94.535,38.949],[-94.505,38.978],[-94.496,39.055]],[[-94.496,39.055],[-94.502,39.138],[-94.485,39.169],[-94.496,39.214]],[[-94.496,39.214],[-94.502,39.239],[-94.565,39.26],[-94.653,39.255]],[[-94.653,39.255],[-94.749,39.239],[-94.763,39.209],[-94.816,39.169],[-94.808,39.105]],[[-94.808,39.105],[-94.776,38.945],[-94.745,38.938]],[[-94.745,38.938],[-94.745,38.938]],[[-94.759,39.36],[-94.752,39.232]],[[-94.849,39.878],[-94.85,39.877]],[[-94.85,39.877],[-94.867,39.838],[-94.863,39.772],[-94.829,39.718],[-94.792,39.708]],[[-94.792,39.708],[-94.792,39.708]],[[-94.535,38.931],[-94.37,38.952],[-94.359,39.039]],[[-97.183,37.678],[-97.184,37.681]],[[-97.184,37.681],[-97.197,37.718],[-97.237,37.744],[-97.322,37.763]],[[-97.322,37.763],[-97.387,37.744],[-97.406,37.672],[-97.4,37.639],[-97.321,37.606]],[[-104.896,39.638],[-104.83,39.673],[-104.831,39.765]],[[-111.877,40.965],[-111.879,40.962]],[[-111.879,40.962],[-111.937,40.904],[-111.956,40.77]],[[-111.956,40.77],[-111.956,40.768]],[[-118.213,33.786],[-118.196,33.821]],[[-118.196,33.821],[-118.182,33.913]],[[-118.182,33.913],[-118.16,34.008]],[[-118.037,33.773],[-117.868,33.77]],[[-118.469,34.296],[-118.372,34.281],[-118.184,34.208],[-118.142,34.159]],[[-117.401,34.22],[-117.474,34.159],[-117.538,34.076],[-117.556,34.022]],[[-117.556,34.022],[-117.562,33.888]],[[-118.013,34.04],[-118.013,34.039]],[[-118.013,34.039],[-117.939,34.012],[-117.774,34.027],[-117.556,34.022]],[[-117.556,34.022],[-117.556,34.022]],[[-121.926,37.7],[-122.048,37.876],[-122.051,37.903]],[[-122.066,37.997],[-122.071,37.997]],[[-122.071,37.997],[-122.138,37.999],[-122.218,38.039]],[[-122.543,37.973],[-122.465,37.942],[-122.308,37.933]],[[-121.93,38.836],[-121.958,38.721],[-121.942,38.383]],[[-122.07,37.69],[-122.048,37.613],[-122.006,37.556],[-121.933,37.507]],[[-122.317,41.311],[-122.38,41.377],[-122.388,41.417],[-122.42,41.427]],[[-122.362,40.609],[-122.366,40.637],[-122.317,40.736],[-122.324,40.833],[-122.44,40.962],[-122.36,41.069],[-122.275,41.224],[-122.27,41.248],[-122.319,41.311]],[[-123.366,43.16],[-123.366,43.16]],[[-123.366,43.16],[-123.361,43.078],[-123.296,43.018],[-123.336,42.959],[-123.279,42.938],[-123.237,42.882],[-123.262,42.823],[-123.257,42.787],[-123.371,42.747],[-123.39,42.681],[-123.38,42.663],[-123.389,42.592],[-123.364,42.556],[-123.364,42.491],[-123.307,42.439],[-123.244,42.425],[-123.173,42.431],[-123.138,42.406],[-123.069,42.431],[-122.937,42.399],[-122.883,42.363],[-122.866,42.325]],[[-122.222,45.548],[-122.312,45.534],[-122.38,45.543],[-122.557,45.536]],[[-119.061,46.248],[-119.193,46.27],[-119.363,46.251]],[[-122.176,47.58],[-122.178,47.58]],[[-122.178,47.58],[-122.322,47.594]],[[-122.322,47.594],[-122.322,47.594]],[[-120.508,46.97],[-120.49,46.928],[-120.384,46.859],[-120.358,46.81],[-120.395,46.73],[-120.475,46.685],[-120.509,46.63]],[[-122.463,48.7],[-122.477,48.717],[-122.465,48.776],[-122.546,48.814],[-122.583,48.856],[-122.593,48.894],[-122.677,48.95]],[[-122.19,47.976],[-122.171,48.009],[-122.183,48.135],[-122.206,48.205],[-122.331,48.33],[-122.345,48.597],[-122.38,48.674],[-122.463,48.707]],[[-117.184,33.548],[-117.137,33.482]],[[-73.842,42.696],[-73.927,42.75]],[[-77.148,39.027],[-77.074,39.004],[-76.95,39.02]],[[-76.95,39.02],[-76.945,39.02]],[[-77.174,38.793],[-77.225,38.815],[-77.219,38.885]],[[-77.219,38.885],[-77.215,38.926]],[[-117.085,33.121],[-117.069,33.072],[-117.083,32.982],[-117.118,32.911],[-117.111,32.777]],[[-89.03,40.507],[-89.021,40.442]],[[-118.092,33.784],[-118.038,33.774]],[[-117.296,33.944],[-116.99,33.939]],[[-116.99,33.939],[-116.989,33.939]],[[-118.438,34.027],[-118.433,34.028]],[[-118.433,34.028],[-118.271,34.041]],[[-118.271,34.041],[-118.225,34.045]],[[-118.225,34.045],[-118.222,34.045]],[[-118.222,34.045],[-118.045,34.052],[-118.013,34.04]],[[-117.556,34.022],[-117.358,33.99]],[[-117.358,33.99],[-117.298,33.944]],[[-117.298,33.944],[-117.296,33.944]],[[-118.137,34.151],[-117.951,34.13]],[[-117.951,34.13],[-117.831,34.118],[-117.804,34.066]],[[-117.4,34.22],[-117.3,34.126],[-117.295,34.064]],[[-118.271,34.043],[-118.271,34.041]],[[-118.271,34.041],[-118.281,33.928]],[[-118.281,33.928],[-118.281,33.854]],[[-118.281,33.854],[-118.27,33.769]],[[-118.462,34.288],[-118.462,34.286]],[[-118.462,34.286],[-118.469,34.166]],[[-122.303,37.932],[-122.277,37.879],[-122.294,37.832]],[[-122.051,37.903],[-122.066,37.997]],[[-121.926,38.833],[-121.93,38.836]],[[-121.93,38.836],[-122.105,39.074],[-122.147,39.171]],[[-121.565,37.744],[-121.35,37.602]],[[-121.347,37.766],[-121.349,37.604]],[[-121.299,37.797],[-121.354,37.767]],[[-122.272,47.462],[-122.268,47.496],[-122.321,47.557],[-122.322,47.592]],[[-112.099,33.504],[-112.1,33.464]],[[-112.113,33.673],[-112.099,33.504]],[[-112.12,34.324],[-112.125,34.29],[-112.106,34.23],[-112.153,34.132],[-112.134,33.96],[-112.144,33.824],[-112.113,33.673]],[[-106.275,31.692],[-106.373,31.771],[-106.424,31.778]],[[-112.457,35.223],[-112.283,35.22],[-112.172,35.259],[-112.056,35.267],[-111.972,35.25],[-111.95,35.26],[-111.864,35.252],[-111.663,35.173]],[[-115.026,36.283],[-115.072,36.264],[-115.164,36.174]],[[-115.178,36.058],[-115.145,36.054],[-115.121,36.021],[-115.006,36.03]],[[-122.178,47.58],[-122.176,47.58]],[[-122.176,47.58],[-122.131,47.576],[-122.004,47.526],[-121.865,47.509]],[[-111.892,40.637],[-111.844,40.637],[-111.786,40.661],[-111.779,40.718]],[[-111.956,40.768],[-111.96,40.668],[-111.925,40.637],[-111.897,40.637]],[[-111.897,40.637],[-111.892,40.637]],[[-97.465,35.545],[-97.56,35.517],[-97.578,35.505],[-97.581,35.462]],[[-96.881,32.916],[-96.761,32.916],[-96.701,32.895],[-96.654,32.862],[-96.629,32.82]],[[-96.629,32.82],[-96.614,32.721],[-96.626,32.706]],[[-97.484,32.724],[-97.484,32.729]],[[-97.484,32.729],[-97.484,32.768],[-97.444,32.801],[-97.376,32.836],[-97.315,32.841]],[[-96.883,32.917],[-96.848,32.808],[-96.796,32.782]],[[-95.369,29.78],[-95.568,29.781]],[[-98.335,29.571],[-98.392,29.53],[-98.406,29.486]],[[-98.406,29.486],[-98.477,29.439]],[[-98.413,29.326],[-98.415,29.326]],[[-98.415,29.326],[-98.46,29.326],[-98.574,29.306],[-98.589,29.308]],[[-98.386,29.439],[-98.387,29.439]],[[-98.387,29.439],[-98.475,29.398]],[[-98.602,29.593],[-98.583,29.543],[-98.522,29.483],[-98.498,29.425]],[[-98.594,29.307],[-98.592,29.308]],[[-98.592,29.308],[-98.538,29.34],[-98.498,29.425]],[[-90.4,29.886],[-90.411,29.915],[-90.383,29.948],[-90.299,29.999]],[[-90.297,30.002],[-90.369,30.063],[-90.44,30.086]],[[-88.104,30.749],[-88.094,30.728],[-88.052,30.709]],[[-88.052,30.709],[-88.04,30.691]],[[-81.74,30.403],[-81.769,30.318]],[[-81.769,30.318],[-81.769,30.316]],[[-81.643,30.46],[-81.646,30.46]],[[-81.646,30.46],[-81.714,30.445],[-81.74,30.403]],[[-81.648,30.454],[-81.669,30.339]],[[-80.443,26.147],[-80.347,26.121]],[[-81.542,28.338],[-81.472,28.422]],[[-81.339,28.809],[-81.391,28.665],[-81.377,28.574],[-81.391,28.536]],[[-83.742,42.306],[-83.785,42.307],[-83.806,42.288]],[[-83.113,42.481],[-83.06,42.368]],[[-84.503,42.728],[-84.66,42.726]],[[-76.945,39.02],[-76.895,39.006],[-76.862,38.947]],[[-77.215,38.926],[-77.16,38.989],[-77.148,39.03]],[[-76.95,39.02],[-76.832,39.15]],[[-76.606,39.285],[-76.616,39.287]],[[-76.616,39.287],[-76.743,39.304]],[[-76.743,39.304],[-76.743,39.304]],[[-76.502,39.353],[-76.586,39.416],[-76.643,39.421]],[[-77.266,37.523],[-77.346,37.587],[-77.372,37.629],[-77.448,37.655]],[[-74.42,40.864],[-74.358,40.847]],[[-74.115,40.898],[-74.019,40.863],[-73.932,40.863],[-73.906,40.844]],[[-73.906,40.844],[-73.895,40.836]],[[-73.895,40.836],[-73.894,40.835]],[[-73.76,40.751],[-73.836,40.743]],[[-73.836,40.743],[-73.919,40.735]],[[-73.919,40.735],[-73.972,40.744]],[[-74.698,40.192],[-74.696,40.192]],[[-74.696,40.192],[-74.604,40.193]],[[-74.604,40.193],[-74.597,40.192]],[[-71.786,42.278],[-71.848,42.188]],[[-75.775,42.102],[-75.582,42.071],[-75.542,42.04],[-75.459,42.049]],[[-93.423,45.088],[-93.423,45.087]],[[-93.423,45.087],[-93.307,45.069],[-93.285,45.023],[-93.286,44.976]],[[-93.286,44.976],[-93.299,44.891]],[[-93.436,45.081],[-93.423,45.087]],[[-93.423,45.087],[-93.262,45.14],[-93.193,45.115],[-93.186,45.056],[-93.141,45.036],[-93.085,45.036]],[[-93.085,45.036],[-93.071,45.036]],[[-93.071,45.036],[-92.974,45.036],[-92.967,44.951]],[[-93.434,44.847],[-93.368,44.814],[-93.286,44.814]],[[-94.449,39.247],[-94.456,39.258]],[[-94.456,39.258],[-94.505,39.3],[-94.686,39.322]],[[-94.864,39.101],[-94.808,39.105]],[[-94.808,39.105],[-94.71,39.107],[-94.677,39.105],[-94.608,39.093]],[[-97.496,35.392],[-97.572,35.397],[-97.609,35.279],[-97.673,35.245]],[[-98.512,34.14],[-98.55,34.097],[-98.557,34.06],[-98.521,33.942]],[[-93.874,32.44],[-93.877,32.445]],[[-93.877,32.445],[-93.882,32.482],[-93.81,32.614],[-93.629,32.597],[-93.602,32.541]],[[-93.602,32.541],[-93.601,32.537]],[[-97.484,32.729],[-97.484,32.729]],[[-97.484,32.729],[-97.367,32.732],[-97.327,32.747]],[[-96.081,33.126],[-96.235,32.999],[-96.629,32.82]],[[-96.629,32.82],[-96.671,32.8]],[[-93.747,32.497],[-93.703,32.527],[-93.631,32.54]],[[-93.631,32.54],[-93.602,32.541]],[[-93.602,32.541],[-93.601,32.541]],[[-91.995,46.856],[-92.132,46.784]],[[-88.069,41.943],[-88.06,42.06]],[[-88.06,42.06],[-88.025,42.136],[-88.047,42.218]],[[-89.691,41.754],[-89.586,41.771],[-89.473,41.819],[-89.278,41.832],[-89.167,41.875],[-89.016,41.904]],[[-90.053,38.766],[-90.023,38.702],[-90.031,38.674]],[[-90.031,38.674],[-90.031,38.674]],[[-90.031,38.674],[-90.071,38.62]],[[-90.071,38.62],[-90.223,38.496],[-90.28,38.49],[-90.322,38.506]],[[-90.322,38.506],[-90.331,38.51]],[[-90.331,38.51],[-90.419,38.538]],[[-90.419,38.538],[-90.451,38.563],[-90.459,38.626],[-90.445,38.742]],[[-90.445,38.742],[-90.44,38.748]],[[-90.405,38.537],[-90.197,38.626]],[[-84.388,33.739],[-84.298,33.711],[-84.242,33.716]],[[-82.296,34.828],[-82.283,34.761]],[[-82.4,34.849],[-82.348,34.863],[-82.3,34.833]],[[-82.3,34.833],[-82.296,34.828]],[[-82.446,34.773],[-82.441,34.791]],[[-82.441,34.791],[-82.421,34.804],[-82.403,34.849]],[[-84.596,39.036],[-84.65,39.067],[-84.801,39.088],[-84.829,39.105],[-84.834,39.126],[-84.81,39.168],[-84.737,39.22]],[[-84.676,39.215],[-84.543,39.296],[-84.437,39.288]],[[-84.437,39.288],[-84.432,39.286],[-84.379,39.289],[-84.352,39.27]],[[-84.352,39.27],[-84.334,39.258]],[[-84.188,39.759],[-84.228,39.704],[-84.228,39.622]],[[-84.228,39.622],[-84.232,39.615]],[[-86.265,39.928],[-86.266,39.927]],[[-86.266,39.927],[-86.273,39.863]],[[-86.273,39.863],[-86.276,39.809]],[[-86.276,39.809],[-86.275,39.801]],[[-86.034,39.8],[-86.031,39.747]],[[-86.266,39.927],[-86.266,39.927]],[[-86.266,39.927],[-86.337,39.932]],[[-82.977,40.11],[-82.978,40.11]],[[-82.978,40.11],[-83.034,40.114]],[[-82.848,39.935],[-82.847,39.936]],[[-82.847,39.936],[-82.856,39.999],[-82.902,40.012]],[[-82.902,40.012],[-82.907,40.093],[-82.977,40.11]],[[-83.034,40.114],[-83.122,40.109],[-83.139,40.091],[-83.119,39.982]],[[-83.119,39.982],[-83.119,39.977]],[[-83.119,39.977],[-83.126,39.932],[-83.103,39.907],[-83.051,39.899],[-83.032,39.888]],[[-83.413,42.225],[-83.357,42.014]],[[-83.357,42.014],[-83.357,42.012]],[[-83.433,42.38],[-83.232,42.38]],[[-83.756,42.524],[-83.631,42.521],[-83.438,42.485]],[[-83.438,42.485],[-83.282,42.49],[-83.241,42.471]],[[-83.438,42.483],[-83.439,42.38]],[[-83.761,43.098],[-83.692,43.099],[-83.678,43.011]],[[-84.678,42.799],[-84.67,42.723]],[[-84.67,42.723],[-84.659,42.705]],[[-86.198,43.232],[-86.172,43.151],[-86.088,43.073],[-85.678,43.014]],[[-79.724,42.248],[-79.764,42.224]],[[-78.781,42.976],[-78.787,42.975]],[[-78.787,42.975],[-78.852,42.924]],[[-77.669,43.239],[-77.688,43.157],[-77.617,43.096]],[[-80.111,40.431],[-80.107,40.43]],[[-80.107,40.43],[-80.053,40.419]],[[-80.053,40.419],[-80.028,40.415],[-79.901,40.447],[-79.752,40.439]],[[-79.752,40.439],[-79.751,40.439]],[[-80.092,40.663],[-80.099,40.588],[-80.116,40.579],[-80.139,40.507],[-80.107,40.43]],[[-80.107,40.43],[-80.106,40.427]],[[-81.634,38.36],[-81.563,38.315],[-81.575,38.275],[-81.566,38.239],[-81.501,38.196]],[[-81.449,38.157],[-81.445,38.134],[-81.391,38.129],[-81.391,38.084],[-81.349,38.001],[-81.327,37.992]],[[-81.124,37.586],[-81.12,37.664],[-81.203,37.733]],[[-81.327,37.992],[-81.262,37.954],[-81.266,37.879]],[[-81.501,38.196],[-81.448,38.171],[-81.449,38.157]],[[-80.562,36.458],[-80.571,36.455]],[[-80.571,36.455],[-80.672,36.441],[-80.749,36.485]],[[-80.842,35.364],[-80.953,35.316],[-80.965,35.26]],[[-80.965,35.26],[-80.96,35.173],[-80.913,35.124]],[[-80.913,35.124],[-80.907,35.119]],[[-80.348,25.943],[-80.361,26.051],[-80.351,26.118]],[[-81.672,26.155],[-81.262,26.155],[-81.173,26.168]],[[-80.612,26.147],[-80.443,26.147]],[[-76.459,39.243],[-76.466,39.272],[-76.5,39.296],[-76.488,39.329],[-76.5,39.353]],[[-75.787,39.64],[-75.927,39.647],[-76.043,39.606]],[[-76.043,39.606],[-76.151,39.562]],[[-76.553,39.277],[-76.606,39.285]],[[-75.709,41.343],[-75.761,41.3]],[[-76.168,42.613],[-76.176,42.649],[-76.11,42.882],[-76.139,42.938],[-76.141,43.052],[-76.176,43.08],[-76.164,43.096]],[[-73.291,42.313],[-73.412,42.337]],[[-73.93,42.759],[-73.929,42.799],[-74.005,42.835]],[[-71.065,42.367],[-71.181,42.361],[-71.239,42.345]],[[-71.239,42.345],[-71.271,42.336]],[[-71.271,42.336],[-71.272,42.336]],[[-71.063,42.354],[-71.06,42.348]],[[-71.06,42.348],[-71.06,42.348]],[[-71.06,42.348],[-71.02,42.228]],[[-71.424,42.985],[-71.478,43.049]],[[-88.095,30.753],[-88.052,30.709]],[[-88.052,30.709],[-88.047,30.699]],[[-92.261,34.734],[-92.392,34.749]],[[-116.105,32.677],[-116.103,32.677]],[[-116.103,32.677],[-116.075,32.674],[-116.03,32.725]],[[-118.265,33.927],[-118.22,33.928],[-118.189,33.916]],[[-118.281,33.928],[-118.281,33.928]],[[-118.281,33.928],[-118.265,33.927]],[[-118.189,33.916],[-118.182,33.913]],[[-118.182,33.913],[-118.177,33.91],[-118.103,33.913]],[[-118.377,33.93],[-118.366,33.932]],[[-118.366,33.932],[-118.353,33.934],[-118.307,33.925]],[[-118.307,33.925],[-118.281,33.928]],[[-122.128,38.047],[-122.128,38.049]],[[-122.128,38.049],[-122.103,38.103],[-122.137,38.213]],[[-122.137,38.213],[-122.137,38.216]],[[-122.23,38.092],[-122.229,38.092]],[[-122.229,38.092],[-122.128,38.049]],[[-122.128,38.049],[-122.128,38.049]],[[-117.04,32.55],[-117.045,32.632],[-117.078,32.664],[-117.132,32.771]],[[-117.132,32.771],[-117.132,32.772]],[[-117.132,32.772],[-117.135,32.777]],[[-122.278,37.801],[-122.267,37.825]],[[-122.115,38.028],[-122.128,38.047]],[[-72.664,41.819],[-72.581,41.8],[-72.567,41.783]],[[-72.585,41.774],[-72.509,41.761],[-72.455,41.786]],[[-72.762,41.538],[-72.919,41.559]],[[-75.584,39.714],[-75.575,39.716]],[[-75.575,39.716],[-75.539,39.72],[-75.49,39.759],[-75.454,39.812]],[[-75.454,39.812],[-75.454,39.813]],[[-76.981,38.879],[-77.003,38.861],[-77.022,38.804]],[[-80.207,25.812],[-80.135,25.813]],[[-116.296,43.597],[-116.284,43.599]],[[-116.284,43.599],[-116.233,43.618]],[[-88.027,42.057],[-88.028,42.054]],[[-88.028,42.054],[-88.026,41.958]],[[-88.026,41.958],[-87.923,41.905],[-87.919,41.88]],[[-87.919,41.88],[-87.644,41.876]],[[-87.644,41.876],[-87.636,41.876]],[[-87.871,41.984],[-87.902,41.981]],[[-88.038,41.936],[-88.026,41.958]],[[-89.668,40.743],[-89.673,40.732]],[[-89.673,40.732],[-89.675,40.68],[-89.623,40.635],[-89.527,40.632]],[[-89.527,40.632],[-89.518,40.632]],[[-90.514,41.519],[-90.494,41.474]],[[-96.38,42.447],[-96.377,42.446]],[[-96.377,42.446],[-96.374,42.446]],[[-93.302,30.228],[-93.302,30.228]],[[-93.302,30.228],[-93.274,30.195],[-93.175,30.197],[-93.162,30.244]],[[-93.162,30.244],[-93.162,30.246]],[[-93.843,32.457],[-93.774,32.557],[-93.643,32.559],[-93.631,32.54]],[[-93.631,32.54],[-93.631,32.54]],[[-70.453,43.527],[-70.408,43.507]],[[-76.671,39.181],[-76.704,39.231]],[[-76.704,39.231],[-76.714,39.24]],[[-76.998,38.802],[-77.016,38.795],[-77.019,38.798]],[[-77.019,38.798],[-77.022,38.804]],[[-77.199,39.122],[-77.158,39.127]],[[-72.609,42.13],[-72.611,42.138]],[[-72.611,42.138],[-72.611,42.159]],[[-72.611,42.159],[-72.606,42.184],[-72.621,42.202]],[[-71.797,42.28],[-71.784,42.29]],[[-71.784,42.29],[-71.597,42.36]],[[-71.597,42.36],[-71.589,42.364]],[[-72.6,42.105],[-72.575,42.123]],[[-72.575,42.123],[-72.546,42.162]],[[-87.893,43.002],[-87.902,43.036]],[[-86.081,42.797],[-85.981,42.812]],[[-83.264,42.604],[-83.275,42.615]],[[-84.505,42.742],[-84.447,42.752],[-84.408,42.779]],[[-85.555,42.284],[-85.531,42.272]],[[-85.531,42.272],[-85.514,42.269]],[[-86.479,42.111],[-86.392,42.12]],[[-86.392,42.12],[-86.39,42.12]],[[-85.179,42.268],[-85.179,42.272]],[[-85.179,42.272],[-85.181,42.316]],[[-83.891,43.434],[-83.948,43.438],[-83.956,43.476],[-83.935,43.496]],[[-83.935,43.496],[-83.93,43.498]],[[-122.427,47.222],[-122.43,47.229]],[[-122.43,47.229],[-122.441,47.258]],[[-93.461,44.971],[-93.457,44.971]],[[-93.457,44.971],[-93.302,44.969],[-93.286,44.976]],[[-93.286,44.976],[-93.271,44.983]],[[-93.253,44.966],[-93.099,44.95]],[[-77.49,37.557],[-77.47,37.589]],[[-77.47,37.589],[-77.469,37.59]],[[-76.267,36.763],[-76.285,36.787],[-76.288,36.836]],[[-76.267,36.917],[-76.268,36.917]],[[-76.268,36.917],[-76.308,36.944]],[[-79.936,37.267],[-79.939,37.286],[-79.998,37.342]],[[-88.893,30.394],[-88.896,30.45]],[[-88.896,30.45],[-88.896,30.452]],[[-90.343,38.629],[-90.361,38.677],[-90.333,38.718]],[[-90.333,38.718],[-90.34,38.775]],[[-96.436,42.449],[-96.38,42.447]],[[-96.717,40.862],[-96.716,40.86]],[[-96.716,40.86],[-96.708,40.816]],[[-71.534,43.217],[-71.528,43.219]],[[-71.528,43.219],[-71.453,43.243]],[[-74.206,40.641],[-74.197,40.635]],[[-74.161,40.71],[-74.095,40.686],[-74.051,40.729]],[[-74.051,40.729],[-74.05,40.731],[-74.02,40.728]],[[-74.121,40.747],[-74.062,40.77],[-74.02,40.836]],[[-74.23,40.641],[-74.206,40.641]],[[-75.493,39.68],[-75.478,39.684]],[[-75.478,39.684],[-75.309,39.804],[-75.101,39.867]],[[-75.112,39.903],[-75.121,39.95]],[[-84.121,35.911],[-84.082,35.856],[-84.039,35.866],[-83.971,35.836]],[[-82.034,34.964],[-82.005,34.968]],[[-82.005,34.968],[-81.965,34.988]],[[-81.965,34.988],[-81.91,35.011]],[[-81.101,34.027],[-81.047,34.011]],[[-81.965,34.988],[-81.965,34.988]],[[-81.965,34.988],[-81.937,34.97]],[[-97.493,35.462],[-97.514,35.53]],[[-75.898,40.154],[-75.909,40.172]],[[-75.909,40.172],[-75.916,40.27],[-75.898,40.306]],[[-80.107,40.423],[-80.105,40.422]],[[-80.105,40.422],[-80.053,40.419]],[[-80.053,40.419],[-79.998,40.451],[-80.016,40.496],[-80.071,40.525],[-80.101,40.586]],[[-75.505,41.235],[-75.405,41.145],[-75.396,41.071]],[[-75.396,41.071],[-75.396,41.07]],[[-75.574,41.372],[-75.505,41.235]],[[-79.995,40.438],[-79.998,40.454]],[[-75.409,40.091],[-75.337,40.068]],[[-75.337,40.068],[-75.327,40.064],[-75.285,40.072],[-75.195,40.004],[-75.207,39.982],[-75.182,39.955]],[[-78.87,35.154],[-78.755,35.123]],[[-80.325,36.072],[-80.285,36.093]],[[-80.285,36.093],[-80.283,36.093],[-80.281,36.093]],[[-80.281,36.093],[-80.261,36.089],[-80.189,36.103]],[[-80.189,36.103],[-80.071,36.113],[-80.016,36.098]],[[-79.507,34.79],[-79.488,34.765]],[[-79.488,34.765],[-79.474,34.755],[-79.464,34.755]],[[-79.464,34.755],[-79.44,34.755],[-79.388,34.763],[-79.378,34.759]],[[-79.378,34.759],[-79.365,34.755]],[[-79.365,34.755],[-79.337,34.746],[-79.307,34.703]],[[-79.307,34.703],[-79.198,34.622],[-79.117,34.591]],[[-79.117,34.591],[-79.054,34.579]],[[-80.742,36.497],[-80.571,36.455]],[[-80.571,36.455],[-80.555,36.455]],[[-81.569,41.036],[-81.502,41.025]],[[-83.463,41.526],[-83.463,41.527]],[[-83.463,41.527],[-83.477,41.625],[-83.515,41.668],[-83.515,41.691]],[[-81.515,41.357],[-81.508,41.349]],[[-81.508,41.349],[-81.372,41.256]],[[-81.372,41.256],[-81.372,41.256]],[[-81.693,41.474],[-81.662,41.478]],[[-81.662,41.478],[-81.648,41.48]],[[-83.062,39.968],[-82.985,39.977]],[[-82.985,39.977],[-82.944,39.98],[-82.902,40.012]],[[-82.902,40.012],[-82.901,40.012]],[[-81.566,41.06],[-81.591,41.103],[-81.654,41.124],[-81.627,41.154],[-81.628,41.233]],[[-81.628,41.233],[-81.637,41.28]],[[-81.637,41.28],[-81.645,41.411]],[[-81.645,41.411],[-81.662,41.478]],[[-81.662,41.478],[-81.678,41.496]],[[-81.678,41.496],[-81.678,41.496]],[[-79.032,43.151],[-79.044,43.153]],[[-74.197,40.635],[-74.174,40.622]],[[-73.822,40.791],[-73.836,40.815]],[[-74.02,40.643],[-73.996,40.667],[-73.996,40.7],[-73.982,40.698]],[[-73.982,40.698],[-73.965,40.697],[-73.919,40.735]],[[-73.919,40.735],[-73.895,40.746],[-73.911,40.768]],[[-74.011,41.933],[-74.028,41.943]],[[-73.79,40.644],[-73.807,40.653],[-73.801,40.673],[-73.836,40.743]],[[-73.836,40.743],[-73.822,40.791]],[[-73.845,42.7],[-73.84,42.698]],[[-73.84,42.698],[-73.733,42.667]],[[-73.733,42.667],[-73.681,42.597],[-73.688,42.512],[-73.671,42.483]],[[-73.943,40.849],[-73.906,40.844]],[[-73.906,40.844],[-73.89,40.841]],[[-73.89,40.841],[-73.861,40.832]],[[-73.861,40.832],[-73.845,40.828],[-73.84,40.83]],[[-73.84,40.83],[-73.826,40.834],[-73.829,40.882],[-73.802,40.888],[-73.784,40.913]],[[-78.808,42.997],[-78.791,43.024],[-78.734,43.048]],[[-82.523,36.454],[-82.527,36.455]],[[-82.527,36.455],[-82.574,36.51],[-82.583,36.557]],[[-71.259,42.341],[-71.239,42.345]],[[-71.239,42.345],[-71.177,42.358],[-71.06,42.348]],[[-71.06,42.348],[-71.06,42.348]],[[-71.06,42.348],[-71.035,42.347],[-71.027,42.353],[-71.03,42.374]],[[-71.06,42.347],[-71.06,42.348]],[[-71.06,42.348],[-71.06,42.348]],[[-71.06,42.348],[-71.053,42.361],[-71.074,42.375],[-71.102,42.408],[-71.118,42.501]],[[-122.068,37.995],[-122.071,37.997]],[[-122.071,37.997],[-122.115,38.028]]]}}