{"type":"FeatureCollection","features":[{"type":"Feature","properties":{"s":"AL"},"geometry":{"type":"MultiLineString","coordinates":[[[-88.395,30.369],[-88.469,31.933],[-88.098,34.892],[-88.125,34.902],[-88.2,34.996],[-88.182,35.008],[-85.605,34.985],[-85.184,32.871],[-85.123,32.772],[-85.137,32.745],[-85.105,32.643],[-85.001,32.513],[-84.979,32.412],[-85.007,32.328],[-84.939,32.301],[-84.909,32.264],[-84.965,32.195],[-85.048,32.142],[-85.05,32.024],[-85.082,31.945],[-85.133,31.888],[-85.142,31.84],[-85.141,31.783],[-85.119,31.733],[-85.126,31.695],[-85.057,31.619],[-85.041,31.541],[-85.088,31.309],[-85.112,31.258],[-85.108,31.186],[-85.036,31.108],[-85.002,31.001],[-87.598,30.997],[-87.601,30.936],[-87.635,30.866],[-87.624,30.846],[-87.533,30.743],[-87.407,30.672],[-87.394,30.642],[-87.45,30.515],[-87.431,30.491],[-87.419,30.41],[-87.451,30.367],[-87.452,30.3],[-87.801,30.229],[-88.028,30.221],[-87.967,30.236],[-87.936,30.261],[-87.893,30.239],[-87.788,30.254],[-87.767,30.262],[-87.756,30.291],[-87.845,30.377],[-87.906,30.409],[-87.933,30.487],[-87.902,30.551],[-87.919,30.636],[-87.937,30.657],[-88.008,30.685],[-88.062,30.645],[-88.054,30.612],[-88.104,30.501],[-88.107,30.377],[-88.136,30.321],[-88.192,30.317],[-88.2,30.362],[-88.261,30.382],[-88.312,30.369],[-88.332,30.388],[-88.364,30.388],[-88.395,30.369]],[[-88.313,30.23],[-88.141,30.255],[-88.125,30.284],[-88.075,30.249],[-88.313,30.23]]]}},{"type":"Feature","properties":{"s":"AR"},"geometry":{"type":"LineString","coordinates":[[-94.618,36.499],[-90.152,36.498],[-90.134,36.438],[-90.065,36.382],[-90.064,36.303],[-90.084,36.272],[-90.115,36.266],[-90.22,36.185],[-90.319,36.09],[-90.368,35.996],[-89.733,36.001],[-89.687,35.948],[-89.688,35.897],[-89.734,35.905],[-89.766,35.891],[-89.774,35.872],[-89.709,35.839],[-89.704,35.82],[-89.821,35.757],[-89.866,35.747],[-89.91,35.759],[-89.956,35.733],[-89.956,35.691],[-89.937,35.666],[-89.885,35.655],[-89.91,35.538],[-89.957,35.529],[-90.033,35.553],[-90.034,35.469],[-90.059,35.458],[-90.108,35.477],[-90.169,35.422],[-90.179,35.385],[-90.166,35.375],[-90.094,35.393],[-90.087,35.37],[-90.115,35.304],[-90.159,35.301],[-90.169,35.282],[-90.152,35.256],[-90.105,35.254],[-90.077,35.225],[-90.065,35.138],[-90.101,35.117],[-90.16,35.129],[-90.194,35.062],[-90.296,35.04],[-90.309,34.996],[-90.244,34.938],[-90.25,34.907],[-90.307,34.846],[-90.415,34.832],[-90.437,34.855],[-90.461,34.857],[-90.474,34.852],[-90.467,34.783],[-90.48,34.769],[-90.537,34.784],[-90.555,34.728],[-90.509,34.679],[-90.521,34.663],[-90.577,34.657],[-90.575,34.415],[-90.659,34.376],[-90.764,34.363],[-90.856,34.239],[-90.911,34.223],[-90.88,34.169],[-90.918,34.154],[-90.935,34.13],[-90.929,34.108],[-90.888,34.087],[-90.887,34.033],[-91.089,33.973],[-91.037,33.915],[-91.068,33.84],[-91.14,33.777],[-91.128,33.696],[-91.148,33.679],[-91.186,33.679],[-91.193,33.657],[-91.13,33.606],[-91.134,33.595],[-91.224,33.567],[-91.232,33.553],[-91.125,33.473],[-91.118,33.449],[-91.132,33.43],[-91.184,33.419],[-91.141,33.298],[-91.086,33.222],[-91.088,33.145],[-91.126,33.038],[-91.166,33.004],[-94.043,33.019],[-94.044,33.552],[-94.085,33.576],[-94.182,33.593],[-94.253,33.586],[-94.356,33.543],[-94.464,33.599],[-94.486,33.638],[-94.431,35.394],[-94.618,36.499]]}},{"type":"Feature","properties":{"s":"CA"},"geometry":{"type":"MultiLineString","coordinates":[[[-124.41,40.438],[-124.329,40.616],[-124.158,40.876],[-124.112,41.028],[-124.126,41.049],[-124.154,41.054],[-124.165,41.13],[-124.144,41.145],[-124.107,41.23],[-124.066,41.47],[-124.147,41.718],[-124.165,41.74],[-124.195,41.737],[-124.256,41.783],[-124.208,41.888],[-124.212,41.998],[-122.378,42.01],[-119.999,41.995],[-120.001,39.0],[-118.747,38.125],[-117.501,37.22],[-116.094,36.156],[-114.633,35.002],[-114.633,34.87],[-114.553,34.767],[-114.466,34.692],[-114.34,34.451],[-114.177,34.349],[-114.138,34.303],[-114.131,34.26],[-114.165,34.252],[-114.244,34.18],[-114.412,34.11],[-114.433,34.088],[-114.438,34.023],[-114.5,33.962],[-114.518,33.917],[-114.523,33.806],[-114.494,33.708],[-114.53,33.679],[-114.536,33.569],[-114.627,33.434],[-114.721,33.397],[-114.672,33.258],[-114.679,33.16],[-114.708,33.091],[-114.675,33.048],[-114.624,33.029],[-114.524,33.031],[-114.469,32.972],[-114.466,32.879],[-114.496,32.822],[-114.616,32.728],[-114.679,32.737],[-114.72,32.719],[-117.125,32.534],[-117.137,32.619],[-117.169,32.672],[-117.197,32.689],[-117.246,32.669],[-117.255,32.787],[-117.282,32.84],[-117.256,32.859],[-117.254,32.9],[-117.315,33.094],[-117.47,33.296],[-117.548,33.365],[-117.596,33.387],[-117.646,33.441],[-117.715,33.461],[-117.785,33.541],[-117.927,33.606],[-118.133,33.753],[-118.181,33.763],[-118.181,33.717],[-118.259,33.704],[-118.411,33.742],[-118.428,33.775],[-118.394,33.804],[-118.392,33.841],[-118.461,33.969],[-118.52,34.028],[-118.569,34.042],[-118.745,34.032],[-118.805,34.001],[-118.855,34.034],[-118.938,34.043],[-119.089,34.098],[-119.13,34.1],[-119.216,34.146],[-119.279,34.267],[-119.39,34.318],[-119.461,34.374],[-119.56,34.413],[-119.672,34.416],[-119.709,34.395],[-119.795,34.418],[-119.874,34.409],[-120.008,34.46],[-120.141,34.473],[-120.471,34.448],[-120.511,34.523],[-120.581,34.557],[-120.623,34.554],[-120.646,34.581],[-120.602,34.692],[-120.637,34.756],[-120.61,34.858],[-120.647,34.901],[-120.671,34.904],[-120.63,35.061],[-120.644,35.14],[-120.714,35.176],[-120.749,35.178],[-120.76,35.16],[-120.856,35.206],[-120.897,35.248],[-120.863,35.347],[-120.885,35.43],[-120.908,35.449],[-121.003,35.461],[-121.102,35.549],[-121.167,35.635],[-121.285,35.674],[-121.315,35.713],[-121.332,35.783],[-121.462,35.886],[-121.503,36.0],[-121.575,36.025],[-121.68,36.166],[-121.826,36.242],[-121.888,36.303],[-121.903,36.394],[-121.942,36.486],[-121.945,36.522],[-121.926,36.525],[-121.932,36.56],[-121.979,36.58],[-121.936,36.637],[-121.889,36.602],[-121.861,36.611],[-121.814,36.683],[-121.788,36.804],[-121.862,36.932],[-121.93,36.978],[-121.973,36.954],[-122.106,36.956],[-122.206,37.014],[-122.285,37.102],[-122.337,37.117],[-122.367,37.173],[-122.405,37.196],[-122.419,37.241],[-122.401,37.359],[-122.452,37.481],[-122.472,37.5],[-122.499,37.495],[-122.517,37.521],[-122.517,37.591],[-122.501,37.6],[-122.494,37.644],[-122.514,37.781],[-122.486,37.791],[-122.478,37.811],[-122.398,37.806],[-122.376,37.735],[-122.357,37.73],[-122.393,37.707],[-122.374,37.662],[-122.386,37.638],[-122.355,37.616],[-122.378,37.605],[-122.263,37.573],[-122.197,37.537],[-122.168,37.504],[-122.111,37.508],[-122.163,37.668],[-122.247,37.722],[-122.258,37.74],[-122.243,37.754],[-122.331,37.784],[-122.334,37.81],[-122.304,37.83],[-122.31,37.893],[-122.335,37.909],[-122.386,37.908],[-122.43,37.963],[-122.4,37.956],[-122.368,37.978],[-122.368,38.013],[-122.34,38.004],[-122.284,38.023],[-122.263,38.045],[-122.273,38.074],[-122.315,38.115],[-122.396,38.15],[-122.44,38.117],[-122.49,38.112],[-122.498,38.019],[-122.448,37.985],[-122.489,37.967],[-122.479,37.942],[-122.503,37.929],[-122.438,37.881],[-122.481,37.873],[-122.479,37.825],[-122.505,37.822],[-122.656,37.905],[-122.703,37.894],[-122.727,37.905],[-122.821,37.997],[-122.882,38.025],[-122.957,38.029],[-122.982,38.009],[-122.974,37.992],[-123.024,37.995],[-122.949,38.154],[-122.994,38.238],[-122.969,38.243],[-122.977,38.268],[-123.024,38.311],[-123.064,38.302],[-123.068,38.36],[-123.129,38.45],[-123.332,38.566],[-123.442,38.7],[-123.515,38.742],[-123.725,38.917],[-123.739,38.954],[-123.711,38.977],[-123.69,39.031],[-123.822,39.344],[-123.815,39.447],[-123.766,39.553],[-123.787,39.605],[-123.793,39.684],[-123.83,39.723],[-123.852,39.832],[-123.908,39.863],[-123.93,39.91],[-124.036,40.013],[-124.08,40.03],[-124.081,40.066],[-124.111,40.104],[-124.188,40.131],[-124.363,40.261],[-124.348,40.315],[-124.374,40.393],[-124.41,40.438]],[[-118.604,33.477],[-118.545,33.474],[-118.37,33.409],[-118.305,33.31],[-118.325,33.299],[-118.375,33.32],[-118.465,33.326],[-118.489,33.357],[-118.478,33.386],[-118.489,33.42],[-118.563,33.434],[-118.604,33.477]],[[-118.607,33.015],[-118.594,33.036],[-118.569,33.029],[-118.497,32.934],[-118.357,32.817],[-118.394,32.824],[-118.426,32.801],[-118.488,32.845],[-118.587,33.008],[-118.607,33.015]],[[-119.441,34.014],[-119.396,34.006],[-119.357,34.016],[-119.392,34.003],[-119.441,34.014]],[[-119.579,33.279],[-119.528,33.285],[-119.43,33.228],[-119.476,33.216],[-119.546,33.233],[-119.579,33.279]],[[-119.923,34.069],[-119.756,34.057],[-119.686,34.02],[-119.638,34.013],[-119.593,34.05],[-119.521,34.034],[-119.56,33.996],[-119.758,33.959],[-119.873,33.98],[-119.876,34.032],[-119.923,34.069]],[[-120.248,33.999],[-120.043,34.036],[-120.047,34.0],[-120.011,33.98],[-119.979,33.983],[-119.97,33.944],[-120.122,33.896],[-120.169,33.919],[-120.248,33.999]],[[-120.465,34.038],[-120.391,34.052],[-120.368,34.076],[-120.359,34.05],[-120.331,34.049],[-120.302,34.024],[-120.358,34.015],[-120.465,34.038]],[[-122.372,37.811],[-122.37,37.832],[-122.363,37.808],[-122.372,37.811]],[[-122.446,37.861],[-122.421,37.87],[-122.418,37.853],[-122.434,37.852],[-122.446,37.861]],[[-123.006,37.689],[-123.012,37.707],[-122.997,37.698],[-123.006,37.689]]]}},{"type":"Feature","properties":{"s":"CO"},"geometry":{"type":"LineString","coordinates":[[-109.06,38.275],[-109.05,41.001],[-102.052,41.002],[-102.042,36.993],[-109.045,36.999],[-109.042,38.155],[-109.06,38.275]]}},{"type":"Feature","properties":{"s":"FL"},"geometry":{"type":"MultiLineString","coordinates":[[[-87.635,30.866],[-87.601,30.936],[-87.599,30.997],[-85.002,31.001],[-84.984,30.936],[-84.942,30.888],[-84.896,30.751],[-84.865,30.712],[-82.214,30.567],[-82.21,30.424],[-82.165,30.358],[-82.05,30.363],[-82.005,30.563],[-82.049,30.655],[-82.023,30.782],[-81.906,30.822],[-81.869,30.793],[-81.807,30.79],[-81.72,30.745],[-81.433,30.703],[-81.434,30.523],[-81.447,30.504],[-81.411,30.482],[-81.386,30.274],[-81.241,29.739],[-80.966,29.148],[-80.71,28.757],[-80.575,28.585],[-80.525,28.459],[-80.588,28.411],[-80.607,28.337],[-80.604,28.258],[-80.566,28.096],[-80.384,27.74],[-80.254,27.38],[-80.094,27.019],[-80.031,26.796],[-80.039,26.569],[-80.11,26.087],[-80.128,25.772],[-80.155,25.665],[-80.177,25.685],[-80.166,25.729],[-80.198,25.744],[-80.24,25.724],[-80.267,25.652],[-80.301,25.613],[-80.302,25.568],[-80.339,25.499],[-80.32,25.437],[-80.326,25.398],[-80.307,25.384],[-80.335,25.339],[-80.495,25.199],[-80.571,25.239],[-80.589,25.224],[-80.585,25.201],[-80.61,25.182],[-80.688,25.165],[-80.704,25.139],[-80.743,25.143],[-80.758,25.167],[-80.827,25.16],[-80.858,25.177],[-80.9,25.162],[-80.901,25.14],[-81.08,25.119],[-81.141,25.164],[-81.172,25.222],[-81.152,25.325],[-81.117,25.355],[-81.128,25.38],[-81.151,25.387],[-81.169,25.464],[-81.208,25.505],[-81.204,25.539],[-81.226,25.558],[-81.254,25.638],[-81.29,25.688],[-81.346,25.721],[-81.362,25.773],[-81.34,25.787],[-81.353,25.822],[-81.418,25.865],[-81.458,25.869],[-81.474,25.888],[-81.509,25.884],[-81.528,25.902],[-81.585,25.889],[-81.645,25.898],[-81.678,25.845],[-81.69,25.853],[-81.727,25.907],[-81.748,25.994],[-81.802,26.088],[-81.833,26.294],[-81.869,26.379],[-81.97,26.477],[-82.009,26.484],[-82.025,26.513],[-82.067,26.513],[-82.072,26.493],[-82.106,26.484],[-82.138,26.637],[-82.182,26.682],[-82.174,26.702],[-82.139,26.703],[-82.093,26.666],[-82.055,26.803],[-82.059,26.877],[-82.091,26.889],[-82.093,26.907],[-82.09,26.923],[-82.062,26.931],[-82.063,26.95],[-82.108,26.958],[-82.137,26.926],[-82.175,26.917],[-82.147,26.79],[-82.179,26.773],[-82.234,26.784],[-82.26,26.717],[-82.289,26.828],[-82.446,27.061],[-82.54,27.254],[-82.692,27.437],[-82.746,27.539],[-82.708,27.524],[-82.707,27.498],[-82.651,27.523],[-82.612,27.585],[-82.571,27.609],[-82.514,27.706],[-82.478,27.723],[-82.482,27.743],[-82.432,27.768],[-82.393,27.837],[-82.403,27.883],[-82.414,27.901],[-82.478,27.928],[-82.49,27.92],[-82.488,27.864],[-82.469,27.843],[-82.472,27.823],[-82.49,27.823],[-82.554,27.848],[-82.53,27.877],[-82.543,27.891],[-82.534,27.933],[-82.554,27.967],[-82.72,27.956],[-82.71,27.928],[-82.628,27.91],[-82.632,27.891],[-82.61,27.874],[-82.568,27.884],[-82.567,27.858],[-82.598,27.857],[-82.587,27.817],[-82.623,27.78],[-82.634,27.711],[-82.719,27.692],[-82.722,27.664],[-82.698,27.639],[-82.733,27.613],[-82.746,27.731],[-82.847,27.854],[-82.841,27.937],[-82.825,27.96],[-82.832,27.909],[-82.783,28.056],[-82.781,28.128],[-82.791,28.152],[-82.808,28.155],[-82.805,28.172],[-82.763,28.219],[-82.665,28.484],[-82.645,28.889],[-82.689,28.906],[-82.738,28.995],[-82.761,28.993],[-82.76,29.054],[-82.781,29.074],[-82.817,29.076],[-82.824,29.099],[-82.799,29.111],[-82.805,29.147],[-82.992,29.181],[-83.019,29.141],[-83.053,29.131],[-83.088,29.216],[-83.077,29.255],[-83.17,29.29],[-83.176,29.345],[-83.218,29.42],[-83.295,29.438],[-83.312,29.476],[-83.4,29.517],[-83.413,29.668],[-83.538,29.723],[-83.585,29.776],[-83.595,29.828],[-83.679,29.919],[-83.932,30.039],[-84.001,30.096],[-84.063,30.101],[-84.168,30.071],[-84.199,30.088],[-84.237,30.086],[-84.256,30.104],[-84.277,30.06],[-84.315,30.069],[-84.359,30.058],[-84.362,29.988],[-84.343,29.975],[-84.334,29.924],[-84.349,29.897],[-84.424,29.903],[-84.452,29.929],[-84.512,29.917],[-84.888,29.722],[-84.902,29.736],[-84.877,29.773],[-84.904,29.786],[-84.993,29.715],[-85.121,29.716],[-85.26,29.681],[-85.319,29.681],[-85.344,29.672],[-85.345,29.655],[-85.398,29.74],[-85.414,29.853],[-85.392,29.871],[-85.406,29.802],[-85.378,29.71],[-85.354,29.685],[-85.311,29.698],[-85.303,29.808],[-85.405,29.938],[-85.509,29.971],[-85.588,30.055],[-85.697,30.097],[-85.923,30.238],[-86.223,30.344],[-86.412,30.38],[-86.751,30.392],[-87.206,30.321],[-87.296,30.323],[-87.518,30.28],[-87.452,30.3],[-87.451,30.367],[-87.419,30.411],[-87.431,30.491],[-87.45,30.515],[-87.394,30.642],[-87.407,30.672],[-87.533,30.743],[-87.635,30.866]],[[-80.661,24.9],[-80.622,24.944],[-80.559,24.971],[-80.546,25.015],[-80.509,25.028],[-80.461,25.079],[-80.495,25.102],[-80.445,25.093],[-80.433,25.115],[-80.446,25.151],[-80.413,25.137],[-80.396,25.151],[-80.392,25.192],[-80.337,25.231],[-80.336,25.262],[-80.368,25.282],[-80.329,25.287],[-80.293,25.314],[-80.246,25.399],[-80.214,25.417],[-80.175,25.518],[-80.174,25.483],[-80.204,25.412],[-80.377,25.131],[-80.474,25.06],[-80.566,24.958],[-80.661,24.9]],[[-80.767,24.836],[-80.732,24.865],[-80.692,24.886],[-80.712,24.863],[-80.767,24.836]],[[-80.851,24.804],[-80.793,24.844],[-80.781,24.841],[-80.796,24.812],[-80.851,24.804]],[[-80.907,24.784],[-80.891,24.792],[-80.884,24.79],[-80.893,24.786],[-80.907,24.784]],[[-81.125,24.708],[-81.042,24.743],[-81.017,24.735],[-80.91,24.782],[-80.906,24.77],[-80.939,24.767],[-81.024,24.717],[-81.034,24.727],[-81.065,24.715],[-81.078,24.692],[-81.108,24.689],[-81.125,24.708]],[[-81.282,24.654],[-81.26,24.675],[-81.243,24.674],[-81.245,24.669],[-81.282,24.654]],[[-81.357,24.757],[-81.325,24.767],[-81.288,24.721],[-81.303,24.714],[-81.357,24.757]],[[-81.814,24.564],[-81.794,24.586],[-81.687,24.593],[-81.615,24.651],[-81.583,24.659],[-81.563,24.693],[-81.535,24.68],[-81.512,24.704],[-81.459,24.707],[-81.451,24.747],[-81.432,24.723],[-81.425,24.753],[-81.393,24.743],[-81.36,24.709],[-81.319,24.701],[-81.298,24.657],[-81.395,24.621],[-81.414,24.647],[-81.47,24.642],[-81.499,24.665],[-81.519,24.62],[-81.685,24.559],[-81.81,24.545],[-81.814,24.564]],[[-82.268,26.683],[-82.247,26.706],[-82.166,26.49],[-82.089,26.455],[-82.063,26.47],[-82.014,26.452],[-82.083,26.422],[-82.173,26.468],[-82.206,26.566],[-82.268,26.683]],[[-82.165,24.552],[-82.143,24.593],[-82.101,24.585],[-82.117,24.549],[-82.165,24.552]],[[-82.836,28.073],[-82.826,28.084],[-82.813,28.037],[-82.822,27.964],[-82.836,28.073]],[[-85.097,29.625],[-85.024,29.597],[-84.813,29.687],[-84.694,29.765],[-84.777,29.692],[-84.958,29.613],[-85.051,29.587],[-85.097,29.625]],[[-85.223,29.678],[-85.114,29.689],[-85.077,29.671],[-85.097,29.633],[-85.125,29.628],[-85.223,29.678]]]}},{"type":"Feature","properties":{"s":"GA"},"geometry":{"type":"LineString","coordinates":[[-85.605,34.985],[-83.674,34.987],[-83.109,35.001],[-83.143,34.925],[-83.243,34.878],[-83.267,34.833],[-83.324,34.789],[-83.351,34.702],[-83.24,34.624],[-83.168,34.6],[-83.087,34.516],[-83.035,34.483],[-82.903,34.486],[-82.874,34.472],[-82.755,34.276],[-82.718,34.151],[-82.677,34.132],[-82.641,34.088],[-82.565,33.956],[-82.301,33.802],[-82.247,33.753],[-82.196,33.631],[-82.135,33.591],[-82.046,33.564],[-81.967,33.481],[-81.913,33.409],[-81.903,33.331],[-81.852,33.248],[-81.697,33.117],[-81.62,33.095],[-81.497,33.01],[-81.5,32.964],[-81.405,32.747],[-81.419,32.629],[-81.348,32.569],[-81.275,32.539],[-81.199,32.467],[-81.168,32.369],[-81.134,32.342],[-81.122,32.305],[-81.117,32.118],[-81.062,32.088],[-80.843,32.024],[-80.863,31.969],[-80.911,31.944],[-80.948,31.957],[-80.972,31.941],[-80.969,31.916],[-80.935,31.909],[-80.993,31.858],[-81.065,31.877],[-81.059,31.85],[-81.076,31.829],[-81.037,31.813],[-81.068,31.769],[-81.131,31.723],[-81.193,31.733],[-81.203,31.72],[-81.161,31.691],[-81.131,31.696],[-81.133,31.623],[-81.173,31.556],[-81.204,31.568],[-81.26,31.548],[-81.259,31.529],[-81.2,31.538],[-81.177,31.517],[-81.279,31.367],[-81.283,31.327],[-81.255,31.315],[-81.275,31.289],[-81.288,31.211],[-81.339,31.187],[-81.368,31.137],[-81.4,31.134],[-81.42,31.017],[-81.451,31.015],[-81.494,30.978],[-81.427,30.957],[-81.408,30.978],[-81.403,30.958],[-81.405,30.908],[-81.46,30.77],[-81.444,30.71],[-81.606,30.718],[-81.624,30.736],[-81.72,30.745],[-81.807,30.79],[-81.869,30.793],[-81.906,30.822],[-82.023,30.782],[-82.049,30.655],[-82.005,30.563],[-82.05,30.362],[-82.165,30.358],[-82.21,30.425],[-82.215,30.567],[-84.865,30.712],[-84.896,30.751],[-84.942,30.888],[-84.984,30.935],[-85.036,31.108],[-85.108,31.186],[-85.112,31.258],[-85.088,31.309],[-85.041,31.541],[-85.058,31.619],[-85.126,31.695],[-85.119,31.733],[-85.141,31.783],[-85.133,31.888],[-85.082,31.945],[-85.05,32.024],[-85.048,32.142],[-84.965,32.195],[-84.909,32.264],[-84.939,32.301],[-85.007,32.328],[-84.979,32.412],[-85.001,32.513],[-85.105,32.643],[-85.137,32.745],[-85.124,32.773],[-85.184,32.871],[-85.605,34.985]]}},{"type":"Feature","properties":{"s":"CT"},"geometry":{"type":"LineString","coordinates":[[-73.728,41.101],[-73.483,41.213],[-73.551,41.295],[-73.487,42.05],[-72.814,42.036],[-72.816,41.998],[-72.767,42.003],[-72.756,42.036],[-71.801,42.024],[-71.798,41.417],[-71.843,41.41],[-71.831,41.345],[-71.86,41.322],[-71.946,41.338],[-71.988,41.321],[-72.084,41.32],[-72.112,41.299],[-72.184,41.324],[-72.213,41.291],[-72.248,41.299],[-72.261,41.283],[-72.334,41.283],[-72.387,41.262],[-72.399,41.278],[-72.452,41.279],[-72.547,41.25],[-72.617,41.272],[-72.672,41.267],[-72.695,41.245],[-72.757,41.267],[-72.895,41.244],[-72.917,41.282],[-73.015,41.204],[-73.051,41.21],[-73.079,41.194],[-73.111,41.151],[-73.178,41.167],[-73.262,41.117],[-73.287,41.128],[-73.372,41.104],[-73.477,41.036],[-73.493,41.048],[-73.517,41.039],[-73.529,41.016],[-73.535,41.032],[-73.57,41.002],[-73.604,41.015],[-73.657,40.985],[-73.655,41.012],[-73.728,41.101]]}},{"type":"Feature","properties":{"s":"AZ"},"geometry":{"type":"LineString","coordinates":[[-114.814,32.494],[-114.807,32.621],[-114.782,32.625],[-114.72,32.719],[-114.679,32.737],[-114.616,32.729],[-114.496,32.822],[-114.463,32.906],[-114.469,32.972],[-114.511,33.023],[-114.572,33.037],[-114.624,33.029],[-114.675,33.048],[-114.708,33.091],[-114.679,33.16],[-114.672,33.258],[-114.721,33.397],[-114.627,33.434],[-114.536,33.569],[-114.53,33.679],[-114.494,33.708],[-114.523,33.806],[-114.518,33.918],[-114.5,33.962],[-114.438,34.023],[-114.433,34.088],[-114.412,34.11],[-114.244,34.18],[-114.164,34.252],[-114.132,34.261],[-114.138,34.303],[-114.177,34.349],[-114.34,34.451],[-114.466,34.692],[-114.553,34.767],[-114.635,34.875],[-114.622,35.095],[-114.578,35.129],[-114.569,35.183],[-114.604,35.354],[-114.678,35.49],[-114.653,35.611],[-114.689,35.651],[-114.7,35.7],[-114.706,35.879],[-114.744,35.984],[-114.756,36.087],[-114.632,36.142],[-114.572,36.152],[-114.381,36.142],[-114.253,36.02],[-114.149,36.027],[-114.12,36.102],[-114.047,36.194],[-114.051,37.0],[-109.045,36.999],[-109.05,31.333],[-111.098,31.34],[-114.814,32.494]]}},{"type":"Feature","properties":{"s":"ID"},"geometry":{"type":"LineString","coordinates":[[-117.215,44.467],[-117.149,44.536],[-117.062,44.727],[-116.931,44.792],[-116.852,44.888],[-116.832,44.933],[-116.858,44.978],[-116.845,45.017],[-116.73,45.142],[-116.674,45.322],[-116.464,45.603],[-116.489,45.651],[-116.535,45.692],[-116.548,45.752],[-116.789,45.848],[-116.857,45.904],[-116.944,46.062],[-116.926,46.159],[-116.959,46.242],[-116.988,46.298],[-117.061,46.368],[-117.04,46.425],[-117.032,48.999],[-116.049,49.001],[-116.048,47.977],[-115.724,47.697],[-115.706,47.638],[-115.74,47.538],[-115.712,47.489],[-115.73,47.447],[-115.721,47.422],[-115.577,47.367],[-115.524,47.299],[-115.32,47.256],[-115.267,47.181],[-115.193,47.133],[-114.936,46.9],[-114.92,46.828],[-114.853,46.8],[-114.739,46.715],[-114.667,46.719],[-114.614,46.639],[-114.482,46.632],[-114.37,46.654],[-114.331,46.63],[-114.347,46.536],[-114.385,46.467],[-114.378,46.435],[-114.483,46.129],[-114.468,46.082],[-114.491,46.044],[-114.483,46.008],[-114.402,45.963],[-114.394,45.894],[-114.449,45.859],[-114.509,45.846],[-114.566,45.774],[-114.495,45.703],[-114.501,45.667],[-114.564,45.637],[-114.562,45.565],[-114.461,45.561],[-114.351,45.469],[-114.31,45.469],[-114.248,45.545],[-114.135,45.558],[-114.035,45.648],[-114.019,45.693],[-113.988,45.705],[-113.814,45.601],[-113.802,45.579],[-113.81,45.531],[-113.773,45.512],[-113.739,45.33],[-113.674,45.249],[-113.599,45.191],[-113.566,45.149],[-113.576,45.13],[-113.449,45.046],[-113.447,44.972],[-113.499,44.942],[-113.455,44.865],[-113.342,44.785],[-113.247,44.823],[-113.135,44.763],[-113.052,44.637],[-113.027,44.496],[-113.004,44.451],[-112.876,44.374],[-112.831,44.382],[-112.822,44.434],[-112.781,44.485],[-112.719,44.504],[-112.387,44.46],[-112.359,44.486],[-112.34,44.539],[-112.274,44.564],[-112.187,44.534],[-112.079,44.534],[-111.871,44.564],[-111.843,44.528],[-111.807,44.515],[-111.704,44.56],[-111.601,44.554],[-111.526,44.605],[-111.489,44.706],[-111.395,44.751],[-111.324,44.724],[-111.219,44.623],[-111.131,44.5],[-111.049,44.474],[-111.047,42.002],[-113.893,41.988],[-117.026,42.0],[-117.027,43.808],[-116.962,43.918],[-116.935,43.989],[-116.932,44.102],[-116.894,44.16],[-116.976,44.243],[-117.17,44.259],[-117.19,44.274],[-117.215,44.467]]}},{"type":"Feature","properties":{"s":"IL"},"geometry":{"type":"LineString","coordinates":[[-91.51,40.201],[-91.462,40.342],[-91.373,40.401],[-91.364,40.5],[-91.405,40.555],[-91.34,40.613],[-91.253,40.638],[-91.187,40.637],[-91.123,40.671],[-91.093,40.821],[-90.963,40.925],[-90.942,41.035],[-90.947,41.097],[-90.99,41.156],[-91.05,41.178],[-91.114,41.241],[-91.048,41.411],[-90.847,41.455],[-90.656,41.462],[-90.606,41.494],[-90.461,41.524],[-90.342,41.621],[-90.31,41.743],[-90.182,41.807],[-90.141,41.996],[-90.166,42.055],[-90.162,42.115],[-90.235,42.165],[-90.391,42.225],[-90.431,42.278],[-90.419,42.329],[-90.477,42.384],[-90.647,42.472],[-90.657,42.489],[-90.641,42.508],[-87.8,42.492],[-87.805,42.385],[-87.835,42.302],[-87.829,42.27],[-87.742,42.128],[-87.671,42.058],[-87.612,41.892],[-87.609,41.845],[-87.524,41.724],[-87.532,39.348],[-87.585,39.337],[-87.604,39.314],[-87.606,39.261],[-87.588,39.249],[-87.605,39.186],[-87.659,39.136],[-87.573,39.057],[-87.512,38.954],[-87.553,38.863],[-87.526,38.849],[-87.495,38.783],[-87.52,38.697],[-87.594,38.667],[-87.62,38.64],[-87.67,38.545],[-87.656,38.522],[-87.75,38.403],[-87.863,38.28],[-87.952,38.24],[-87.959,38.204],[-87.911,38.162],[-87.942,38.132],[-88.013,38.104],[-88.042,38.046],[-88.013,37.977],[-88.013,37.894],[-88.071,37.895],[-88.028,37.828],[-88.028,37.799],[-88.06,37.743],[-88.122,37.71],[-88.16,37.658],[-88.133,37.574],[-88.072,37.529],[-88.063,37.489],[-88.083,37.474],[-88.282,37.453],[-88.358,37.405],[-88.409,37.425],[-88.47,37.396],[-88.516,37.284],[-88.424,37.152],[-88.459,37.074],[-88.545,37.07],[-88.626,37.119],[-88.809,37.189],[-88.967,37.23],[-89.041,37.203],[-89.168,37.074],[-89.179,37.021],[-89.133,36.982],[-89.17,36.97],[-89.261,36.982],[-89.378,37.04],[-89.468,37.218],[-89.517,37.282],[-89.489,37.333],[-89.433,37.347],[-89.421,37.388],[-89.44,37.437],[-89.517,37.537],[-89.516,37.671],[-89.671,37.801],[-89.845,37.905],[-89.902,37.87],[-89.951,37.882],[-89.997,37.963],[-90.243,38.113],[-90.334,38.19],[-90.364,38.236],[-90.371,38.334],[-90.346,38.382],[-90.285,38.443],[-90.26,38.528],[-90.184,38.612],[-90.181,38.66],[-90.21,38.726],[-90.123,38.798],[-90.109,38.844],[-90.25,38.919],[-90.451,38.968],[-90.544,38.875],[-90.583,38.869],[-90.625,38.889],[-90.663,38.928],[-90.712,39.047],[-90.681,39.101],[-90.73,39.256],[-90.842,39.342],[-91.042,39.452],[-91.159,39.553],[-91.178,39.598],[-91.229,39.621],[-91.368,39.729],[-91.365,39.777],[-91.446,39.87],[-91.46,39.98],[-91.495,40.037],[-91.51,40.201]]}},{"type":"Feature","properties":{"s":"IN"},"geometry":{"type":"LineString","coordinates":[[-88.071,37.896],[-88.013,37.894],[-88.013,37.977],[-88.042,38.046],[-88.013,38.104],[-87.942,38.132],[-87.911,38.162],[-87.959,38.204],[-87.952,38.24],[-87.863,38.28],[-87.75,38.403],[-87.656,38.521],[-87.67,38.545],[-87.62,38.639],[-87.594,38.667],[-87.531,38.684],[-87.499,38.759],[-87.495,38.783],[-87.526,38.849],[-87.553,38.863],[-87.512,38.955],[-87.573,39.057],[-87.659,39.136],[-87.605,39.186],[-87.588,39.249],[-87.606,39.261],[-87.604,39.314],[-87.585,39.337],[-87.532,39.349],[-87.524,41.708],[-87.471,41.673],[-87.439,41.671],[-87.423,41.643],[-87.278,41.62],[-87.066,41.662],[-86.825,41.76],[-84.819,41.76],[-84.806,41.743],[-84.802,40.702],[-84.82,39.105],[-84.897,39.057],[-84.849,39.001],[-84.785,38.88],[-84.813,38.798],[-84.996,38.777],[-85.173,38.688],[-85.213,38.695],[-85.275,38.741],[-85.434,38.729],[-85.457,38.689],[-85.416,38.564],[-85.423,38.532],[-85.608,38.439],[-85.654,38.327],[-85.684,38.295],[-85.745,38.267],[-85.781,38.288],[-85.829,38.277],[-85.909,38.161],[-85.906,38.086],[-85.922,38.029],[-85.951,38.006],[-86.03,37.993],[-86.179,38.011],[-86.267,38.057],[-86.271,38.13],[-86.31,38.144],[-86.399,38.106],[-86.452,38.05],[-86.517,38.043],[-86.525,37.968],[-86.605,37.858],[-86.634,37.844],[-86.655,37.843],[-86.66,37.865],[-86.709,37.898],[-86.731,37.894],[-86.795,37.989],[-86.823,37.999],[-86.919,37.937],[-87.033,37.907],[-87.068,37.806],[-87.111,37.783],[-87.38,37.936],[-87.45,37.941],[-87.511,37.906],[-87.559,37.931],[-87.586,37.975],[-87.629,37.927],[-87.588,37.869],[-87.615,37.832],[-87.679,37.836],[-87.663,37.886],[-87.676,37.902],[-87.831,37.877],[-87.873,37.921],[-87.898,37.927],[-87.94,37.888],[-87.904,37.818],[-87.944,37.777],[-88.028,37.799],[-88.028,37.828],[-88.071,37.896]]}},{"type":"Feature","properties":{"s":"IA"},"geometry":{"type":"LineString","coordinates":[[-96.631,42.706],[-96.632,42.771],[-96.55,42.839],[-96.511,42.944],[-96.513,43.028],[-96.466,43.062],[-96.437,43.121],[-96.476,43.221],[-96.557,43.224],[-96.584,43.268],[-96.569,43.296],[-96.53,43.3],[-96.522,43.387],[-96.594,43.434],[-96.603,43.451],[-96.584,43.469],[-96.599,43.5],[-91.218,43.501],[-91.21,43.372],[-91.107,43.314],[-91.058,43.255],[-91.175,43.135],[-91.178,43.062],[-91.146,42.908],[-91.101,42.883],[-91.054,42.738],[-90.949,42.686],[-90.709,42.636],[-90.637,42.519],[-90.654,42.479],[-90.477,42.384],[-90.419,42.329],[-90.431,42.278],[-90.391,42.226],[-90.235,42.165],[-90.168,42.122],[-90.165,42.045],[-90.141,41.996],[-90.182,41.807],[-90.31,41.743],[-90.342,41.621],[-90.461,41.524],[-90.606,41.494],[-90.656,41.462],[-90.848,41.455],[-91.048,41.411],[-91.114,41.242],[-91.05,41.178],[-90.99,41.156],[-90.947,41.097],[-90.952,40.954],[-90.969,40.919],[-91.01,40.901],[-91.093,40.821],[-91.122,40.671],[-91.187,40.637],[-91.253,40.638],[-91.34,40.613],[-91.405,40.555],[-91.364,40.5],[-91.373,40.401],[-91.388,40.385],[-91.485,40.384],[-91.525,40.411],[-91.619,40.507],[-91.62,40.541],[-91.729,40.614],[-94.295,40.571],[-95.766,40.585],[-95.749,40.603],[-95.776,40.647],[-95.843,40.677],[-95.889,40.732],[-95.862,40.763],[-95.821,40.877],[-95.829,40.976],[-95.867,41.002],[-95.853,41.165],[-95.926,41.196],[-95.903,41.274],[-95.914,41.32],[-95.957,41.349],[-95.931,41.434],[-95.995,41.526],[-96.03,41.527],[-96.047,41.507],[-96.094,41.539],[-96.118,41.613],[-96.095,41.653],[-96.122,41.683],[-96.077,41.715],[-96.065,41.793],[-96.162,41.902],[-96.137,41.921],[-96.13,41.972],[-96.273,42.047],[-96.307,42.131],[-96.35,42.172],[-96.36,42.211],[-96.324,42.23],[-96.329,42.255],[-96.418,42.351],[-96.414,42.408],[-96.381,42.446],[-96.385,42.473],[-96.477,42.509],[-96.477,42.556],[-96.516,42.63],[-96.575,42.683],[-96.631,42.706]]}},{"type":"Feature","properties":{"s":"KS"},"geometry":{"type":"MultiLineString","coordinates":[[[-102.052,40.003],[-95.308,40.0],[-95.181,39.9],[-95.085,39.862],[-95.035,39.867],[-95.008,39.901],[-94.936,39.894],[-94.895,39.763],[-94.917,39.728],[-95.015,39.674],[-95.107,39.574],[-95.109,39.542],[-94.91,39.367],[-94.901,39.302],[-94.832,39.227],[-94.752,39.173],[-94.602,39.16],[-94.59,39.14],[-94.607,39.113],[-94.618,36.998],[-100.116,37.002],[-100.553,37.001],[-102.042,36.993],[-102.052,40.003]],[[-100.633,37.0],[-100.633,37.0],[-100.633,37.0],[-100.633,37.0]]]}},{"type":"Feature","properties":{"s":"KY"},"geometry":{"type":"MultiLineString","coordinates":[[[-89.417,36.499],[-89.366,36.625],[-89.327,36.632],[-89.272,36.571],[-89.237,36.567],[-89.214,36.58],[-89.175,36.65],[-89.198,36.739],[-89.169,36.759],[-89.131,36.752],[-89.124,36.785],[-89.179,36.813],[-89.177,36.836],[-89.148,36.847],[-89.101,36.944],[-89.174,37.011],[-89.181,37.046],[-89.087,37.166],[-89.001,37.224],[-88.942,37.229],[-88.626,37.119],[-88.545,37.07],[-88.459,37.074],[-88.424,37.153],[-88.516,37.284],[-88.477,37.387],[-88.409,37.425],[-88.358,37.405],[-88.282,37.453],[-88.083,37.474],[-88.063,37.489],[-88.072,37.529],[-88.133,37.574],[-88.158,37.665],[-88.122,37.71],[-88.06,37.743],[-88.028,37.799],[-87.944,37.777],[-87.907,37.808],[-87.91,37.843],[-87.941,37.883],[-87.905,37.925],[-87.873,37.921],[-87.831,37.877],[-87.676,37.902],[-87.663,37.886],[-87.679,37.836],[-87.646,37.826],[-87.615,37.832],[-87.589,37.861],[-87.592,37.887],[-87.629,37.927],[-87.586,37.975],[-87.559,37.931],[-87.512,37.906],[-87.45,37.941],[-87.38,37.936],[-87.111,37.783],[-87.068,37.806],[-87.033,37.907],[-86.919,37.937],[-86.823,37.999],[-86.795,37.989],[-86.732,37.894],[-86.709,37.898],[-86.66,37.865],[-86.655,37.843],[-86.634,37.844],[-86.605,37.858],[-86.525,37.968],[-86.517,38.043],[-86.452,38.05],[-86.399,38.106],[-86.31,38.144],[-86.271,38.13],[-86.267,38.057],[-86.179,38.011],[-86.03,37.993],[-85.951,38.006],[-85.922,38.029],[-85.906,38.086],[-85.909,38.161],[-85.829,38.277],[-85.781,38.288],[-85.745,38.267],[-85.684,38.295],[-85.654,38.327],[-85.608,38.439],[-85.423,38.532],[-85.416,38.564],[-85.457,38.689],[-85.434,38.729],[-85.275,38.741],[-85.213,38.695],[-85.173,38.688],[-84.996,38.777],[-84.813,38.798],[-84.785,38.88],[-84.849,39.001],[-84.897,39.057],[-84.754,39.147],[-84.62,39.073],[-84.494,39.102],[-84.433,39.094],[-84.305,39.006],[-84.234,38.893],[-84.231,38.831],[-84.213,38.806],[-84.071,38.77],[-83.962,38.787],[-83.87,38.762],[-83.769,38.655],[-83.68,38.63],[-83.65,38.633],[-83.627,38.679],[-83.521,38.703],[-83.369,38.659],[-83.282,38.603],[-83.157,38.621],[-83.031,38.726],[-82.879,38.751],[-82.84,38.586],[-82.79,38.56],[-82.731,38.559],[-82.697,38.542],[-82.594,38.422],[-82.575,38.264],[-82.584,38.246],[-82.604,38.247],[-82.645,38.165],[-82.636,38.138],[-82.547,38.061],[-82.52,38.009],[-82.465,37.985],[-82.5,37.936],[-82.33,37.776],[-82.326,37.736],[-82.297,37.687],[-82.142,37.595],[-82.116,37.56],[-82.048,37.531],[-81.968,37.538],[-82.351,37.267],[-82.565,37.196],[-82.722,37.106],[-82.722,37.045],[-82.868,36.977],[-82.862,36.924],[-82.912,36.874],[-83.073,36.855],[-83.132,36.782],[-83.136,36.743],[-83.461,36.665],[-83.527,36.666],[-83.65,36.617],[-83.691,36.583],[-85.276,36.627],[-85.551,36.616],[-86.468,36.652],[-86.564,36.633],[-86.605,36.652],[-87.853,36.633],[-87.85,36.664],[-88.07,36.678],[-88.032,36.541],[-88.053,36.497],[-89.417,36.499]],[[-89.572,36.553],[-89.546,36.58],[-89.5,36.576],[-89.479,36.568],[-89.466,36.53],[-89.485,36.498],[-89.539,36.498],[-89.572,36.553]]]}},{"type":"Feature","properties":{"s":"LA"},"geometry":{"type":"MultiLineString","coordinates":[[[-88.946,29.663],[-88.874,29.758],[-88.831,29.879],[-88.841,29.996],[-88.881,30.053],[-88.834,29.999],[-88.818,29.889],[-88.865,29.753],[-88.946,29.663]],[[-94.043,31.999],[-94.043,33.019],[-91.166,33.004],[-91.214,32.93],[-91.175,32.9],[-91.134,32.918],[-91.134,32.981],[-91.094,32.984],[-91.064,32.904],[-91.106,32.858],[-91.145,32.843],[-91.164,32.786],[-91.163,32.747],[-91.054,32.722],[-91.152,32.641],[-91.141,32.597],[-91.091,32.564],[-91.116,32.483],[-90.994,32.404],[-91.0,32.358],[-90.899,32.329],[-91.005,32.215],[-91.039,32.242],[-91.164,32.197],[-91.165,32.134],[-91.047,32.139],[-91.028,32.113],[-91.128,31.986],[-91.248,31.87],[-91.339,31.851],[-91.365,31.753],[-91.398,31.709],[-91.405,31.638],[-91.475,31.622],[-91.477,31.592],[-91.425,31.578],[-91.417,31.562],[-91.523,31.52],[-91.5,31.419],[-91.541,31.357],[-91.509,31.292],[-91.522,31.273],[-91.575,31.261],[-91.604,31.155],[-91.56,31.054],[-91.585,31.02],[-91.635,31.0],[-89.728,31.002],[-89.745,30.919],[-89.773,30.898],[-89.843,30.666],[-89.807,30.572],[-89.683,30.452],[-89.63,30.339],[-89.643,30.288],[-89.608,30.217],[-89.573,30.181],[-89.525,30.181],[-89.641,30.139],[-89.678,30.108],[-89.684,30.076],[-89.731,30.058],[-89.716,30.026],[-89.819,30.043],[-89.857,30.004],[-89.844,29.956],[-89.804,29.933],[-89.728,29.959],[-89.713,29.946],[-89.743,29.936],[-89.743,29.908],[-89.711,29.879],[-89.66,29.863],[-89.613,29.872],[-89.591,29.897],[-89.581,29.995],[-89.502,30.034],[-89.482,30.079],[-89.419,30.05],[-89.372,30.055],[-89.372,30.037],[-89.423,30.015],[-89.433,29.991],[-89.433,29.979],[-89.379,29.964],[-89.368,29.912],[-89.315,29.923],[-89.273,29.994],[-89.251,30.002],[-89.25,29.976],[-89.218,29.973],[-89.231,29.925],[-89.28,29.925],[-89.322,29.888],[-89.241,29.89],[-89.236,29.877],[-89.384,29.839],[-89.346,29.82],[-89.332,29.791],[-89.277,29.808],[-89.285,29.77],[-89.271,29.756],[-89.386,29.789],[-89.428,29.742],[-89.424,29.698],[-89.53,29.744],[-89.651,29.749],[-89.645,29.711],[-89.593,29.702],[-89.597,29.684],[-89.574,29.674],[-89.534,29.67],[-89.485,29.624],[-89.649,29.673],[-89.641,29.636],[-89.685,29.625],[-89.669,29.58],[-89.7,29.516],[-89.666,29.49],[-89.635,29.489],[-89.589,29.438],[-89.577,29.434],[-89.549,29.466],[-89.528,29.455],[-89.532,29.426],[-89.508,29.386],[-89.477,29.411],[-89.457,29.393],[-89.34,29.381],[-89.35,29.35],[-89.283,29.356],[-89.241,29.31],[-89.201,29.348],[-89.18,29.34],[-89.165,29.303],[-89.1,29.25],[-89.101,29.206],[-89.029,29.221],[-89.001,29.18],[-89.005,29.165],[-89.047,29.158],[-89.024,29.134],[-89.062,29.07],[-89.122,29.069],[-89.17,29.009],[-89.211,29.041],[-89.226,29.079],[-89.255,29.083],[-89.259,29.058],[-89.315,29.039],[-89.411,28.925],[-89.408,28.965],[-89.335,29.04],[-89.355,29.072],[-89.406,29.087],[-89.409,29.128],[-89.483,29.215],[-89.697,29.297],[-89.85,29.312],[-89.854,29.341],[-89.816,29.394],[-89.844,29.422],[-89.833,29.464],[-89.85,29.478],[-89.902,29.46],[-89.933,29.429],[-90.013,29.463],[-90.032,29.427],[-90.036,29.364],[-90.029,29.307],[-90.01,29.295],[-90.101,29.26],[-90.096,29.241],[-90.071,29.209],[-90.043,29.212],[-89.96,29.268],[-89.951,29.261],[-90.174,29.105],[-90.349,29.058],[-90.234,29.111],[-90.235,29.129],[-90.281,29.143],[-90.303,29.175],[-90.301,29.196],[-90.271,29.205],[-90.333,29.277],[-90.367,29.274],[-90.388,29.253],[-90.399,29.201],[-90.472,29.193],[-90.467,29.203],[-90.495,29.217],[-90.468,29.228],[-90.451,29.264],[-90.51,29.291],[-90.526,29.276],[-90.582,29.276],[-90.588,29.246],[-90.544,29.224],[-90.561,29.204],[-90.634,29.209],[-90.647,29.129],[-90.764,29.113],[-90.799,29.087],[-90.804,29.064],[-90.765,29.049],[-90.725,29.067],[-90.637,29.067],[-90.731,29.042],[-90.839,29.039],[-90.863,29.095],[-90.961,29.181],[-91.0,29.169],[-91.094,29.188],[-91.129,29.216],[-91.279,29.248],[-91.333,29.306],[-91.292,29.311],[-91.249,29.37],[-91.198,29.37],[-91.221,29.436],[-91.258,29.447],[-91.281,29.481],[-91.336,29.486],[-91.357,29.515],[-91.42,29.516],[-91.447,29.545],[-91.531,29.532],[-91.554,29.633],[-91.649,29.634],[-91.618,29.711],[-91.633,29.743],[-91.752,29.748],[-91.859,29.703],[-91.881,29.711],[-91.855,29.807],[-91.889,29.836],[-92.056,29.772],[-92.144,29.717],[-92.149,29.697],[-92.112,29.622],[-92.025,29.626],[-91.965,29.608],[-91.935,29.612],[-91.923,29.633],[-91.863,29.634],[-91.785,29.595],[-91.774,29.576],[-91.712,29.565],[-91.765,29.521],[-91.782,29.483],[-91.838,29.479],[-91.862,29.502],[-91.969,29.537],[-92.046,29.584],[-92.159,29.582],[-92.252,29.539],[-92.309,29.533],[-92.616,29.579],[-92.974,29.714],[-93.227,29.778],[-93.347,29.759],[-93.475,29.769],[-93.684,29.747],[-93.766,29.729],[-93.838,29.691],[-93.898,29.772],[-93.891,29.843],[-93.789,29.988],[-93.712,30.067],[-93.695,30.148],[-93.721,30.295],[-93.766,30.333],[-93.758,30.39],[-93.698,30.439],[-93.71,30.506],[-93.74,30.539],[-93.563,30.819],[-93.559,30.869],[-93.531,30.925],[-93.532,31.181],[-93.599,31.175],[-93.614,31.261],[-93.672,31.3],[-93.641,31.373],[-93.696,31.409],[-93.73,31.488],[-93.798,31.534],[-93.835,31.586],[-93.812,31.715],[-93.84,31.801],[-94.043,31.999]]]}},{"type":"Feature","properties":{"s":"MN"},"geometry":{"type":"MultiLineString","coordinates":[[[-97.239,48.968],[-97.229,49.001],[-95.154,48.999],[-95.153,49.384],[-95.058,49.353],[-94.957,49.37],[-94.824,49.309],[-94.773,49.121],[-94.75,49.1],[-94.75,49.0],[-94.719,49.0],[-94.683,48.884],[-94.691,48.778],[-94.533,48.701],[-94.308,48.71],[-94.261,48.696],[-94.25,48.657],[-94.224,48.65],[-93.841,48.629],[-93.807,48.578],[-93.818,48.53],[-93.794,48.516],[-93.662,48.516],[-93.468,48.546],[-93.464,48.592],[-93.255,48.643],[-93.207,48.642],[-93.18,48.625],[-92.98,48.625],[-92.728,48.539],[-92.635,48.543],[-92.627,48.503],[-92.699,48.495],[-92.712,48.463],[-92.656,48.437],[-92.507,48.448],[-92.456,48.414],[-92.384,48.243],[-92.325,48.237],[-92.295,48.277],[-92.305,48.323],[-92.262,48.355],[-92.055,48.359],[-91.977,48.247],[-91.954,48.252],[-91.79,48.198],[-91.715,48.199],[-91.699,48.145],[-91.712,48.115],[-91.488,48.068],[-91.266,48.079],[-91.138,48.151],[-90.885,48.246],[-90.839,48.24],[-90.795,48.136],[-90.752,48.091],[-90.57,48.107],[-90.344,48.094],[-90.136,48.112],[-90.024,48.085],[-89.993,48.028],[-89.897,47.988],[-89.764,48.023],[-89.564,48.003],[-89.489,48.015],[-89.572,47.967],[-89.625,47.983],[-89.64,47.954],[-89.698,47.941],[-89.794,47.891],[-89.924,47.862],[-89.974,47.831],[-90.438,47.732],[-90.736,47.624],[-91.046,47.456],[-91.477,47.126],[-91.574,47.09],[-91.645,47.026],[-91.705,47.005],[-91.781,46.946],[-91.883,46.906],[-92.094,46.788],[-92.015,46.706],[-92.089,46.749],[-92.117,46.749],[-92.189,46.717],[-92.188,46.679],[-92.207,46.652],[-92.292,46.663],[-92.294,46.074],[-92.708,45.895],[-92.785,45.764],[-92.869,45.717],[-92.884,45.576],[-92.726,45.531],[-92.68,45.464],[-92.664,45.393],[-92.705,45.327],[-92.761,45.279],[-92.793,45.078],[-92.751,44.937],[-92.765,44.836],[-92.802,44.745],[-92.632,44.649],[-92.55,44.576],[-92.34,44.555],[-92.314,44.538],[-92.291,44.485],[-92.234,44.446],[-91.964,44.362],[-91.919,44.323],[-91.875,44.201],[-91.722,44.13],[-91.592,44.031],[-91.433,43.997],[-91.284,43.847],[-91.262,43.792],[-91.269,43.615],[-91.218,43.501],[-96.453,43.5],[-96.453,45.298],[-96.489,45.357],[-96.522,45.376],[-96.693,45.417],[-96.765,45.521],[-96.785,45.541],[-96.858,45.606],[-96.836,45.65],[-96.673,45.732],[-96.583,45.82],[-96.563,45.935],[-96.578,46.027],[-96.555,46.085],[-96.586,46.177],[-96.598,46.313],[-96.722,46.44],[-96.739,46.544],[-96.783,46.63],[-96.802,46.812],[-96.768,46.905],[-96.823,46.971],[-96.833,47.238],[-96.862,47.422],[-96.842,47.508],[-96.851,47.598],[-97.0,47.861],[-97.023,47.874],[-97.088,48.059],[-97.148,48.171],[-97.147,48.243],[-97.117,48.28],[-97.116,48.324],[-97.146,48.397],[-97.123,48.421],[-97.127,48.52],[-97.163,48.544],[-97.093,48.682],[-97.239,48.968]],[[-96.835,45.586],[-96.835,45.586],[-96.835,45.586],[-96.835,45.586]]]}},{"type":"Feature","properties":{"s":"MS"},"geometry":{"type":"MultiLineString","coordinates":[[[-91.637,30.999],[-91.585,31.02],[-91.56,31.054],[-91.604,31.155],[-91.574,31.261],[-91.522,31.273],[-91.509,31.292],[-91.541,31.357],[-91.5,31.419],[-91.523,31.52],[-91.417,31.562],[-91.425,31.578],[-91.477,31.592],[-91.475,31.622],[-91.405,31.638],[-91.398,31.709],[-91.365,31.753],[-91.338,31.851],[-91.248,31.87],[-91.128,31.986],[-91.028,32.113],[-91.047,32.139],[-91.165,32.134],[-91.164,32.197],[-91.039,32.242],[-91.004,32.216],[-90.899,32.329],[-91.0,32.358],[-90.994,32.404],[-91.116,32.483],[-91.091,32.564],[-91.141,32.597],[-91.152,32.642],[-91.055,32.722],[-91.163,32.747],[-91.162,32.812],[-91.145,32.843],[-91.071,32.889],[-91.064,32.924],[-91.107,32.989],[-91.134,32.98],[-91.132,32.923],[-91.145,32.905],[-91.197,32.907],[-91.214,32.93],[-91.202,32.961],[-91.126,33.038],[-91.088,33.145],[-91.086,33.221],[-91.141,33.298],[-91.184,33.42],[-91.132,33.43],[-91.119,33.449],[-91.125,33.473],[-91.232,33.553],[-91.224,33.567],[-91.134,33.595],[-91.131,33.606],[-91.193,33.657],[-91.186,33.679],[-91.148,33.679],[-91.128,33.696],[-91.14,33.777],[-91.068,33.84],[-91.037,33.914],[-91.089,33.973],[-90.887,34.033],[-90.888,34.087],[-90.929,34.108],[-90.935,34.13],[-90.918,34.154],[-90.88,34.169],[-90.911,34.223],[-90.856,34.239],[-90.764,34.363],[-90.659,34.376],[-90.575,34.415],[-90.577,34.657],[-90.522,34.663],[-90.509,34.679],[-90.555,34.727],[-90.537,34.784],[-90.48,34.769],[-90.467,34.783],[-90.474,34.853],[-90.461,34.857],[-90.436,34.855],[-90.415,34.832],[-90.307,34.846],[-90.25,34.907],[-90.245,34.938],[-90.309,34.996],[-88.2,34.996],[-88.125,34.902],[-88.098,34.892],[-88.469,31.93],[-88.394,30.349],[-88.434,30.355],[-88.48,30.318],[-88.599,30.359],[-88.664,30.362],[-88.729,30.343],[-88.841,30.41],[-88.858,30.393],[-88.851,30.375],[-88.894,30.393],[-89.016,30.384],[-89.286,30.303],[-89.28,30.35],[-89.336,30.374],[-89.366,30.352],[-89.333,30.338],[-89.323,30.315],[-89.419,30.254],[-89.448,30.185],[-89.464,30.174],[-89.48,30.194],[-89.573,30.181],[-89.643,30.288],[-89.63,30.339],[-89.683,30.452],[-89.807,30.572],[-89.843,30.666],[-89.773,30.898],[-89.745,30.919],[-89.732,31.005],[-91.637,30.999]],[[-88.507,30.214],[-88.453,30.201],[-88.401,30.21],[-88.454,30.197],[-88.507,30.214]],[[-88.772,30.246],[-88.718,30.253],[-88.562,30.227],[-88.587,30.219],[-88.772,30.246]],[[-88.984,30.21],[-88.921,30.221],[-88.874,30.242],[-88.9,30.225],[-88.945,30.21],[-88.984,30.21]],[[-89.157,30.231],[-89.077,30.232],[-89.064,30.246],[-89.091,30.202],[-89.157,30.231]]]}},{"type":"Feature","properties":{"s":"ME"},"geometry":{"type":"MultiLineString","coordinates":[[[-71.084,45.305],[-71.014,45.317],[-70.99,45.336],[-70.951,45.335],[-70.918,45.312],[-70.897,45.242],[-70.857,45.229],[-70.839,45.238],[-70.808,45.326],[-70.808,45.378],[-70.826,45.4],[-70.798,45.425],[-70.754,45.428],[-70.712,45.391],[-70.635,45.384],[-70.636,45.428],[-70.716,45.487],[-70.722,45.515],[-70.688,45.564],[-70.565,45.655],[-70.451,45.705],[-70.397,45.757],[-70.418,45.795],[-70.388,45.819],[-70.263,45.888],[-70.24,45.944],[-70.312,45.972],[-70.311,46.065],[-70.285,46.099],[-70.252,46.106],[-70.238,46.147],[-70.293,46.192],[-70.188,46.35],[-70.056,46.417],[-69.997,46.695],[-69.224,47.46],[-69.043,47.427],[-69.031,47.403],[-69.054,47.375],[-69.05,47.257],[-68.901,47.179],[-68.58,47.287],[-68.475,47.298],[-68.362,47.356],[-68.284,47.36],[-68.154,47.314],[-67.956,47.2],[-67.889,47.119],[-67.791,47.068],[-67.781,45.943],[-67.764,45.82],[-67.807,45.795],[-67.818,45.694],[-67.646,45.614],[-67.5,45.587],[-67.455,45.605],[-67.425,45.579],[-67.426,45.503],[-67.463,45.509],[-67.504,45.488],[-67.473,45.425],[-67.422,45.38],[-67.429,45.344],[-67.489,45.281],[-67.405,45.166],[-67.345,45.126],[-67.306,45.145],[-67.284,45.192],[-67.161,45.163],[-67.091,45.069],[-67.117,45.056],[-67.082,45.03],[-67.034,44.94],[-66.984,44.913],[-66.978,44.857],[-66.996,44.845],[-66.986,44.821],[-66.95,44.817],[-67.026,44.768],[-67.062,44.77],[-67.073,44.742],[-67.099,44.741],[-67.104,44.717],[-67.154,44.668],[-67.187,44.663],[-67.189,44.646],[-67.251,44.641],[-67.293,44.599],[-67.323,44.609],[-67.294,44.634],[-67.31,44.659],[-67.309,44.707],[-67.377,44.682],[-67.363,44.632],[-67.389,44.626],[-67.405,44.594],[-67.428,44.609],[-67.458,44.598],[-67.506,44.637],[-67.551,44.622],[-67.575,44.561],[-67.568,44.531],[-67.686,44.537],[-67.714,44.495],[-67.734,44.496],[-67.754,44.544],[-67.774,44.547],[-67.782,44.521],[-67.797,44.521],[-67.84,44.559],[-67.857,44.524],[-67.852,44.485],[-67.869,44.465],[-67.855,44.419],[-67.887,44.433],[-67.9,44.394],[-67.926,44.432],[-67.931,44.412],[-67.956,44.416],[-67.979,44.387],[-68.011,44.408],[-68.049,44.331],[-68.112,44.402],[-68.118,44.475],[-68.195,44.472],[-68.192,44.487],[-68.214,44.492],[-68.229,44.463],[-68.262,44.484],[-68.299,44.438],[-68.247,44.433],[-68.25,44.415],[-68.185,44.369],[-68.174,44.328],[-68.233,44.289],[-68.289,44.284],[-68.291,44.248],[-68.318,44.225],[-68.401,44.252],[-68.431,44.299],[-68.398,44.376],[-68.358,44.392],[-68.379,44.43],[-68.428,44.397],[-68.43,44.439],[-68.455,44.447],[-68.466,44.377],[-68.483,44.388],[-68.473,44.404],[-68.485,44.434],[-68.53,44.399],[-68.565,44.399],[-68.545,44.355],[-68.566,44.313],[-68.532,44.29],[-68.525,44.228],[-68.733,44.328],[-68.827,44.312],[-68.822,44.409],[-68.784,44.474],[-68.88,44.428],[-68.901,44.452],[-68.982,44.426],[-68.984,44.397],[-68.948,44.356],[-68.954,44.324],[-68.979,44.296],[-69.004,44.294],[-69.04,44.234],[-69.055,44.172],[-69.08,44.161],[-69.08,44.118],[-69.101,44.104],[-69.092,44.086],[-69.043,44.092],[-69.032,44.079],[-69.049,44.063],[-69.068,44.068],[-69.074,44.046],[-69.126,44.02],[-69.124,44.007],[-69.194,43.976],[-69.204,43.942],[-69.26,43.921],[-69.281,43.957],[-69.314,43.943],[-69.304,43.962],[-69.331,43.974],[-69.388,43.964],[-69.416,43.977],[-69.429,43.958],[-69.442,43.964],[-69.46,43.903],[-69.503,43.838],[-69.515,43.831],[-69.52,43.869],[-69.544,43.882],[-69.553,43.841],[-69.573,43.844],[-69.589,43.818],[-69.606,43.815],[-69.595,43.859],[-69.621,43.827],[-69.635,43.846],[-69.65,43.836],[-69.653,43.791],[-69.706,43.823],[-69.753,43.756],[-69.78,43.755],[-69.839,43.705],[-69.855,43.705],[-69.862,43.759],[-69.884,43.778],[-69.958,43.768],[-70.002,43.718],[-70.002,43.744],[-70.041,43.738],[-69.998,43.799],[-70.026,43.823],[-70.003,43.848],[-70.01,43.859],[-70.065,43.813],[-70.107,43.809],[-70.176,43.761],[-70.175,43.777],[-70.19,43.772],[-70.217,43.705],[-70.254,43.677],[-70.211,43.626],[-70.217,43.597],[-70.197,43.565],[-70.244,43.552],[-70.273,43.563],[-70.361,43.529],[-70.386,43.487],[-70.35,43.442],[-70.391,43.403],[-70.421,43.396],[-70.461,43.343],[-70.518,43.344],[-70.554,43.322],[-70.594,43.249],[-70.577,43.218],[-70.666,43.076],[-70.704,43.06],[-70.828,43.129],[-70.818,43.238],[-70.967,43.344],[-70.988,43.392],[-70.953,43.553],[-70.973,43.57],[-71.038,44.756],[-71.084,45.305]],[[-67.62,44.52],[-67.582,44.513],[-67.591,44.494],[-67.563,44.472],[-67.572,44.453],[-67.588,44.45],[-67.62,44.52]],[[-68.277,44.241],[-68.275,44.259],[-68.211,44.257],[-68.249,44.235],[-68.277,44.241]],[[-68.379,44.184],[-68.333,44.207],[-68.315,44.197],[-68.347,44.169],[-68.379,44.184]],[[-68.377,44.112],[-68.347,44.128],[-68.331,44.111],[-68.365,44.101],[-68.377,44.112]],[[-68.502,44.152],[-68.474,44.182],[-68.424,44.191],[-68.385,44.155],[-68.439,44.116],[-68.457,44.145],[-68.502,44.152]],[[-68.485,44.203],[-68.47,44.228],[-68.454,44.2],[-68.485,44.203]],[[-68.53,44.334],[-68.519,44.381],[-68.501,44.382],[-68.479,44.32],[-68.53,44.334]],[[-68.519,44.113],[-68.507,44.127],[-68.492,44.11],[-68.503,44.1],[-68.519,44.113]],[[-68.662,44.076],[-68.618,44.097],[-68.586,44.075],[-68.611,44.013],[-68.635,44.019],[-68.657,44.004],[-68.662,44.076]],[[-68.723,44.224],[-68.701,44.234],[-68.675,44.28],[-68.624,44.256],[-68.606,44.231],[-68.625,44.197],[-68.619,44.181],[-68.675,44.137],[-68.72,44.169],[-68.723,44.224]],[[-68.839,44.237],[-68.792,44.238],[-68.769,44.213],[-68.78,44.203],[-68.83,44.217],[-68.839,44.237]],[[-68.945,44.113],[-68.917,44.148],[-68.825,44.186],[-68.818,44.161],[-68.781,44.143],[-68.818,44.137],[-68.819,44.122],[-68.77,44.07],[-68.807,44.036],[-68.874,44.025],[-68.913,44.085],[-68.909,44.11],[-68.945,44.113]],[[-68.967,44.252],[-68.919,44.31],[-68.904,44.379],[-68.868,44.381],[-68.861,44.364],[-68.893,44.335],[-68.887,44.303],[-68.917,44.243],[-68.952,44.219],[-68.967,44.252]],[[-68.908,43.85],[-68.889,43.876],[-68.876,43.837],[-68.887,43.822],[-68.908,43.85]],[[-69.093,43.979],[-69.062,44.015],[-69.048,44.014],[-69.078,43.974],[-69.093,43.979]],[[-69.314,43.757],[-69.314,43.773],[-69.3,43.772],[-69.314,43.757]],[[-69.442,43.916],[-69.434,43.949],[-69.43,43.948],[-69.422,43.918],[-69.442,43.916]],[[-70.118,43.683],[-70.101,43.706],[-70.093,43.711],[-70.094,43.692],[-70.118,43.683]],[[-70.139,43.728],[-70.12,43.749],[-70.097,43.757],[-70.124,43.708],[-70.139,43.728]],[[-70.174,43.684],[-70.146,43.702],[-70.136,43.701],[-70.155,43.681],[-70.174,43.684]],[[-70.206,43.634],[-70.188,43.674],[-70.171,43.663],[-70.206,43.634]],[[-70.214,43.666],[-70.202,43.685],[-70.191,43.689],[-70.193,43.673],[-70.214,43.666]]]}},{"type":"Feature","properties":{"s":"MD"},"geometry":{"type":"MultiLineString","coordinates":[[[-79.487,39.206],[-79.477,39.721],[-75.788,39.722],[-75.694,38.46],[-75.049,38.451],[-75.055,38.415],[-75.194,38.096],[-75.242,38.027],[-75.624,37.994],[-75.67,37.951],[-75.672,37.967],[-75.713,37.977],[-75.738,37.964],[-75.784,37.973],[-75.885,37.912],[-75.898,37.925],[-75.899,37.975],[-75.873,38.034],[-75.813,38.059],[-75.844,38.072],[-75.872,38.059],[-75.881,38.075],[-75.837,38.114],[-75.828,38.133],[-75.844,38.145],[-75.9,38.141],[-75.937,38.124],[-75.937,38.11],[-75.96,38.137],[-75.942,38.187],[-75.846,38.211],[-75.87,38.243],[-75.896,38.229],[-75.938,38.272],[-75.955,38.264],[-75.946,38.239],[-75.972,38.233],[-75.963,38.252],[-76.017,38.309],[-75.964,38.324],[-75.974,38.366],[-76.002,38.374],[-76.017,38.332],[-76.05,38.31],[-76.027,38.28],[-76.044,38.249],[-76.032,38.217],[-76.075,38.252],[-76.1,38.254],[-76.111,38.287],[-76.166,38.29],[-76.176,38.261],[-76.127,38.243],[-76.151,38.234],[-76.173,38.247],[-76.211,38.303],[-76.258,38.318],[-76.264,38.346],[-76.239,38.35],[-76.273,38.366],[-76.283,38.414],[-76.336,38.492],[-76.264,38.503],[-76.247,38.524],[-76.249,38.539],[-76.278,38.532],[-76.28,38.557],[-76.308,38.572],[-76.273,38.591],[-76.272,38.616],[-76.237,38.629],[-76.212,38.607],[-76.147,38.637],[-76.175,38.673],[-76.213,38.682],[-76.239,38.735],[-76.275,38.713],[-76.316,38.73],[-76.334,38.703],[-76.322,38.679],[-76.34,38.671],[-76.341,38.752],[-76.301,38.826],[-76.278,38.831],[-76.272,38.852],[-76.219,38.812],[-76.191,38.83],[-76.204,38.928],[-76.232,38.943],[-76.256,38.919],[-76.273,38.942],[-76.296,38.929],[-76.293,38.903],[-76.336,38.906],[-76.331,38.864],[-76.375,38.839],[-76.362,38.939],[-76.302,39.04],[-76.277,38.983],[-76.219,38.971],[-76.164,39.0],[-76.184,39.046],[-76.145,39.093],[-76.203,39.086],[-76.213,39.041],[-76.201,39.015],[-76.232,39.019],[-76.243,39.029],[-76.233,39.091],[-76.261,39.143],[-76.279,39.146],[-76.275,39.165],[-76.219,39.262],[-76.182,39.292],[-76.187,39.315],[-76.17,39.332],[-76.134,39.34],[-76.111,39.372],[-76.002,39.368],[-76.003,39.385],[-76.041,39.394],[-75.977,39.445],[-75.99,39.459],[-76.012,39.453],[-75.967,39.539],[-75.97,39.558],[-75.992,39.563],[-76.096,39.537],[-76.114,39.487],[-76.072,39.475],[-76.061,39.448],[-76.159,39.406],[-76.227,39.35],[-76.243,39.362],[-76.266,39.354],[-76.254,39.337],[-76.282,39.302],[-76.298,39.302],[-76.296,39.35],[-76.341,39.354],[-76.328,39.314],[-76.381,39.299],[-76.402,39.259],[-76.384,39.243],[-76.425,39.206],[-76.489,39.202],[-76.521,39.223],[-76.536,39.211],[-76.526,39.178],[-76.429,39.132],[-76.422,39.081],[-76.439,39.053],[-76.394,39.011],[-76.474,38.972],[-76.45,38.941],[-76.459,38.907],[-76.494,38.91],[-76.491,38.885],[-76.519,38.863],[-76.49,38.839],[-76.51,38.801],[-76.56,38.767],[-76.558,38.745],[-76.527,38.727],[-76.506,38.505],[-76.386,38.382],[-76.409,38.326],[-76.374,38.296],[-76.399,38.259],[-76.385,38.218],[-76.32,38.138],[-76.339,38.119],[-76.322,38.037],[-76.361,38.06],[-76.392,38.103],[-76.421,38.106],[-76.44,38.139],[-76.46,38.139],[-76.473,38.103],[-76.5,38.137],[-76.53,38.134],[-76.553,38.187],[-76.591,38.214],[-76.673,38.234],[-76.779,38.228],[-76.812,38.25],[-76.802,38.281],[-76.825,38.301],[-76.846,38.297],[-76.842,38.254],[-76.921,38.292],[-76.93,38.321],[-76.975,38.347],[-77.016,38.446],[-77.044,38.443],[-77.091,38.408],[-77.123,38.411],[-77.207,38.36],[-77.25,38.383],[-77.274,38.482],[-77.238,38.552],[-77.184,38.601],[-77.129,38.614],[-77.133,38.674],[-77.075,38.711],[-77.039,38.792],[-76.91,38.893],[-77.041,38.995],[-77.12,38.934],[-77.148,38.965],[-77.25,38.986],[-77.261,39.031],[-77.292,39.045],[-77.458,39.074],[-77.52,39.121],[-77.527,39.146],[-77.511,39.178],[-77.479,39.189],[-77.46,39.228],[-77.593,39.301],[-77.756,39.334],[-77.739,39.386],[-77.808,39.49],[-77.865,39.516],[-77.902,39.588],[-78.01,39.603],[-78.108,39.682],[-78.183,39.695],[-78.271,39.62],[-78.355,39.641],[-78.43,39.623],[-78.458,39.581],[-78.432,39.561],[-78.437,39.539],[-78.469,39.517],[-78.676,39.541],[-78.767,39.587],[-78.761,39.61],[-78.788,39.627],[-78.875,39.523],[-78.969,39.442],[-79.042,39.479],[-79.084,39.471],[-79.213,39.368],[-79.257,39.356],[-79.487,39.206]],[[-76.047,37.954],[-76.042,38.032],[-76.013,38.04],[-75.97,38.016],[-75.994,37.953],[-76.047,37.954]],[[-76.091,38.114],[-76.089,38.193],[-76.049,38.204],[-76.022,38.178],[-76.034,38.158],[-76.012,38.132],[-76.021,38.108],[-76.006,38.077],[-76.023,38.071],[-76.059,38.096],[-76.04,38.112],[-76.043,38.118],[-76.044,38.118],[-76.057,38.125],[-76.091,38.114]],[[-76.048,38.121],[-76.048,38.121],[-76.048,38.121],[-76.048,38.121]]]}},{"type":"Feature","properties":{"s":"MA"},"geometry":{"type":"MultiLineString","coordinates":[[[-73.508,42.086],[-73.265,42.746],[-71.294,42.697],[-71.246,42.743],[-71.182,42.738],[-71.186,42.791],[-71.166,42.809],[-70.903,42.887],[-70.849,42.861],[-70.817,42.872],[-70.805,42.782],[-70.77,42.705],[-70.778,42.694],[-70.689,42.653],[-70.63,42.693],[-70.623,42.661],[-70.595,42.66],[-70.591,42.64],[-70.655,42.582],[-70.679,42.594],[-70.699,42.577],[-70.871,42.546],[-70.866,42.523],[-70.831,42.504],[-70.836,42.49],[-70.935,42.458],[-70.933,42.438],[-70.906,42.416],[-70.936,42.418],[-70.947,42.456],[-70.983,42.424],[-70.989,42.403],[-70.953,42.344],[-70.98,42.356],[-71.007,42.347],[-71.016,42.326],[-70.996,42.271],[-70.911,42.265],[-70.896,42.292],[-70.917,42.306],[-70.883,42.309],[-70.851,42.268],[-70.771,42.249],[-70.722,42.208],[-70.714,42.169],[-70.638,42.082],[-70.644,42.046],[-70.669,42.037],[-70.671,42.008],[-70.696,42.013],[-70.71,41.999],[-70.623,41.943],[-70.584,41.95],[-70.553,41.93],[-70.526,41.859],[-70.541,41.816],[-70.494,41.774],[-70.413,41.744],[-70.291,41.734],[-70.259,41.714],[-70.216,41.743],[-70.064,41.773],[-70.008,41.801],[-70.0,41.887],[-70.045,41.93],[-70.066,41.912],[-70.068,41.878],[-70.096,42.033],[-70.155,42.062],[-70.187,42.05],[-70.191,42.02],[-70.245,42.064],[-70.189,42.082],[-70.083,42.055],[-70.033,42.018],[-69.969,41.912],[-69.936,41.809],[-69.928,41.692],[-69.998,41.544],[-70.017,41.551],[-69.973,41.647],[-70.007,41.672],[-70.191,41.645],[-70.265,41.609],[-70.281,41.635],[-70.352,41.635],[-70.379,41.611],[-70.437,41.605],[-70.486,41.554],[-70.634,41.538],[-70.79,41.446],[-70.948,41.409],[-70.928,41.431],[-70.906,41.426],[-70.802,41.461],[-70.659,41.543],[-70.641,41.577],[-70.653,41.638],[-70.638,41.655],[-70.661,41.682],[-70.626,41.699],[-70.626,41.713],[-70.726,41.733],[-70.72,41.685],[-70.755,41.694],[-70.765,41.642],[-70.813,41.656],[-70.801,41.63],[-70.853,41.627],[-70.853,41.587],[-70.87,41.626],[-70.889,41.633],[-70.913,41.619],[-70.901,41.593],[-70.93,41.61],[-70.931,41.584],[-70.949,41.579],[-70.932,41.54],[-71.036,41.499],[-71.086,41.509],[-71.121,41.497],[-71.135,41.66],[-71.196,41.675],[-71.261,41.752],[-71.328,41.781],[-71.339,41.893],[-71.377,41.894],[-71.382,42.019],[-71.799,42.008],[-71.801,42.024],[-72.755,42.036],[-72.767,42.003],[-72.817,41.998],[-72.814,42.037],[-73.497,42.05],[-73.508,42.086]],[[-70.276,41.31],[-70.229,41.29],[-70.082,41.299],[-70.031,41.339],[-70.049,41.392],[-70.018,41.369],[-69.96,41.265],[-70.002,41.239],[-70.119,41.242],[-70.256,41.288],[-70.276,41.31]],[[-70.839,41.347],[-70.775,41.349],[-70.701,41.431],[-70.604,41.482],[-70.563,41.469],[-70.548,41.416],[-70.501,41.385],[-70.484,41.386],[-70.464,41.419],[-70.45,41.421],[-70.446,41.396],[-70.451,41.348],[-70.71,41.342],[-70.776,41.301],[-70.839,41.347]],[[-70.83,41.585],[-70.832,41.607],[-70.822,41.583],[-70.83,41.585]]]}},{"type":"Feature","properties":{"s":"MI"},"geometry":{"type":"MultiLineString","coordinates":[[[-86.825,41.76],[-86.679,41.845],[-86.598,41.918],[-86.485,42.118],[-86.356,42.254],[-86.25,42.48],[-86.207,42.719],[-86.226,42.988],[-86.255,43.083],[-86.408,43.338],[-86.479,43.515],[-86.538,43.618],[-86.529,43.678],[-86.462,43.747],[-86.431,43.816],[-86.463,43.971],[-86.515,44.058],[-86.421,44.129],[-86.269,44.345],[-86.221,44.567],[-86.259,44.664],[-86.255,44.692],[-86.089,44.742],[-86.066,44.822],[-86.067,44.906],[-86.038,44.916],[-85.992,44.9],[-85.932,44.969],[-85.87,44.939],[-85.807,44.95],[-85.746,45.051],[-85.696,45.077],[-85.619,45.187],[-85.586,45.18],[-85.54,45.21],[-85.531,45.177],[-85.6,45.149],[-85.614,45.128],[-85.566,45.044],[-85.597,45.041],[-85.622,45.005],[-85.604,44.991],[-85.602,44.927],[-85.626,44.921],[-85.652,44.849],[-85.641,44.775],[-85.594,44.769],[-85.533,44.873],[-85.531,44.89],[-85.565,44.895],[-85.534,44.926],[-85.52,44.974],[-85.475,44.991],[-85.465,44.961],[-85.486,44.953],[-85.502,44.856],[-85.556,44.818],[-85.576,44.76],[-85.527,44.748],[-85.505,44.768],[-85.5,44.804],[-85.463,44.825],[-85.396,44.931],[-85.366,45.069],[-85.389,45.235],[-85.372,45.271],[-85.197,45.361],[-85.033,45.361],[-84.916,45.393],[-84.922,45.422],[-84.99,45.428],[-84.979,45.419],[-85.041,45.437],[-85.088,45.477],[-85.115,45.539],[-85.119,45.575],[-85.075,45.629],[-85.007,45.656],[-84.944,45.71],[-84.951,45.737],[-85.007,45.763],[-84.807,45.746],[-84.781,45.761],[-84.793,45.78],[-84.734,45.788],[-84.716,45.766],[-84.462,45.652],[-84.427,45.669],[-84.376,45.656],[-84.33,45.664],[-84.215,45.635],[-84.129,45.562],[-84.122,45.524],[-84.096,45.497],[-83.939,45.493],[-83.807,45.419],[-83.722,45.413],[-83.599,45.353],[-83.489,45.356],[-83.422,45.291],[-83.385,45.274],[-83.412,45.239],[-83.364,45.166],[-83.316,45.142],[-83.266,45.027],[-83.399,45.07],[-83.454,45.032],[-83.431,45.008],[-83.45,44.99],[-83.433,44.933],[-83.394,44.903],[-83.321,44.881],[-83.321,44.853],[-83.301,44.83],[-83.297,44.746],[-83.273,44.714],[-83.315,44.609],[-83.308,44.54],[-83.333,44.34],[-83.374,44.328],[-83.43,44.27],[-83.5,44.277],[-83.538,44.248],[-83.573,44.101],[-83.591,44.079],[-83.584,44.057],[-83.68,44.036],[-83.68,43.994],[-83.829,43.989],[-83.878,43.959],[-83.917,43.899],[-83.926,43.787],[-83.954,43.751],[-83.897,43.664],[-83.77,43.635],[-83.666,43.591],[-83.54,43.709],[-83.47,43.723],[-83.438,43.787],[-83.411,43.805],[-83.408,43.832],[-83.332,43.88],[-83.347,43.912],[-83.282,43.938],[-83.262,43.974],[-83.066,44.003],[-83.025,44.045],[-82.916,44.071],[-82.746,43.996],[-82.634,43.831],[-82.598,43.59],[-82.54,43.438],[-82.523,43.225],[-82.486,43.103],[-82.416,43.006],[-82.47,42.887],[-82.484,42.733],[-82.523,42.607],[-82.59,42.551],[-82.625,42.557],[-82.686,42.519],[-82.665,42.546],[-82.688,42.588],[-82.713,42.598],[-82.684,42.61],[-82.69,42.627],[-82.631,42.642],[-82.631,42.673],[-82.701,42.69],[-82.813,42.641],[-82.819,42.616],[-82.789,42.603],[-82.782,42.565],[-82.834,42.568],[-82.874,42.524],[-82.884,42.472],[-82.87,42.451],[-82.894,42.389],[-82.919,42.374],[-82.924,42.352],[-83.064,42.318],[-83.096,42.29],[-83.128,42.239],[-83.134,42.088],[-83.189,42.066],[-83.187,42.008],[-83.249,41.972],[-83.27,41.939],[-83.316,41.936],[-83.342,41.88],[-83.382,41.871],[-83.44,41.813],[-83.424,41.741],[-83.454,41.733],[-84.806,41.696],[-84.819,41.76],[-86.825,41.76]],[[-90.418,46.566],[-90.328,46.608],[-90.028,46.674],[-89.849,46.796],[-89.791,46.818],[-89.673,46.833],[-89.619,46.819],[-89.415,46.844],[-89.228,46.913],[-89.129,46.993],[-88.973,47.002],[-88.925,47.042],[-88.889,47.101],[-88.764,47.156],[-88.672,47.219],[-88.574,47.246],[-88.419,47.371],[-88.218,47.449],[-88.04,47.476],[-87.801,47.473],[-87.716,47.44],[-87.712,47.401],[-87.815,47.385],[-87.957,47.387],[-87.966,47.369],[-87.943,47.336],[-88.06,47.296],[-88.163,47.216],[-88.229,47.199],[-88.242,47.175],[-88.232,47.146],[-88.282,47.138],[-88.298,47.099],[-88.35,47.076],[-88.368,47.019],[-88.411,46.978],[-88.444,46.972],[-88.484,46.832],[-88.462,46.787],[-88.438,46.787],[-88.376,46.857],[-88.352,46.857],[-88.244,46.93],[-88.144,46.967],[-88.133,46.962],[-88.187,46.919],[-88.175,46.905],[-88.082,46.92],[-87.9,46.91],[-87.846,46.884],[-87.782,46.88],[-87.766,46.861],[-87.741,46.865],[-87.727,46.828],[-87.695,46.827],[-87.681,46.842],[-87.672,46.82],[-87.595,46.783],[-87.583,46.731],[-87.523,46.688],[-87.503,46.647],[-87.468,46.636],[-87.451,46.606],[-87.384,46.593],[-87.393,46.571],[-87.376,46.547],[-87.394,46.533],[-87.351,46.501],[-87.127,46.494],[-87.009,46.533],[-86.965,46.517],[-86.947,46.472],[-86.904,46.466],[-86.884,46.441],[-86.85,46.434],[-86.816,46.438],[-86.804,46.467],[-86.769,46.479],[-86.736,46.475],[-86.698,46.439],[-86.684,46.498],[-86.709,46.544],[-86.678,46.561],[-86.653,46.561],[-86.627,46.534],[-86.646,46.486],[-86.628,46.478],[-86.609,46.493],[-86.609,46.47],[-86.586,46.463],[-86.469,46.551],[-86.35,46.578],[-86.162,46.669],[-86.1,46.655],[-85.878,46.691],[-85.51,46.676],[-85.257,46.753],[-84.954,46.771],[-85.028,46.697],[-85.037,46.601],[-85.025,46.546],[-85.056,46.526],[-85.026,46.483],[-84.969,46.476],[-84.937,46.489],[-84.922,46.47],[-84.861,46.47],[-84.829,46.444],[-84.678,46.488],[-84.631,46.485],[-84.551,46.419],[-84.504,46.439],[-84.472,46.434],[-84.456,46.454],[-84.463,46.467],[-84.42,46.501],[-84.264,46.495],[-84.226,46.534],[-84.129,46.53],[-84.111,46.504],[-84.146,46.418],[-84.108,46.241],[-84.149,46.224],[-84.22,46.232],[-84.249,46.207],[-84.251,46.176],[-84.221,46.163],[-84.177,46.184],[-84.125,46.18],[-84.096,46.148],[-84.027,46.132],[-84.072,46.092],[-83.99,46.033],[-83.944,46.031],[-83.9,45.999],[-83.868,45.995],[-83.845,46.026],[-83.794,45.996],[-83.765,46.018],[-83.774,46.051],[-83.813,46.073],[-83.816,46.109],[-83.772,46.091],[-83.635,46.104],[-83.581,46.09],[-83.533,46.011],[-83.473,45.984],[-83.517,45.924],[-83.562,45.913],[-83.658,45.945],[-83.769,45.932],[-83.836,45.942],[-83.881,45.968],[-84.018,45.959],[-84.111,45.979],[-84.33,45.956],[-84.376,45.932],[-84.484,45.988],[-84.507,45.991],[-84.514,45.971],[-84.532,45.969],[-84.544,46.023],[-84.609,46.026],[-84.657,46.053],[-84.693,46.027],[-84.685,45.973],[-84.723,45.967],[-84.739,45.946],[-84.714,45.92],[-84.734,45.907],[-84.701,45.853],[-84.747,45.836],[-84.831,45.872],[-84.842,45.898],[-84.917,45.931],[-85.014,46.011],[-85.141,46.05],[-85.198,46.045],[-85.336,46.093],[-85.381,46.082],[-85.412,46.101],[-85.447,46.085],[-85.5,46.097],[-85.604,46.03],[-85.664,45.967],[-85.697,45.96],[-85.81,45.98],[-85.893,45.967],[-85.923,45.948],[-85.914,45.919],[-86.072,45.965],[-86.159,45.954],[-86.208,45.963],[-86.278,45.942],[-86.324,45.906],[-86.352,45.798],[-86.416,45.794],[-86.44,45.761],[-86.515,45.752],[-86.537,45.708],[-86.581,45.712],[-86.588,45.666],[-86.628,45.659],[-86.617,45.607],[-86.687,45.634],[-86.718,45.677],[-86.666,45.702],[-86.671,45.721],[-86.633,45.748],[-86.631,45.782],[-86.584,45.778],[-86.577,45.801],[-86.557,45.808],[-86.555,45.832],[-86.528,45.857],[-86.542,45.89],[-86.583,45.899],[-86.646,45.834],[-86.721,45.845],[-86.75,45.868],[-86.782,45.86],[-86.773,45.811],[-86.822,45.77],[-86.839,45.722],[-86.944,45.696],[-86.964,45.673],[-86.985,45.706],[-86.975,45.753],[-86.988,45.811],[-87.031,45.837],[-87.057,45.812],[-87.064,45.759],[-87.053,45.748],[-87.07,45.719],[-87.06,45.708],[-87.172,45.662],[-87.197,45.636],[-87.333,45.447],[-87.328,45.425],[-87.392,45.369],[-87.439,45.293],[-87.601,45.147],[-87.612,45.123],[-87.59,45.095],[-87.66,45.108],[-87.731,45.171],[-87.742,45.198],[-87.648,45.339],[-87.657,45.369],[-87.694,45.39],[-87.751,45.352],[-87.85,45.34],[-87.888,45.355],[-87.86,45.424],[-87.793,45.5],[-87.792,45.617],[-87.824,45.66],[-87.781,45.68],[-87.868,45.749],[-87.991,45.795],[-88.072,45.78],[-88.13,45.81],[-88.134,45.823],[-88.073,45.872],[-88.139,45.93],[-88.24,45.949],[-88.25,45.963],[-88.296,45.951],[-88.376,45.989],[-88.49,45.991],[-88.507,46.018],[-88.532,46.021],[-88.616,45.988],[-88.666,45.988],[-88.679,46.014],[-88.816,46.022],[-89.125,46.145],[-90.12,46.337],[-90.12,46.36],[-90.167,46.44],[-90.205,46.479],[-90.284,46.519],[-90.4,46.544],[-90.418,46.566]],[[-84.651,45.863],[-84.647,45.885],[-84.629,45.883],[-84.578,45.82],[-84.433,45.787],[-84.419,45.807],[-84.403,45.784],[-84.356,45.769],[-84.406,45.722],[-84.484,45.731],[-84.651,45.863]],[[-85.63,45.598],[-85.605,45.639],[-85.605,45.682],[-85.572,45.712],[-85.566,45.76],[-85.501,45.754],[-85.522,45.739],[-85.499,45.726],[-85.506,45.681],[-85.491,45.61],[-85.562,45.572],[-85.618,45.583],[-85.63,45.598]],[[-86.065,45.14],[-86.044,45.16],[-85.989,45.151],[-85.977,45.138],[-85.977,45.063],[-85.997,45.056],[-86.059,45.101],[-86.065,45.14]],[[-86.157,45.011],[-86.142,45.04],[-86.118,45.048],[-86.079,45.031],[-86.097,45.03],[-86.094,45.008],[-86.116,44.999],[-86.157,45.011]],[[-89.255,47.876],[-89.179,47.935],[-88.788,48.063],[-88.657,48.139],[-88.547,48.175],[-88.501,48.168],[-88.423,48.191],[-88.418,48.18],[-88.567,48.094],[-88.58,48.059],[-88.67,48.011],[-88.899,47.953],[-88.963,47.923],[-88.969,47.902],[-88.9,47.902],[-88.912,47.891],[-89.158,47.824],[-89.235,47.852],[-89.255,47.876]]]}},{"type":"Feature","properties":{"s":"MO"},"geometry":{"type":"LineString","coordinates":[[-95.775,40.574],[-95.766,40.585],[-94.534,40.571],[-93.261,40.581],[-91.729,40.614],[-91.62,40.541],[-91.619,40.507],[-91.525,40.411],[-91.484,40.384],[-91.419,40.378],[-91.462,40.342],[-91.49,40.286],[-91.51,40.128],[-91.495,40.037],[-91.46,39.98],[-91.446,39.87],[-91.365,39.777],[-91.37,39.732],[-91.229,39.621],[-91.178,39.598],[-91.159,39.553],[-91.042,39.452],[-90.842,39.342],[-90.73,39.256],[-90.681,39.101],[-90.714,39.054],[-90.657,38.92],[-90.625,38.889],[-90.567,38.869],[-90.507,38.903],[-90.468,38.962],[-90.406,38.963],[-90.25,38.919],[-90.109,38.844],[-90.123,38.798],[-90.21,38.726],[-90.181,38.66],[-90.185,38.612],[-90.26,38.528],[-90.285,38.443],[-90.346,38.382],[-90.371,38.334],[-90.364,38.236],[-90.334,38.19],[-90.243,38.113],[-89.997,37.963],[-89.951,37.881],[-89.902,37.87],[-89.845,37.906],[-89.671,37.801],[-89.515,37.671],[-89.517,37.537],[-89.44,37.437],[-89.421,37.388],[-89.433,37.347],[-89.489,37.333],[-89.517,37.282],[-89.414,37.125],[-89.384,37.046],[-89.261,36.982],[-89.17,36.97],[-89.133,36.982],[-89.101,36.944],[-89.148,36.847],[-89.177,36.836],[-89.179,36.813],[-89.124,36.785],[-89.13,36.752],[-89.169,36.759],[-89.198,36.739],[-89.172,36.673],[-89.214,36.58],[-89.26,36.565],[-89.327,36.632],[-89.366,36.625],[-89.417,36.499],[-89.472,36.457],[-89.493,36.47],[-89.466,36.53],[-89.479,36.568],[-89.528,36.581],[-89.567,36.564],[-89.56,36.525],[-89.52,36.475],[-89.51,36.375],[-89.532,36.339],[-89.606,36.342],[-89.62,36.323],[-89.539,36.277],[-89.535,36.253],[-89.602,36.238],[-89.699,36.249],[-89.607,36.171],[-89.594,36.127],[-89.684,36.052],[-89.707,36.001],[-89.738,36.001],[-90.369,35.996],[-90.319,36.09],[-90.22,36.185],[-90.115,36.266],[-90.084,36.272],[-90.064,36.303],[-90.065,36.382],[-90.134,36.438],[-90.154,36.498],[-94.618,36.499],[-94.607,39.113],[-94.592,39.155],[-94.752,39.173],[-94.832,39.227],[-94.901,39.302],[-94.91,39.368],[-95.109,39.542],[-95.107,39.574],[-95.015,39.674],[-94.917,39.728],[-94.895,39.763],[-94.928,39.886],[-94.954,39.901],[-95.008,39.901],[-95.035,39.867],[-95.085,39.862],[-95.181,39.9],[-95.302,39.984],[-95.522,40.249],[-95.552,40.262],[-95.553,40.291],[-95.623,40.342],[-95.693,40.483],[-95.66,40.52],[-95.696,40.545],[-95.71,40.524],[-95.757,40.526],[-95.775,40.574]]}},{"type":"Feature","properties":{"s":"MT"},"geometry":{"type":"LineString","coordinates":[[-116.049,49.001],[-104.049,49.0],[-104.04,45.0],[-111.044,45.001],[-111.057,44.867],[-111.049,44.474],[-111.131,44.5],[-111.219,44.623],[-111.324,44.724],[-111.395,44.751],[-111.489,44.706],[-111.526,44.605],[-111.601,44.554],[-111.704,44.56],[-111.807,44.515],[-111.843,44.528],[-111.871,44.564],[-112.078,44.534],[-112.187,44.534],[-112.274,44.564],[-112.34,44.539],[-112.359,44.486],[-112.387,44.46],[-112.719,44.504],[-112.781,44.485],[-112.822,44.434],[-112.831,44.382],[-112.876,44.374],[-113.004,44.451],[-113.027,44.496],[-113.051,44.637],[-113.135,44.763],[-113.247,44.823],[-113.342,44.785],[-113.455,44.865],[-113.499,44.942],[-113.447,44.972],[-113.449,45.046],[-113.576,45.13],[-113.566,45.149],[-113.599,45.191],[-113.674,45.249],[-113.739,45.33],[-113.773,45.512],[-113.81,45.531],[-113.802,45.579],[-113.814,45.601],[-113.988,45.705],[-114.019,45.693],[-114.035,45.648],[-114.135,45.557],[-114.248,45.545],[-114.31,45.469],[-114.351,45.469],[-114.461,45.561],[-114.562,45.565],[-114.564,45.637],[-114.501,45.667],[-114.495,45.703],[-114.566,45.774],[-114.509,45.846],[-114.449,45.859],[-114.394,45.894],[-114.402,45.963],[-114.483,46.008],[-114.491,46.044],[-114.468,46.082],[-114.483,46.129],[-114.378,46.435],[-114.385,46.467],[-114.347,46.536],[-114.331,46.63],[-114.37,46.654],[-114.482,46.632],[-114.614,46.639],[-114.667,46.719],[-114.739,46.715],[-114.853,46.8],[-114.92,46.828],[-114.936,46.9],[-115.193,47.133],[-115.267,47.181],[-115.32,47.256],[-115.524,47.299],[-115.577,47.367],[-115.721,47.422],[-115.73,47.447],[-115.712,47.489],[-115.74,47.538],[-115.706,47.638],[-115.724,47.697],[-116.048,47.977],[-116.049,49.001]]}},{"type":"Feature","properties":{"s":"NE"},"geometry":{"type":"LineString","coordinates":[[-104.053,41.001],[-104.053,43.001],[-98.499,42.999],[-98.447,42.935],[-98.166,42.837],[-98.035,42.764],[-97.937,42.776],[-97.889,42.817],[-97.875,42.859],[-97.845,42.868],[-97.687,42.842],[-97.423,42.861],[-97.257,42.854],[-97.137,42.782],[-96.907,42.734],[-96.724,42.666],[-96.708,42.602],[-96.612,42.506],[-96.487,42.48],[-96.396,42.484],[-96.381,42.446],[-96.414,42.408],[-96.418,42.351],[-96.329,42.255],[-96.324,42.23],[-96.36,42.211],[-96.35,42.172],[-96.307,42.131],[-96.273,42.047],[-96.13,41.972],[-96.137,41.921],[-96.162,41.902],[-96.111,41.831],[-96.066,41.798],[-96.077,41.715],[-96.121,41.683],[-96.095,41.653],[-96.118,41.613],[-96.094,41.539],[-96.047,41.507],[-96.031,41.527],[-95.995,41.526],[-95.931,41.434],[-95.957,41.346],[-95.914,41.32],[-95.902,41.273],[-95.926,41.196],[-95.853,41.165],[-95.867,41.002],[-95.829,40.976],[-95.821,40.877],[-95.862,40.763],[-95.887,40.742],[-95.883,40.718],[-95.843,40.677],[-95.787,40.657],[-95.749,40.603],[-95.774,40.578],[-95.767,40.532],[-95.71,40.524],[-95.697,40.545],[-95.659,40.52],[-95.693,40.483],[-95.623,40.342],[-95.553,40.291],[-95.552,40.262],[-95.522,40.249],[-95.308,40.0],[-102.052,40.003],[-102.052,41.002],[-104.053,41.001]]}},{"type":"Feature","properties":{"s":"NV"},"geometry":{"type":"MultiLineString","coordinates":[[[-120.001,39.0],[-119.999,41.995],[-114.042,41.994],[-114.047,36.194],[-114.12,36.102],[-114.154,36.024],[-114.253,36.02],[-114.382,36.142],[-114.572,36.152],[-114.632,36.142],[-114.756,36.087],[-114.744,35.984],[-114.706,35.879],[-114.7,35.7],[-114.689,35.651],[-114.653,35.611],[-114.678,35.49],[-114.604,35.354],[-114.569,35.183],[-114.579,35.129],[-114.622,35.095],[-114.633,35.002],[-116.094,36.156],[-117.501,37.22],[-117.833,37.465],[-118.04,37.615],[-118.747,38.125],[-120.001,39.0]],[[-118.429,37.896],[-118.429,37.896],[-118.429,37.896],[-118.429,37.896]]]}},{"type":"Feature","properties":{"s":"NJ"},"geometry":{"type":"LineString","coordinates":[[-75.559,39.63],[-75.415,39.802],[-75.307,39.85],[-75.21,39.866],[-74.975,40.049],[-74.724,40.147],[-74.771,40.215],[-75.059,40.418],[-75.069,40.542],[-75.1,40.568],[-75.19,40.589],[-75.201,40.618],[-75.197,40.752],[-75.172,40.778],[-75.134,40.774],[-75.109,40.791],[-75.051,40.866],[-75.136,40.974],[-75.131,40.991],[-75.037,41.035],[-74.968,41.088],[-74.974,41.104],[-74.882,41.181],[-74.862,41.242],[-74.796,41.319],[-74.695,41.357],[-73.894,40.997],[-73.933,40.882],[-74.014,40.757],[-74.025,40.709],[-74.083,40.674],[-74.094,40.65],[-74.189,40.644],[-74.215,40.561],[-74.249,40.55],[-74.246,40.521],[-74.273,40.488],[-74.262,40.465],[-74.207,40.436],[-74.175,40.456],[-74.136,40.455],[-73.999,40.411],[-73.992,40.443],[-74.014,40.476],[-73.978,40.44],[-73.977,40.299],[-74.064,39.979],[-74.097,39.763],[-74.241,39.555],[-74.277,39.514],[-74.311,39.507],[-74.304,39.471],[-74.335,39.432],[-74.413,39.361],[-74.522,39.314],[-74.614,39.245],[-74.793,38.992],[-74.864,38.94],[-74.967,38.933],[-74.955,39.001],[-74.898,39.099],[-74.887,39.159],[-74.962,39.19],[-75.029,39.195],[-75.036,39.215],[-75.107,39.211],[-75.139,39.18],[-75.166,39.202],[-75.177,39.243],[-75.242,39.274],[-75.252,39.3],[-75.289,39.29],[-75.334,39.345],[-75.365,39.341],[-75.432,39.392],[-75.465,39.439],[-75.536,39.461],[-75.543,39.497],[-75.527,39.5],[-75.513,39.578],[-75.556,39.606],[-75.559,39.63]]}},{"type":"Feature","properties":{"s":"NM"},"geometry":{"type":"LineString","coordinates":[[-109.05,31.333],[-109.045,36.999],[-103.002,37.0],[-103.002,36.5],[-103.042,36.478],[-103.044,34.018],[-103.065,33.0],[-103.064,32.001],[-106.599,32.001],[-106.628,31.861],[-106.529,31.784],[-108.208,31.784],[-108.209,31.333],[-109.05,31.333]]}},{"type":"Feature","properties":{"s":"NC"},"geometry":{"type":"MultiLineString","coordinates":[[[-76.015,35.065],[-75.984,35.12],[-75.955,35.12],[-75.684,35.233],[-75.641,35.234],[-75.597,35.269],[-75.536,35.273],[-75.479,35.553],[-75.481,35.623],[-75.534,35.774],[-75.522,35.774],[-75.459,35.597],[-75.526,35.234],[-75.61,35.228],[-75.77,35.18],[-76.015,35.065]],[[-84.322,34.988],[-84.29,35.226],[-84.224,35.269],[-84.098,35.247],[-84.056,35.268],[-84.021,35.301],[-84.038,35.348],[-84.002,35.423],[-83.88,35.519],[-83.757,35.564],[-83.498,35.563],[-83.446,35.612],[-83.297,35.658],[-83.254,35.696],[-83.251,35.72],[-83.165,35.76],[-82.984,35.778],[-82.898,35.881],[-82.913,35.924],[-82.899,35.945],[-82.853,35.949],[-82.83,35.933],[-82.754,36.004],[-82.637,36.066],[-82.603,36.04],[-82.611,35.973],[-82.558,35.955],[-82.463,36.007],[-82.409,36.083],[-82.348,36.116],[-82.238,36.139],[-82.211,36.159],[-82.148,36.15],[-82.127,36.104],[-82.08,36.106],[-82.027,36.13],[-81.908,36.302],[-81.794,36.36],[-81.765,36.339],[-81.726,36.341],[-81.715,36.453],[-81.696,36.491],[-81.708,36.536],[-81.678,36.588],[-80.17,36.543],[-75.867,36.551],[-75.773,36.229],[-75.533,35.787],[-75.543,35.78],[-75.619,35.889],[-75.62,35.925],[-75.649,35.966],[-75.679,35.994],[-75.724,36.003],[-75.756,36.154],[-75.812,36.244],[-75.814,36.285],[-75.845,36.306],[-75.832,36.346],[-75.852,36.416],[-75.888,36.442],[-75.907,36.486],[-76.004,36.506],[-76.032,36.483],[-76.012,36.447],[-75.962,36.417],[-75.924,36.426],[-75.923,36.362],[-75.882,36.285],[-75.861,36.281],[-75.864,36.236],[-75.8,36.113],[-75.794,36.072],[-75.848,36.102],[-75.875,36.157],[-76.032,36.189],[-76.064,36.173],[-76.072,36.14],[-76.179,36.123],[-76.217,36.095],[-76.287,36.105],[-76.323,36.085],[-76.411,36.078],[-76.459,36.024],[-76.514,36.006],[-76.576,36.006],[-76.615,36.038],[-76.653,36.035],[-76.685,36.01],[-76.68,35.992],[-76.7,35.965],[-76.668,35.934],[-76.529,35.944],[-76.398,35.984],[-76.363,35.942],[-76.34,35.943],[-76.177,35.993],[-76.062,35.993],[-76.015,35.96],[-76.005,35.905],[-75.978,35.897],[-75.927,35.932],[-75.947,35.96],[-75.899,35.977],[-75.85,35.976],[-75.782,35.936],[-75.727,35.823],[-75.739,35.771],[-75.713,35.698],[-75.742,35.672],[-75.73,35.626],[-75.778,35.592],[-75.775,35.579],[-75.837,35.571],[-75.86,35.587],[-75.895,35.573],[-75.916,35.538],[-75.95,35.531],[-75.963,35.494],[-75.996,35.475],[-76.021,35.411],[-76.06,35.41],[-76.069,35.371],[-76.133,35.349],[-76.15,35.326],[-76.235,35.35],[-76.408,35.35],[-76.449,35.384],[-76.486,35.371],[-76.522,35.392],[-76.606,35.387],[-76.628,35.368],[-76.603,35.337],[-76.482,35.314],[-76.468,35.261],[-76.536,35.175],[-76.546,35.123],[-76.646,35.042],[-76.629,34.995],[-76.503,35.007],[-76.463,35.076],[-76.436,35.058],[-76.425,35.002],[-76.396,34.975],[-76.326,34.976],[-76.364,35.035],[-76.288,35.006],[-76.297,34.976],[-76.276,34.961],[-76.278,34.94],[-76.348,34.872],[-76.4,34.855],[-76.416,34.826],[-76.403,34.806],[-76.234,34.926],[-76.07,35.076],[-76.036,35.059],[-76.387,34.785],[-76.494,34.662],[-76.536,34.589],[-76.555,34.616],[-76.55,34.646],[-76.676,34.693],[-76.817,34.694],[-76.99,34.67],[-77.209,34.605],[-77.557,34.417],[-77.74,34.273],[-77.829,34.163],[-77.971,33.845],[-78.01,33.861],[-78.019,33.888],[-78.178,33.914],[-78.384,33.902],[-78.541,33.851],[-79.358,34.545],[-79.688,34.805],[-80.778,34.82],[-80.797,34.825],[-80.782,34.936],[-80.935,35.107],[-81.041,35.045],[-81.058,35.073],[-81.033,35.109],[-81.044,35.148],[-82.384,35.211],[-82.58,35.142],[-82.686,35.122],[-82.764,35.068],[-82.782,35.067],[-82.782,35.084],[-83.109,35.001],[-84.322,34.988]],[[-75.727,35.934],[-75.691,35.937],[-75.645,35.906],[-75.617,35.856],[-75.62,35.809],[-75.675,35.83],[-75.66,35.839],[-75.663,35.87],[-75.727,35.934]]]}},{"type":"Feature","properties":{"s":"OH"},"geometry":{"type":"MultiLineString","coordinates":[[[-84.82,39.105],[-84.806,41.696],[-83.454,41.733],[-83.446,41.707],[-83.41,41.691],[-83.327,41.702],[-83.232,41.644],[-83.086,41.607],[-83.028,41.556],[-82.934,41.514],[-82.875,41.53],[-82.857,41.548],[-82.86,41.576],[-82.834,41.588],[-82.786,41.541],[-82.718,41.542],[-82.714,41.502],[-82.617,41.428],[-82.481,41.381],[-82.362,41.427],[-82.255,41.434],[-82.185,41.474],[-82.012,41.516],[-81.877,41.483],[-81.794,41.497],[-81.739,41.489],[-81.287,41.76],[-81.249,41.761],[-81.01,41.854],[-80.9,41.869],[-80.801,41.91],[-80.519,41.978],[-80.519,40.639],[-80.627,40.62],[-80.668,40.583],[-80.599,40.483],[-80.619,40.382],[-80.6,40.318],[-80.705,40.153],[-80.74,39.971],[-80.809,39.913],[-80.832,39.706],[-80.88,39.621],[-80.944,39.607],[-81.02,39.555],[-81.216,39.389],[-81.271,39.386],[-81.376,39.342],[-81.413,39.395],[-81.456,39.409],[-81.542,39.353],[-81.606,39.276],[-81.696,39.243],[-81.75,39.186],[-81.747,39.095],[-81.814,39.074],[-81.764,39.015],[-81.76,38.926],[-81.909,38.878],[-81.928,38.895],[-81.899,38.93],[-81.936,38.989],[-82.002,39.028],[-82.036,39.025],[-82.052,38.994],[-82.093,38.971],[-82.139,38.866],[-82.222,38.787],[-82.188,38.734],[-82.177,38.604],[-82.262,38.598],[-82.291,38.579],[-82.33,38.445],[-82.52,38.408],[-82.561,38.404],[-82.594,38.422],[-82.697,38.542],[-82.731,38.559],[-82.79,38.56],[-82.84,38.586],[-82.87,38.678],[-82.871,38.739],[-82.889,38.756],[-82.979,38.726],[-83.031,38.726],[-83.157,38.621],[-83.282,38.603],[-83.369,38.659],[-83.521,38.703],[-83.627,38.679],[-83.65,38.633],[-83.679,38.63],[-83.769,38.655],[-83.87,38.762],[-83.962,38.787],[-84.071,38.77],[-84.213,38.806],[-84.231,38.831],[-84.234,38.893],[-84.305,39.006],[-84.433,39.094],[-84.494,39.102],[-84.62,39.073],[-84.744,39.147],[-84.82,39.105]],[[-82.736,41.601],[-82.719,41.62],[-82.678,41.618],[-82.689,41.586],[-82.736,41.601]],[[-82.826,41.685],[-82.813,41.692],[-82.783,41.694],[-82.805,41.672],[-82.826,41.685]],[[-82.835,41.629],[-82.834,41.657],[-82.793,41.665],[-82.835,41.629]],[[-82.836,41.711],[-82.826,41.723],[-82.81,41.721],[-82.809,41.708],[-82.836,41.711]]]}},{"type":"Feature","properties":{"s":"OK"},"geometry":{"type":"LineString","coordinates":[[-103.002,36.5],[-103.002,37.0],[-94.618,36.998],[-94.618,36.499],[-94.431,35.394],[-94.488,33.629],[-94.528,33.616],[-94.735,33.691],[-94.761,33.727],[-94.869,33.746],[-95.039,33.861],[-95.067,33.917],[-95.226,33.962],[-95.253,33.934],[-95.256,33.892],[-95.288,33.874],[-95.408,33.866],[-95.544,33.88],[-95.559,33.93],[-95.6,33.934],[-95.757,33.867],[-95.764,33.848],[-95.825,33.838],[-95.95,33.857],[-96.148,33.838],[-96.182,33.759],[-96.305,33.746],[-96.37,33.717],[-96.423,33.776],[-96.5,33.773],[-96.613,33.834],[-96.615,33.881],[-96.659,33.9],[-96.679,33.893],[-96.712,33.832],[-96.762,33.824],[-96.856,33.847],[-96.883,33.868],[-96.899,33.934],[-96.922,33.96],[-96.973,33.936],[-96.986,33.887],[-97.048,33.818],[-97.097,33.728],[-97.138,33.719],[-97.172,33.738],[-97.205,33.8],[-97.2,33.827],[-97.167,33.847],[-97.181,33.895],[-97.211,33.916],[-97.311,33.872],[-97.373,33.819],[-97.426,33.819],[-97.463,33.842],[-97.458,33.902],[-97.501,33.92],[-97.555,33.897],[-97.587,33.902],[-97.59,33.954],[-97.672,33.991],[-97.785,33.891],[-97.834,33.858],[-97.877,33.85],[-97.978,33.89],[-97.946,33.99],[-98.085,34.003],[-98.169,34.114],[-98.364,34.157],[-98.475,34.064],[-98.504,34.072],[-98.554,34.134],[-98.6,34.161],[-98.766,34.136],[-98.858,34.153],[-98.967,34.201],[-99.191,34.215],[-99.212,34.338],[-99.261,34.404],[-99.356,34.442],[-99.407,34.373],[-99.441,34.374],[-99.515,34.414],[-99.574,34.418],[-99.617,34.375],[-99.695,34.378],[-99.923,34.575],[-100.0,34.561],[-100.001,36.5],[-103.002,36.5]]}},{"type":"Feature","properties":{"s":"ND"},"geometry":{"type":"LineString","coordinates":[[-104.049,49.0],[-97.229,49.001],[-97.233,48.947],[-97.093,48.682],[-97.163,48.544],[-97.127,48.52],[-97.123,48.421],[-97.146,48.397],[-97.116,48.324],[-97.117,48.28],[-97.147,48.243],[-97.148,48.171],[-97.088,48.06],[-97.023,47.874],[-97.0,47.861],[-96.851,47.598],[-96.842,47.508],[-96.862,47.422],[-96.833,47.238],[-96.823,46.971],[-96.767,46.905],[-96.802,46.812],[-96.783,46.63],[-96.739,46.544],[-96.722,46.44],[-96.598,46.313],[-96.586,46.177],[-96.555,46.085],[-96.578,46.027],[-96.563,45.935],[-104.045,45.945],[-104.049,49.0]]}},{"type":"Feature","properties":{"s":"NY"},"geometry":{"type":"MultiLineString","coordinates":[[[-79.762,42.27],[-79.454,42.411],[-79.352,42.489],[-79.149,42.554],[-79.111,42.613],[-79.064,42.645],[-79.049,42.689],[-78.918,42.737],[-78.853,42.784],[-78.865,42.852],[-78.892,42.885],[-78.912,42.887],[-78.909,42.933],[-79.012,42.985],[-79.029,43.069],[-79.066,43.091],[-79.042,43.144],[-79.07,43.262],[-78.634,43.358],[-78.489,43.375],[-78.105,43.376],[-77.76,43.341],[-77.577,43.243],[-77.534,43.235],[-77.391,43.276],[-77.112,43.288],[-76.958,43.27],[-76.795,43.31],[-76.731,43.343],[-76.698,43.345],[-76.631,43.413],[-76.418,43.521],[-76.297,43.513],[-76.218,43.545],[-76.199,43.6],[-76.205,43.719],[-76.229,43.804],[-76.283,43.844],[-76.283,43.859],[-76.243,43.878],[-76.202,43.865],[-76.133,43.893],[-76.125,43.913],[-76.139,43.962],[-76.264,43.978],[-76.27,44.001],[-76.299,44.018],[-76.301,44.057],[-76.36,44.071],[-76.364,44.112],[-76.313,44.199],[-76.207,44.215],[-76.118,44.295],[-76.001,44.348],[-75.97,44.343],[-75.913,44.368],[-75.821,44.432],[-75.808,44.472],[-75.765,44.516],[-75.283,44.849],[-75.065,44.929],[-74.993,44.977],[-74.827,45.016],[-74.147,44.992],[-73.343,45.011],[-73.37,44.829],[-73.34,44.779],[-73.39,44.618],[-73.374,44.575],[-73.307,44.5],[-73.294,44.439],[-73.315,44.388],[-73.325,44.244],[-73.391,44.191],[-73.437,44.047],[-73.406,44.016],[-73.388,43.832],[-73.35,43.771],[-73.422,43.647],[-73.431,43.588],[-73.4,43.569],[-73.367,43.623],[-73.306,43.628],[-73.242,43.535],[-73.279,42.833],[-73.291,42.802],[-73.276,42.746],[-73.265,42.746],[-73.508,42.086],[-73.487,42.05],[-73.551,41.296],[-73.483,41.213],[-73.727,41.101],[-73.655,41.012],[-73.656,40.98],[-73.686,40.945],[-73.757,40.913],[-73.785,40.879],[-73.781,40.839],[-73.794,40.856],[-73.815,40.831],[-73.776,40.795],[-73.73,40.866],[-73.675,40.857],[-73.634,40.898],[-73.515,40.913],[-73.485,40.946],[-73.406,40.92],[-73.393,40.955],[-73.353,40.927],[-73.229,40.905],[-73.149,40.929],[-73.141,40.966],[-73.11,40.972],[-72.774,40.965],[-72.585,40.998],[-72.477,41.052],[-72.445,41.086],[-72.397,41.096],[-72.356,41.134],[-72.279,41.159],[-72.238,41.156],[-72.3,41.112],[-72.306,41.138],[-72.327,41.132],[-72.335,41.107],[-72.317,41.089],[-72.28,41.08],[-72.261,41.042],[-72.191,41.033],[-72.154,41.052],[-72.102,40.992],[-71.967,41.048],[-71.96,41.071],[-71.856,41.071],[-71.904,41.04],[-72.396,40.867],[-73.055,40.666],[-73.262,40.621],[-73.306,40.621],[-73.32,40.636],[-73.562,40.584],[-73.775,40.591],[-73.935,40.545],[-73.95,40.573],[-74.012,40.575],[-74.003,40.596],[-74.033,40.604],[-74.042,40.625],[-74.018,40.659],[-74.014,40.757],[-73.933,40.882],[-73.894,40.997],[-74.695,41.357],[-74.753,41.426],[-74.877,41.44],[-74.913,41.476],[-74.984,41.506],[-75.04,41.57],[-75.053,41.753],[-75.114,41.843],[-75.263,41.885],[-75.279,41.939],[-75.359,41.999],[-79.761,41.999],[-79.762,42.27]],[[-74.234,41.143],[-74.234,41.143],[-74.234,41.143],[-74.234,41.143]],[[-72.037,41.25],[-72.019,41.274],[-71.927,41.29],[-72.002,41.253],[-72.037,41.25]],[[-72.143,41.098],[-72.127,41.115],[-72.084,41.102],[-72.087,41.058],[-72.097,41.055],[-72.106,41.089],[-72.143,41.098]],[[-73.773,40.848],[-73.766,40.857],[-73.766,40.845],[-73.773,40.848]],[[-73.767,40.88],[-73.772,40.888],[-73.767,40.887],[-73.767,40.88]],[[-74.043,40.69],[-74.041,40.7],[-74.039,40.7],[-74.043,40.69]],[[-74.247,40.496],[-74.248,40.543],[-74.211,40.561],[-74.189,40.642],[-74.07,40.641],[-74.053,40.604],[-74.111,40.547],[-74.22,40.503],[-74.247,40.496]]]}},{"type":"Feature","properties":{"s":"PA"},"geometry":{"type":"LineString","coordinates":[[-80.519,41.978],[-80.188,42.094],[-80.117,42.166],[-80.077,42.171],[-80.078,42.151],[-80.061,42.145],[-79.762,42.27],[-79.761,41.999],[-75.36,41.999],[-75.279,41.939],[-75.263,41.885],[-75.114,41.844],[-75.053,41.753],[-75.041,41.57],[-74.984,41.506],[-74.913,41.476],[-74.877,41.44],[-74.753,41.427],[-74.691,41.367],[-74.796,41.319],[-74.83,41.287],[-74.882,41.181],[-74.974,41.104],[-74.968,41.088],[-75.037,41.035],[-75.131,40.991],[-75.135,40.974],[-75.051,40.866],[-75.109,40.791],[-75.134,40.774],[-75.172,40.778],[-75.196,40.752],[-75.204,40.691],[-75.19,40.589],[-75.1,40.568],[-75.069,40.542],[-75.059,40.418],[-74.771,40.215],[-74.722,40.154],[-74.975,40.049],[-75.21,39.866],[-75.307,39.85],[-75.415,39.802],[-75.499,39.833],[-75.635,39.83],[-75.717,39.792],[-75.788,39.722],[-80.519,39.721],[-80.519,41.978]]}},{"type":"Feature","properties":{"s":"SC"},"geometry":{"type":"LineString","coordinates":[[-83.352,34.716],[-83.324,34.789],[-83.267,34.833],[-83.243,34.878],[-83.143,34.925],[-83.109,35.001],[-82.781,35.085],[-82.781,35.067],[-82.764,35.068],[-82.686,35.122],[-82.58,35.142],[-82.384,35.211],[-81.043,35.148],[-81.033,35.109],[-81.058,35.073],[-81.042,35.045],[-80.935,35.107],[-80.782,34.936],[-80.797,34.826],[-80.778,34.82],[-79.688,34.805],[-79.358,34.545],[-78.541,33.851],[-78.714,33.8],[-78.813,33.743],[-78.938,33.64],[-79.085,33.484],[-79.135,33.404],[-79.18,33.254],[-79.172,33.207],[-79.188,33.174],[-79.246,33.125],[-79.33,33.09],[-79.36,33.007],[-79.424,33.015],[-79.483,33.001],[-79.522,33.035],[-79.558,33.021],[-79.618,32.953],[-79.606,32.926],[-79.573,32.934],[-79.576,32.906],[-79.695,32.85],[-79.726,32.806],[-79.867,32.757],[-79.885,32.684],[-79.975,32.639],[-79.999,32.612],[-80.121,32.591],[-80.172,32.546],[-80.205,32.555],[-80.332,32.478],[-80.364,32.496],[-80.413,32.471],[-80.424,32.498],[-80.472,32.497],[-80.48,32.447],[-80.43,32.402],[-80.455,32.326],[-80.659,32.249],[-80.721,32.16],[-80.859,32.1],[-80.905,32.052],[-80.886,32.035],[-81.117,32.118],[-81.122,32.305],[-81.134,32.342],[-81.168,32.368],[-81.199,32.467],[-81.275,32.539],[-81.348,32.569],[-81.419,32.629],[-81.405,32.747],[-81.5,32.964],[-81.497,33.01],[-81.62,33.095],[-81.697,33.117],[-81.852,33.248],[-81.903,33.331],[-81.913,33.409],[-81.967,33.481],[-82.046,33.564],[-82.135,33.591],[-82.197,33.631],[-82.247,33.753],[-82.301,33.802],[-82.565,33.956],[-82.641,34.088],[-82.677,34.132],[-82.718,34.151],[-82.755,34.276],[-82.874,34.472],[-82.903,34.486],[-83.035,34.484],[-83.087,34.516],[-83.169,34.601],[-83.292,34.653],[-83.352,34.716]]}},{"type":"Feature","properties":{"s":"TN"},"geometry":{"type":"LineString","coordinates":[[-90.309,34.996],[-90.296,35.04],[-90.194,35.062],[-90.16,35.129],[-90.101,35.117],[-90.065,35.138],[-90.077,35.225],[-90.105,35.254],[-90.152,35.256],[-90.169,35.282],[-90.159,35.301],[-90.115,35.304],[-90.087,35.37],[-90.093,35.393],[-90.144,35.375],[-90.179,35.385],[-90.169,35.422],[-90.108,35.477],[-90.059,35.458],[-90.034,35.469],[-90.033,35.553],[-89.957,35.529],[-89.91,35.538],[-89.885,35.654],[-89.937,35.666],[-89.956,35.691],[-89.956,35.733],[-89.91,35.759],[-89.866,35.747],[-89.821,35.757],[-89.704,35.82],[-89.709,35.839],[-89.774,35.872],[-89.766,35.891],[-89.734,35.905],[-89.688,35.897],[-89.687,35.948],[-89.733,36.001],[-89.707,36.001],[-89.684,36.052],[-89.594,36.127],[-89.592,36.144],[-89.7,36.248],[-89.602,36.238],[-89.535,36.253],[-89.54,36.277],[-89.62,36.323],[-89.606,36.342],[-89.532,36.339],[-89.513,36.36],[-89.519,36.475],[-89.539,36.498],[-89.485,36.498],[-89.493,36.47],[-89.472,36.457],[-89.417,36.499],[-89.282,36.507],[-88.053,36.497],[-88.032,36.541],[-88.071,36.678],[-87.85,36.664],[-87.853,36.633],[-86.605,36.652],[-86.564,36.633],[-86.468,36.652],[-85.551,36.616],[-85.276,36.627],[-83.691,36.583],[-83.675,36.601],[-81.934,36.594],[-81.923,36.616],[-81.647,36.612],[-81.708,36.536],[-81.696,36.492],[-81.715,36.453],[-81.726,36.34],[-81.765,36.339],[-81.794,36.36],[-81.908,36.302],[-82.027,36.13],[-82.08,36.106],[-82.127,36.104],[-82.148,36.149],[-82.211,36.159],[-82.238,36.139],[-82.348,36.116],[-82.409,36.083],[-82.463,36.007],[-82.558,35.955],[-82.611,35.973],[-82.603,36.04],[-82.637,36.066],[-82.754,36.004],[-82.83,35.933],[-82.853,35.949],[-82.899,35.945],[-82.913,35.924],[-82.898,35.881],[-82.984,35.778],[-83.165,35.76],[-83.251,35.72],[-83.254,35.696],[-83.297,35.658],[-83.446,35.612],[-83.498,35.563],[-83.757,35.564],[-83.88,35.519],[-84.002,35.423],[-84.038,35.348],[-84.021,35.301],[-84.056,35.268],[-84.098,35.247],[-84.224,35.269],[-84.29,35.226],[-84.322,34.988],[-85.364,34.983],[-88.182,35.008],[-88.2,34.996],[-90.309,34.996]]}},{"type":"Feature","properties":{"s":"SD"},"geometry":{"type":"LineString","coordinates":[[-104.058,44.997],[-104.04,45.0],[-104.045,45.945],[-96.563,45.935],[-96.583,45.82],[-96.673,45.732],[-96.836,45.65],[-96.858,45.606],[-96.765,45.521],[-96.693,45.417],[-96.522,45.376],[-96.489,45.357],[-96.453,45.298],[-96.453,43.5],[-96.598,43.5],[-96.584,43.469],[-96.603,43.451],[-96.522,43.387],[-96.53,43.3],[-96.569,43.295],[-96.584,43.268],[-96.557,43.224],[-96.476,43.221],[-96.437,43.121],[-96.466,43.062],[-96.513,43.028],[-96.511,42.944],[-96.55,42.839],[-96.632,42.771],[-96.64,42.737],[-96.631,42.706],[-96.575,42.683],[-96.516,42.63],[-96.477,42.556],[-96.481,42.516],[-96.443,42.489],[-96.487,42.48],[-96.611,42.506],[-96.708,42.602],[-96.724,42.666],[-96.907,42.734],[-97.137,42.782],[-97.257,42.854],[-97.423,42.861],[-97.687,42.842],[-97.845,42.868],[-97.875,42.859],[-97.889,42.817],[-97.937,42.776],[-98.035,42.764],[-98.166,42.837],[-98.447,42.935],[-98.499,42.999],[-104.053,43.001],[-104.058,44.997]]}},{"type":"Feature","properties":{"s":"OR"},"geometry":{"type":"MultiLineString","coordinates":[[[-124.552,42.841],[-124.457,43.0],[-124.382,43.27],[-124.403,43.306],[-124.315,43.388],[-124.234,43.557],[-124.15,43.911],[-124.115,44.286],[-124.084,44.416],[-124.068,44.428],[-124.079,44.431],[-124.084,44.487],[-124.067,44.608],[-124.084,44.611],[-124.065,44.622],[-124.058,44.659],[-124.074,44.798],[-124.025,44.928],[-124.004,45.046],[-124.016,45.065],[-123.99,45.094],[-123.975,45.146],[-123.964,45.317],[-123.973,45.337],[-124.008,45.337],[-123.973,45.355],[-123.966,45.386],[-123.977,45.49],[-123.958,45.51],[-123.939,45.662],[-123.943,45.727],[-123.983,45.762],[-123.963,45.87],[-123.994,45.946],[-123.938,45.977],[-123.928,46.01],[-123.948,46.116],[-124.024,46.229],[-124.011,46.236],[-123.904,46.169],[-123.855,46.157],[-123.842,46.17],[-123.864,46.19],[-123.636,46.214],[-123.623,46.237],[-123.586,46.229],[-123.548,46.259],[-123.484,46.27],[-123.428,46.229],[-123.431,46.182],[-123.371,46.146],[-123.28,46.145],[-123.166,46.189],[-123.116,46.185],[-122.904,46.084],[-122.814,45.961],[-122.785,45.868],[-122.796,45.81],[-122.761,45.759],[-122.774,45.681],[-122.764,45.657],[-122.644,45.61],[-122.38,45.576],[-122.295,45.544],[-121.983,45.623],[-121.908,45.654],[-121.867,45.693],[-121.811,45.707],[-121.707,45.695],[-121.533,45.727],[-121.424,45.694],[-121.338,45.705],[-121.216,45.671],[-121.195,45.63],[-121.064,45.653],[-120.944,45.656],[-120.916,45.641],[-120.635,45.746],[-120.559,45.738],[-120.482,45.694],[-120.404,45.699],[-120.211,45.726],[-120.17,45.762],[-120.001,45.812],[-119.67,45.857],[-119.601,45.92],[-119.488,45.906],[-119.257,45.94],[-119.126,45.933],[-119.027,45.969],[-118.987,46.0],[-116.916,45.995],[-116.857,45.904],[-116.789,45.848],[-116.548,45.752],[-116.535,45.692],[-116.464,45.616],[-116.674,45.322],[-116.73,45.142],[-116.845,45.017],[-116.858,44.978],[-116.832,44.933],[-116.852,44.888],[-116.931,44.792],[-117.062,44.727],[-117.149,44.536],[-117.215,44.467],[-117.19,44.274],[-117.17,44.259],[-116.976,44.243],[-116.894,44.16],[-116.932,44.102],[-116.935,43.989],[-116.962,43.918],[-117.027,43.808],[-117.026,42.0],[-121.035,41.993],[-122.378,42.01],[-124.212,41.998],[-124.3,42.052],[-124.356,42.115],[-124.361,42.181],[-124.411,42.251],[-124.411,42.307],[-124.429,42.332],[-124.435,42.44],[-124.391,42.567],[-124.401,42.627],[-124.417,42.662],[-124.451,42.676],[-124.474,42.733],[-124.515,42.737],[-124.552,42.841]],[[-123.821,41.995],[-123.821,41.995],[-123.821,41.995],[-123.821,41.995]]]}},{"type":"Feature","properties":{"s":"TX"},"geometry":{"type":"MultiLineString","coordinates":[[[-106.628,31.861],[-106.599,32.001],[-103.065,32.001],[-103.065,33.0],[-103.044,34.018],[-103.042,36.479],[-103.002,36.5],[-100.0,36.5],[-100.0,34.561],[-99.923,34.575],[-99.695,34.378],[-99.617,34.375],[-99.574,34.418],[-99.515,34.414],[-99.441,34.374],[-99.407,34.373],[-99.357,34.442],[-99.261,34.403],[-99.211,34.338],[-99.191,34.215],[-98.967,34.201],[-98.858,34.153],[-98.766,34.136],[-98.6,34.161],[-98.554,34.134],[-98.504,34.072],[-98.475,34.064],[-98.364,34.157],[-98.169,34.114],[-98.085,34.003],[-97.946,33.99],[-97.978,33.89],[-97.877,33.85],[-97.834,33.858],[-97.785,33.891],[-97.672,33.991],[-97.59,33.954],[-97.587,33.902],[-97.555,33.897],[-97.501,33.92],[-97.458,33.902],[-97.463,33.842],[-97.426,33.819],[-97.373,33.819],[-97.311,33.872],[-97.211,33.916],[-97.181,33.895],[-97.167,33.847],[-97.2,33.827],[-97.205,33.8],[-97.172,33.738],[-97.138,33.719],[-97.097,33.728],[-97.048,33.818],[-96.986,33.887],[-96.973,33.936],[-96.922,33.96],[-96.899,33.934],[-96.883,33.868],[-96.856,33.848],[-96.762,33.824],[-96.712,33.832],[-96.679,33.893],[-96.659,33.9],[-96.615,33.881],[-96.613,33.834],[-96.5,33.773],[-96.423,33.776],[-96.369,33.717],[-96.305,33.746],[-96.182,33.759],[-96.148,33.838],[-95.95,33.857],[-95.825,33.838],[-95.764,33.848],[-95.757,33.867],[-95.6,33.934],[-95.559,33.93],[-95.544,33.88],[-95.408,33.866],[-95.288,33.874],[-95.256,33.892],[-95.253,33.934],[-95.226,33.962],[-95.067,33.917],[-95.039,33.861],[-94.869,33.746],[-94.761,33.727],[-94.735,33.691],[-94.528,33.616],[-94.486,33.638],[-94.464,33.599],[-94.356,33.543],[-94.253,33.586],[-94.182,33.593],[-94.085,33.576],[-94.043,33.552],[-94.043,31.999],[-93.84,31.801],[-93.812,31.715],[-93.835,31.586],[-93.798,31.534],[-93.73,31.488],[-93.696,31.409],[-93.641,31.373],[-93.672,31.3],[-93.614,31.261],[-93.599,31.175],[-93.532,31.181],[-93.531,30.925],[-93.559,30.869],[-93.563,30.819],[-93.74,30.539],[-93.71,30.506],[-93.698,30.439],[-93.758,30.39],[-93.766,30.333],[-93.721,30.296],[-93.696,30.136],[-93.722,30.052],[-93.789,29.988],[-93.891,29.843],[-93.898,29.772],[-93.838,29.691],[-93.853,29.676],[-94.001,29.681],[-94.133,29.646],[-94.595,29.468],[-94.694,29.416],[-94.731,29.369],[-94.779,29.361],[-94.783,29.376],[-94.682,29.471],[-94.609,29.483],[-94.567,29.532],[-94.532,29.518],[-94.496,29.525],[-94.503,29.543],[-94.554,29.574],[-94.741,29.526],[-94.781,29.531],[-94.791,29.548],[-94.755,29.563],[-94.709,29.625],[-94.693,29.694],[-94.695,29.723],[-94.735,29.785],[-94.816,29.757],[-94.893,29.661],[-94.921,29.658],[-94.936,29.693],[-94.966,29.7],[-95.016,29.64],[-94.983,29.601],[-95.018,29.555],[-94.982,29.511],[-94.909,29.497],[-94.931,29.451],[-94.891,29.433],[-94.894,29.308],[-94.876,29.293],[-94.825,29.306],[-94.811,29.353],[-94.785,29.336],[-94.723,29.331],[-95.082,29.111],[-95.382,28.866],[-95.44,28.859],[-95.813,28.665],[-96.22,28.492],[-96.379,28.384],[-96.335,28.438],[-96.215,28.51],[-95.986,28.606],[-95.979,28.651],[-96.048,28.649],[-96.229,28.581],[-96.234,28.602],[-96.213,28.622],[-96.231,28.641],[-96.191,28.694],[-96.223,28.698],[-96.288,28.683],[-96.304,28.671],[-96.304,28.645],[-96.488,28.57],[-96.486,28.608],[-96.511,28.615],[-96.5,28.636],[-96.563,28.644],[-96.573,28.668],[-96.56,28.691],[-96.584,28.723],[-96.649,28.71],[-96.664,28.697],[-96.611,28.639],[-96.623,28.622],[-96.611,28.586],[-96.565,28.582],[-96.526,28.558],[-96.404,28.442],[-96.673,28.336],[-96.705,28.349],[-96.71,28.407],[-96.776,28.406],[-96.795,28.365],[-96.792,28.312],[-96.81,28.29],[-96.787,28.256],[-96.8,28.224],[-96.935,28.124],[-97.0,28.138],[-97.027,28.124],[-97.026,28.042],[-97.129,27.92],[-97.187,27.824],[-97.225,27.826],[-97.251,27.876],[-97.274,27.882],[-97.379,27.838],[-97.393,27.783],[-97.368,27.742],[-97.254,27.697],[-97.294,27.594],[-97.322,27.571],[-97.402,27.336],[-97.508,27.275],[-97.532,27.279],[-97.547,27.291],[-97.498,27.308],[-97.484,27.339],[-97.502,27.367],[-97.609,27.285],[-97.636,27.282],[-97.639,27.253],[-97.543,27.229],[-97.424,27.264],[-97.444,27.116],[-97.462,27.096],[-97.496,27.094],[-97.478,27.066],[-97.479,26.999],[-97.555,26.99],[-97.54,26.901],[-97.563,26.842],[-97.472,26.759],[-97.446,26.609],[-97.417,26.554],[-97.441,26.455],[-97.412,26.447],[-97.419,26.413],[-97.395,26.417],[-97.37,26.395],[-97.391,26.332],[-97.358,26.356],[-97.33,26.351],[-97.354,26.314],[-97.344,26.267],[-97.312,26.274],[-97.321,26.229],[-97.297,26.201],[-97.307,26.159],[-97.282,26.12],[-97.295,26.108],[-97.271,26.086],[-97.2,26.077],[-97.195,26.042],[-97.226,26.024],[-97.217,25.994],[-97.167,26.007],[-97.183,26.053],[-97.152,26.062],[-97.146,25.971],[-97.348,25.931],[-97.367,25.885],[-97.408,25.856],[-97.511,25.887],[-97.583,25.938],[-97.672,26.034],[-97.889,26.065],[-98.008,26.061],[-98.045,26.044],[-98.242,26.075],[-98.387,26.158],[-98.439,26.212],[-98.706,26.277],[-98.807,26.369],[-98.861,26.366],[-99.048,26.407],[-99.106,26.439],[-99.168,26.558],[-99.269,26.843],[-99.322,26.907],[-99.379,26.934],[-99.447,27.023],[-99.452,27.063],[-99.43,27.094],[-99.426,27.176],[-99.452,27.264],[-99.495,27.278],[-99.538,27.316],[-99.493,27.39],[-99.48,27.486],[-99.542,27.606],[-99.601,27.641],[-99.666,27.638],[-99.843,27.775],[-99.876,27.806],[-99.901,27.864],[-99.896,27.904],[-99.991,27.995],[-100.083,28.144],[-100.202,28.191],[-100.291,28.275],[-100.347,28.407],[-100.334,28.499],[-100.387,28.514],[-100.43,28.596],[-100.5,28.662],[-100.508,28.741],[-100.535,28.805],[-100.652,28.943],[-100.646,28.987],[-100.675,29.1],[-100.798,29.247],[-100.996,29.363],[-101.06,29.459],[-101.138,29.474],[-101.235,29.525],[-101.25,29.624],[-101.344,29.662],[-101.404,29.758],[-101.626,29.771],[-101.646,29.754],[-101.945,29.801],[-102.05,29.785],[-102.116,29.793],[-102.323,29.875],[-102.365,29.844],[-102.387,29.761],[-102.487,29.787],[-102.555,29.749],[-102.613,29.748],[-102.69,29.722],[-102.745,29.593],[-102.809,29.522],[-102.833,29.409],[-102.876,29.354],[-102.896,29.285],[-102.867,29.225],[-102.996,29.161],[-103.104,29.034],[-103.115,28.985],[-103.164,28.972],[-103.384,29.024],[-103.471,29.075],[-103.503,29.119],[-103.559,29.155],[-103.715,29.184],[-103.792,29.263],[-104.025,29.314],[-104.167,29.403],[-104.236,29.497],[-104.394,29.561],[-104.516,29.641],[-104.566,29.771],[-104.68,29.921],[-104.694,30.019],[-104.687,30.179],[-104.709,30.236],[-104.86,30.39],[-104.873,30.5],[-104.93,30.599],[-104.972,30.61],[-105.044,30.684],[-105.211,30.8],[-105.265,30.803],[-105.395,30.859],[-105.412,30.893],[-105.557,30.989],[-105.603,31.083],[-105.751,31.165],[-105.869,31.289],[-105.923,31.312],[-105.981,31.375],[-106.133,31.425],[-106.209,31.469],[-106.381,31.732],[-106.437,31.757],[-106.473,31.752],[-106.628,31.861]],[[-97.387,26.821],[-97.39,27.157],[-97.358,27.308],[-97.362,27.36],[-97.231,27.632],[-97.201,27.65],[-97.203,27.688],[-97.103,27.789],[-97.093,27.819],[-97.134,27.825],[-97.057,27.842],[-96.986,27.954],[-96.968,28.02],[-96.953,28.016],[-96.927,28.057],[-96.886,28.084],[-96.879,28.131],[-96.827,28.112],[-96.81,28.126],[-96.816,28.175],[-96.704,28.198],[-96.703,28.216],[-96.662,28.227],[-96.593,28.297],[-96.451,28.337],[-96.403,28.371],[-96.398,28.344],[-96.414,28.327],[-96.548,28.271],[-96.695,28.182],[-96.85,28.065],[-96.967,27.951],[-97.167,27.677],[-97.327,27.348],[-97.371,27.161],[-97.371,26.91],[-97.333,26.736],[-97.195,26.307],[-97.154,26.067],[-97.17,26.078],[-97.194,26.272],[-97.248,26.456],[-97.276,26.522],[-97.311,26.557],[-97.346,26.7],[-97.37,26.724],[-97.365,26.767],[-97.387,26.821]]]}},{"type":"Feature","properties":{"s":"UT"},"geometry":{"type":"LineString","coordinates":[[-114.051,37.0],[-114.042,41.994],[-111.047,42.002],[-111.046,40.998],[-109.05,41.001],[-109.06,38.276],[-109.042,38.155],[-109.045,36.999],[-114.051,37.0]]}},{"type":"Feature","properties":{"s":"VA"},"geometry":{"type":"MultiLineString","coordinates":[[[-76.026,37.257],[-76.019,37.318],[-75.987,37.369],[-75.982,37.434],[-75.925,37.6],[-75.803,37.762],[-75.818,37.792],[-75.743,37.807],[-75.69,37.862],[-75.688,37.886],[-75.71,37.901],[-75.758,37.904],[-75.712,37.936],[-75.694,37.93],[-75.624,37.994],[-75.242,38.027],[-75.359,37.864],[-75.438,37.872],[-75.515,37.799],[-75.581,37.684],[-75.611,37.606],[-75.594,37.57],[-75.666,37.472],[-75.666,37.439],[-75.736,37.335],[-75.798,37.296],[-75.79,37.228],[-75.801,37.197],[-75.897,37.118],[-75.926,37.133],[-75.97,37.119],[-76.026,37.257]],[[-83.675,36.601],[-83.527,36.666],[-83.461,36.665],[-83.136,36.743],[-83.132,36.781],[-83.073,36.855],[-82.912,36.874],[-82.862,36.924],[-82.868,36.978],[-82.723,37.045],[-82.722,37.106],[-82.565,37.196],[-82.351,37.267],[-81.968,37.538],[-81.928,37.512],[-81.997,37.477],[-81.987,37.455],[-81.936,37.438],[-81.926,37.357],[-81.879,37.332],[-81.843,37.286],[-81.758,37.274],[-81.744,37.244],[-81.678,37.202],[-81.557,37.208],[-81.507,37.234],[-81.504,37.25],[-81.41,37.285],[-81.362,37.338],[-81.225,37.235],[-81.113,37.278],[-80.967,37.292],[-80.901,37.315],[-80.85,37.347],[-80.873,37.372],[-80.86,37.43],[-80.77,37.372],[-80.511,37.482],[-80.495,37.435],[-80.475,37.423],[-80.315,37.501],[-80.33,37.536],[-80.221,37.627],[-80.267,37.646],[-80.296,37.692],[-80.264,37.719],[-80.257,37.756],[-80.162,37.875],[-80.002,37.993],[-79.931,38.101],[-79.938,38.131],[-79.921,38.18],[-79.789,38.269],[-79.809,38.309],[-79.732,38.374],[-79.69,38.442],[-79.699,38.475],[-79.669,38.511],[-79.649,38.592],[-79.537,38.551],[-79.477,38.457],[-79.312,38.412],[-79.281,38.425],[-79.21,38.494],[-79.055,38.782],[-79.0,38.846],[-78.869,38.763],[-78.788,38.885],[-78.602,38.965],[-78.554,39.019],[-78.572,39.032],[-78.439,39.132],[-78.411,39.172],[-78.439,39.198],[-78.341,39.353],[-78.362,39.358],[-78.347,39.466],[-77.828,39.133],[-77.75,39.289],[-77.719,39.321],[-77.593,39.301],[-77.458,39.225],[-77.479,39.189],[-77.516,39.171],[-77.52,39.121],[-77.458,39.074],[-77.34,39.063],[-77.261,39.031],[-77.25,38.986],[-77.148,38.965],[-77.041,38.871],[-77.041,38.764],[-77.075,38.711],[-77.132,38.674],[-77.13,38.635],[-77.202,38.617],[-77.216,38.638],[-77.247,38.635],[-77.247,38.591],[-77.264,38.583],[-77.261,38.565],[-77.323,38.467],[-77.317,38.383],[-77.28,38.339],[-77.24,38.332],[-77.163,38.346],[-77.138,38.368],[-77.085,38.368],[-77.044,38.401],[-77.012,38.375],[-77.031,38.311],[-76.962,38.256],[-76.962,38.214],[-76.839,38.163],[-76.76,38.167],[-76.722,38.138],[-76.701,38.156],[-76.614,38.149],[-76.601,38.11],[-76.543,38.077],[-76.516,38.027],[-76.237,37.889],[-76.251,37.833],[-76.275,37.813],[-76.293,37.823],[-76.307,37.812],[-76.313,37.72],[-76.3,37.695],[-76.34,37.656],[-76.293,37.636],[-76.28,37.614],[-76.362,37.61],[-76.472,37.666],[-76.51,37.642],[-76.537,37.664],[-76.537,37.699],[-76.584,37.769],[-76.651,37.796],[-76.68,37.826],[-76.702,37.823],[-76.748,37.876],[-76.785,37.869],[-76.724,37.789],[-76.684,37.781],[-76.677,37.756],[-76.62,37.745],[-76.574,37.647],[-76.543,37.617],[-76.435,37.613],[-76.411,37.582],[-76.3,37.562],[-76.36,37.519],[-76.329,37.495],[-76.294,37.516],[-76.265,37.481],[-76.245,37.387],[-76.276,37.31],[-76.337,37.364],[-76.415,37.402],[-76.445,37.366],[-76.381,37.285],[-76.349,37.274],[-76.483,37.255],[-76.503,37.234],[-76.472,37.216],[-76.39,37.223],[-76.399,37.16],[-76.349,37.171],[-76.334,37.144],[-76.292,37.127],[-76.271,37.085],[-76.304,37.001],[-76.341,37.015],[-76.412,36.963],[-76.429,36.97],[-76.464,37.028],[-76.518,37.055],[-76.526,37.078],[-76.564,37.078],[-76.618,37.119],[-76.622,37.142],[-76.605,37.16],[-76.65,37.221],[-76.731,37.214],[-76.75,37.19],[-76.781,37.209],[-76.802,37.198],[-76.73,37.145],[-76.686,37.199],[-76.664,37.174],[-76.663,37.046],[-76.586,37.029],[-76.5,36.965],[-76.47,36.883],[-76.442,36.906],[-76.388,36.9],[-76.386,36.923],[-76.329,36.918],[-76.327,36.959],[-76.298,36.968],[-76.095,36.909],[-76.033,36.932],[-75.996,36.922],[-75.867,36.551],[-80.17,36.543],[-81.678,36.588],[-81.648,36.612],[-81.922,36.616],[-81.934,36.594],[-83.675,36.601]],[[-76.0,37.848],[-75.974,37.836],[-75.982,37.806],[-75.998,37.813],[-76.0,37.848]],[[-76.032,37.915],[-76.041,37.954],[-75.994,37.953],[-76.032,37.915]]]}},{"type":"Feature","properties":{"s":"WA"},"geometry":{"type":"MultiLineString","coordinates":[[[-124.733,48.163],[-124.696,48.199],[-124.69,48.22],[-124.706,48.24],[-124.685,48.255],[-124.659,48.331],[-124.732,48.381],[-124.653,48.391],[-124.631,48.377],[-124.597,48.382],[-124.396,48.289],[-124.272,48.254],[-124.239,48.262],[-124.102,48.217],[-124.107,48.2],[-124.051,48.178],[-123.981,48.165],[-123.859,48.154],[-123.703,48.167],[-123.629,48.139],[-123.591,48.135],[-123.551,48.151],[-123.507,48.132],[-123.44,48.142],[-123.442,48.124],[-123.425,48.118],[-123.333,48.113],[-123.239,48.118],[-123.133,48.177],[-123.143,48.157],[-123.066,48.12],[-123.039,48.081],[-122.929,48.096],[-122.918,48.092],[-122.927,48.065],[-122.878,48.047],[-122.85,48.054],[-122.878,48.076],[-122.876,48.111],[-122.833,48.134],[-122.76,48.143],[-122.749,48.117],[-122.801,48.087],[-122.766,48.044],[-122.742,48.049],[-122.748,48.072],[-122.733,48.091],[-122.687,48.102],[-122.67,48.017],[-122.723,48.008],[-122.718,47.988],[-122.679,47.968],[-122.684,47.94],[-122.658,47.931],[-122.647,47.895],[-122.61,47.887],[-122.636,47.866],[-122.693,47.868],[-122.684,47.839],[-122.748,47.801],[-122.758,47.746],[-122.733,47.738],[-122.682,47.801],[-122.608,47.857],[-122.574,47.858],[-122.588,47.913],[-122.62,47.932],[-122.612,47.941],[-122.528,47.906],[-122.506,47.832],[-122.483,47.816],[-122.495,47.787],[-122.472,47.75],[-122.554,47.745],[-122.543,47.711],[-122.505,47.699],[-122.518,47.651],[-122.493,47.635],[-122.498,47.598],[-122.479,47.584],[-122.535,47.566],[-122.547,47.524],[-122.452,47.503],[-122.46,47.487],[-122.433,47.466],[-122.438,47.407],[-122.374,47.389],[-122.493,47.33],[-122.519,47.333],[-122.526,47.359],[-122.551,47.36],[-122.576,47.326],[-122.444,47.267],[-122.409,47.289],[-122.443,47.306],[-122.325,47.349],[-122.328,47.401],[-122.355,47.442],[-122.383,47.451],[-122.361,47.482],[-122.397,47.515],[-122.398,47.55],[-122.421,47.576],[-122.34,47.599],[-122.43,47.659],[-122.373,47.729],[-122.395,47.803],[-122.336,47.852],[-122.307,47.949],[-122.23,47.971],[-122.225,48.017],[-122.343,48.098],[-122.365,48.126],[-122.362,48.187],[-122.396,48.229],[-122.45,48.233],[-122.442,48.209],[-122.479,48.176],[-122.358,48.056],[-122.467,48.13],[-122.49,48.121],[-122.512,48.134],[-122.537,48.184],[-122.531,48.25],[-122.481,48.252],[-122.464,48.271],[-122.406,48.252],[-122.372,48.288],[-122.409,48.326],[-122.533,48.383],[-122.555,48.406],[-122.557,48.444],[-122.65,48.409],[-122.679,48.439],[-122.655,48.454],[-122.658,48.473],[-122.712,48.464],[-122.685,48.509],[-122.607,48.522],[-122.568,48.508],[-122.537,48.467],[-122.472,48.471],[-122.498,48.556],[-122.535,48.576],[-122.496,48.576],[-122.478,48.559],[-122.445,48.57],[-122.425,48.599],[-122.5,48.656],[-122.519,48.713],[-122.491,48.751],[-122.536,48.776],[-122.597,48.772],[-122.637,48.736],[-122.613,48.715],[-122.615,48.694],[-122.673,48.733],[-122.647,48.785],[-122.694,48.804],[-122.71,48.786],[-122.717,48.847],[-122.793,48.893],[-122.751,48.911],[-122.747,48.931],[-122.822,48.941],[-122.758,49.002],[-117.032,48.999],[-117.04,46.425],[-117.061,46.368],[-116.985,46.295],[-116.926,46.159],[-116.944,46.062],[-116.916,45.995],[-118.987,46.0],[-119.027,45.969],[-119.126,45.933],[-119.257,45.94],[-119.488,45.906],[-119.6,45.92],[-119.67,45.857],[-120.001,45.812],[-120.17,45.762],[-120.211,45.726],[-120.482,45.694],[-120.56,45.738],[-120.635,45.746],[-120.916,45.641],[-120.944,45.656],[-121.064,45.653],[-121.195,45.63],[-121.216,45.671],[-121.312,45.7],[-121.424,45.694],[-121.533,45.727],[-121.707,45.695],[-121.811,45.707],[-121.867,45.693],[-121.908,45.654],[-121.983,45.623],[-122.102,45.584],[-122.184,45.578],[-122.267,45.544],[-122.332,45.548],[-122.38,45.576],[-122.675,45.618],[-122.764,45.657],[-122.775,45.68],[-122.761,45.759],[-122.796,45.81],[-122.785,45.868],[-122.814,45.961],[-122.884,46.06],[-122.904,46.084],[-123.116,46.185],[-123.166,46.189],[-123.28,46.145],[-123.371,46.146],[-123.431,46.182],[-123.428,46.229],[-123.475,46.268],[-123.669,46.267],[-123.701,46.305],[-123.767,46.274],[-123.806,46.284],[-123.876,46.24],[-123.92,46.251],[-124.001,46.313],[-124.021,46.316],[-124.044,46.276],[-124.081,46.267],[-124.057,46.409],[-124.069,46.635],[-124.048,46.646],[-124.036,46.631],[-124.051,46.618],[-124.024,46.583],[-124.026,46.463],[-123.991,46.463],[-123.984,46.499],[-123.968,46.474],[-123.944,46.477],[-123.894,46.537],[-123.956,46.604],[-123.961,46.636],[-123.922,46.65],[-123.923,46.673],[-123.846,46.717],[-123.899,46.75],[-123.917,46.727],[-123.975,46.733],[-123.967,46.705],[-124.003,46.702],[-124.092,46.742],[-124.108,46.836],[-124.138,46.906],[-124.093,46.901],[-124.089,46.868],[-124.073,46.862],[-124.046,46.894],[-123.985,46.922],[-123.861,46.949],[-123.898,46.972],[-124.012,46.985],[-124.006,47.004],[-124.026,47.03],[-124.122,47.042],[-124.151,47.021],[-124.124,46.944],[-124.18,46.926],[-124.169,46.995],[-124.183,47.134],[-124.236,47.287],[-124.319,47.356],[-124.356,47.546],[-124.425,47.738],[-124.477,47.77],[-124.49,47.817],[-124.63,47.892],[-124.672,47.964],[-124.697,48.069],[-124.687,48.099],[-124.733,48.163]],[[-122.335,48.019],[-122.322,48.02],[-122.303,48.006],[-122.326,48.01],[-122.335,48.019]],[[-122.77,48.224],[-122.674,48.355],[-122.665,48.402],[-122.636,48.395],[-122.602,48.41],[-122.585,48.395],[-122.585,48.353],[-122.516,48.32],[-122.505,48.3],[-122.531,48.282],[-122.618,48.294],[-122.624,48.269],[-122.653,48.265],[-122.668,48.224],[-122.628,48.222],[-122.588,48.186],[-122.558,48.12],[-122.572,48.102],[-122.545,48.053],[-122.514,48.059],[-122.525,48.097],[-122.513,48.098],[-122.431,48.045],[-122.376,48.034],[-122.35,47.959],[-122.377,47.906],[-122.431,47.915],[-122.447,47.963],[-122.473,47.988],[-122.547,47.967],[-122.543,47.996],[-122.607,48.031],[-122.594,48.047],[-122.614,48.073],[-122.598,48.111],[-122.61,48.152],[-122.633,48.163],[-122.68,48.155],[-122.693,48.182],[-122.77,48.224]],[[-122.654,48.538],[-122.643,48.588],[-122.579,48.548],[-122.573,48.529],[-122.64,48.526],[-122.654,48.538]],[[-122.722,48.732],[-122.716,48.749],[-122.703,48.744],[-122.618,48.671],[-122.61,48.645],[-122.674,48.681],[-122.722,48.732]],[[-122.699,48.621],[-122.674,48.63],[-122.657,48.61],[-122.677,48.61],[-122.699,48.621]],[[-122.74,48.584],[-122.715,48.609],[-122.671,48.569],[-122.689,48.544],[-122.722,48.541],[-122.74,48.584]],[[-123.203,48.596],[-123.178,48.622],[-123.107,48.622],[-123.101,48.598],[-123.048,48.569],[-122.988,48.562],[-123.034,48.592],[-123.024,48.6],[-123.049,48.621],[-122.918,48.714],[-122.876,48.712],[-122.742,48.661],[-122.81,48.619],[-122.801,48.586],[-122.77,48.558],[-122.788,48.53],[-122.779,48.509],[-122.818,48.484],[-122.803,48.433],[-122.812,48.422],[-122.884,48.419],[-122.889,48.436],[-122.928,48.44],[-122.917,48.453],[-122.927,48.461],[-123.039,48.46],[-123.119,48.493],[-123.163,48.53],[-123.173,48.579],[-123.203,48.596]],[[-123.07,48.7],[-123.04,48.717],[-123.008,48.719],[-123.005,48.694],[-123.021,48.681],[-123.042,48.676],[-123.037,48.69],[-123.07,48.7]],[[-123.091,49.002],[-123.035,49.002],[-123.021,48.977],[-123.084,48.976],[-123.091,49.002]],[[-123.237,48.683],[-123.172,48.68],[-123.106,48.633],[-123.135,48.637],[-123.237,48.683]]]}},{"type":"Feature","properties":{"s":"WI"},"geometry":{"type":"MultiLineString","coordinates":[[[-86.956,45.352],[-86.937,45.421],[-86.853,45.406],[-86.83,45.411],[-86.829,45.429],[-86.81,45.423],[-86.805,45.407],[-86.824,45.406],[-86.864,45.365],[-86.869,45.333],[-86.895,45.329],[-86.9,45.295],[-86.956,45.352]],[[-92.884,45.575],[-92.869,45.718],[-92.785,45.764],[-92.708,45.895],[-92.294,46.075],[-92.292,46.663],[-92.207,46.652],[-92.188,46.679],[-92.189,46.718],[-92.117,46.749],[-92.089,46.749],[-92.034,46.709],[-91.962,46.683],[-91.79,46.695],[-91.591,46.754],[-91.511,46.757],[-91.369,46.794],[-91.315,46.827],[-91.257,46.837],[-91.227,46.864],[-91.178,46.844],[-91.14,46.873],[-91.135,46.859],[-91.105,46.858],[-91.091,46.883],[-91.053,46.881],[-90.968,46.944],[-90.922,46.931],[-90.856,46.962],[-90.786,46.926],[-90.751,46.888],[-90.799,46.823],[-90.885,46.756],[-90.854,46.693],[-90.911,46.663],[-90.952,46.601],[-90.942,46.588],[-90.906,46.584],[-90.77,46.636],[-90.737,46.692],[-90.558,46.586],[-90.506,46.59],[-90.418,46.566],[-90.4,46.544],[-90.285,46.519],[-90.205,46.479],[-90.167,46.44],[-90.12,46.337],[-89.125,46.145],[-88.816,46.022],[-88.679,46.014],[-88.666,45.988],[-88.617,45.988],[-88.532,46.021],[-88.507,46.018],[-88.49,45.991],[-88.376,45.989],[-88.296,45.952],[-88.25,45.963],[-88.24,45.949],[-88.176,45.945],[-88.103,45.91],[-88.074,45.876],[-88.136,45.819],[-88.094,45.786],[-87.991,45.795],[-87.868,45.749],[-87.807,45.708],[-87.781,45.68],[-87.824,45.659],[-87.792,45.617],[-87.793,45.5],[-87.86,45.423],[-87.888,45.355],[-87.85,45.34],[-87.752,45.352],[-87.694,45.39],[-87.657,45.369],[-87.648,45.339],[-87.742,45.198],[-87.731,45.171],[-87.66,45.108],[-87.587,45.089],[-87.626,45.045],[-87.63,44.977],[-87.767,44.965],[-87.839,44.932],[-87.833,44.881],[-87.866,44.84],[-87.901,44.827],[-87.941,44.756],[-87.983,44.72],[-88.01,44.637],[-87.999,44.609],[-88.042,44.567],[-88.006,44.539],[-87.929,44.536],[-87.901,44.585],[-87.867,44.608],[-87.756,44.649],[-87.72,44.693],[-87.721,44.725],[-87.61,44.838],[-87.515,44.87],[-87.478,44.864],[-87.437,44.893],[-87.41,44.862],[-87.385,44.866],[-87.405,44.912],[-87.322,45.034],[-87.265,45.081],[-87.238,45.167],[-87.195,45.163],[-87.12,45.191],[-87.109,45.257],[-87.078,45.266],[-87.058,45.293],[-86.983,45.295],[-86.97,45.278],[-86.984,45.264],[-86.973,45.246],[-86.986,45.216],[-87.032,45.222],[-87.041,45.212],[-87.045,45.159],[-87.029,45.146],[-87.054,45.12],[-87.048,45.089],[-87.082,45.059],[-87.121,45.058],[-87.139,45.013],[-87.164,45.005],[-87.189,44.969],[-87.172,44.931],[-87.216,44.907],[-87.205,44.876],[-87.267,44.847],[-87.314,44.794],[-87.354,44.702],[-87.468,44.552],[-87.545,44.321],[-87.508,44.23],[-87.513,44.193],[-87.563,44.144],[-87.647,44.105],[-87.656,44.052],[-87.683,44.02],[-87.736,43.88],[-87.726,43.81],[-87.7,43.767],[-87.703,43.688],[-87.79,43.563],[-87.793,43.493],[-87.873,43.38],[-87.912,43.25],[-87.881,43.171],[-87.9,43.126],[-87.866,43.074],[-87.895,43.042],[-87.896,43.016],[-87.845,42.962],[-87.848,42.889],[-87.823,42.835],[-87.767,42.785],[-87.82,42.616],[-87.8,42.492],[-90.641,42.508],[-90.646,42.544],[-90.709,42.636],[-90.949,42.686],[-91.054,42.738],[-91.101,42.883],[-91.146,42.908],[-91.178,43.062],[-91.175,43.135],[-91.058,43.255],[-91.107,43.314],[-91.21,43.372],[-91.218,43.501],[-91.269,43.615],[-91.262,43.792],[-91.284,43.847],[-91.437,44.0],[-91.592,44.031],[-91.721,44.13],[-91.875,44.201],[-91.919,44.323],[-91.964,44.362],[-92.234,44.446],[-92.291,44.485],[-92.314,44.538],[-92.34,44.555],[-92.55,44.576],[-92.632,44.649],[-92.802,44.745],[-92.765,44.836],[-92.751,44.937],[-92.793,45.078],[-92.761,45.279],[-92.705,45.327],[-92.664,45.393],[-92.68,45.464],[-92.726,45.531],[-92.884,45.575]],[[-87.498,45.058],[-87.496,45.061],[-87.49,45.055],[-87.498,45.058]],[[-90.465,47.003],[-90.449,47.066],[-90.394,47.076],[-90.413,47.013],[-90.465,47.003]],[[-90.655,46.919],[-90.601,46.952],[-90.529,46.968],[-90.508,46.957],[-90.549,46.915],[-90.637,46.907],[-90.655,46.919]],[[-90.792,46.785],[-90.733,46.8],[-90.616,46.874],[-90.569,46.847],[-90.676,46.819],[-90.686,46.805],[-90.657,46.789],[-90.717,46.785],[-90.764,46.755],[-90.789,46.753],[-90.792,46.785]]]}},{"type":"Feature","properties":{"s":"WY"},"geometry":{"type":"MultiLineString","coordinates":[[[-111.056,44.936],[-111.044,45.001],[-104.058,44.997],[-104.053,41.001],[-111.047,40.998],[-111.056,44.936]],[[-106.321,40.999],[-106.321,40.999],[-106.321,40.999],[-106.321,40.999]]]}},{"type":"Feature","properties":{"s":"WV"},"geometry":{"type":"LineString","coordinates":[[-82.645,38.165],[-82.604,38.247],[-82.584,38.246],[-82.575,38.264],[-82.594,38.422],[-82.561,38.404],[-82.52,38.408],[-82.33,38.444],[-82.291,38.579],[-82.262,38.598],[-82.177,38.604],[-82.188,38.734],[-82.222,38.787],[-82.139,38.866],[-82.093,38.971],[-82.052,38.994],[-82.036,39.025],[-82.002,39.028],[-81.936,38.989],[-81.898,38.93],[-81.928,38.895],[-81.909,38.878],[-81.76,38.926],[-81.764,39.015],[-81.814,39.073],[-81.747,39.096],[-81.75,39.186],[-81.696,39.243],[-81.606,39.276],[-81.542,39.353],[-81.456,39.409],[-81.413,39.395],[-81.376,39.342],[-81.271,39.386],[-81.216,39.389],[-81.02,39.555],[-80.944,39.607],[-80.88,39.621],[-80.83,39.712],[-80.809,39.913],[-80.74,39.971],[-80.705,40.153],[-80.6,40.318],[-80.619,40.382],[-80.599,40.482],[-80.668,40.582],[-80.627,40.62],[-80.519,40.639],[-80.519,39.722],[-79.477,39.721],[-79.487,39.206],[-79.257,39.356],[-79.213,39.368],[-79.084,39.471],[-79.042,39.479],[-78.969,39.442],[-78.875,39.523],[-78.787,39.627],[-78.76,39.61],[-78.767,39.587],[-78.676,39.541],[-78.469,39.517],[-78.437,39.539],[-78.432,39.561],[-78.458,39.581],[-78.43,39.623],[-78.355,39.641],[-78.271,39.62],[-78.177,39.696],[-78.075,39.667],[-78.01,39.603],[-77.903,39.588],[-77.865,39.516],[-77.808,39.49],[-77.739,39.386],[-77.761,39.339],[-77.719,39.321],[-77.75,39.289],[-77.828,39.132],[-78.347,39.466],[-78.362,39.358],[-78.34,39.353],[-78.438,39.198],[-78.411,39.172],[-78.439,39.132],[-78.572,39.032],[-78.554,39.02],[-78.602,38.965],[-78.788,38.885],[-78.869,38.763],[-79.0,38.846],[-79.055,38.782],[-79.21,38.494],[-79.28,38.425],[-79.312,38.412],[-79.477,38.457],[-79.537,38.551],[-79.649,38.591],[-79.669,38.511],[-79.699,38.475],[-79.69,38.443],[-79.732,38.374],[-79.809,38.309],[-79.789,38.269],[-79.921,38.181],[-79.938,38.13],[-79.931,38.101],[-80.003,37.993],[-80.162,37.875],[-80.257,37.756],[-80.264,37.719],[-80.296,37.691],[-80.267,37.646],[-80.221,37.628],[-80.33,37.536],[-80.315,37.501],[-80.476,37.423],[-80.512,37.481],[-80.77,37.372],[-80.859,37.429],[-80.873,37.372],[-80.849,37.347],[-80.948,37.296],[-81.113,37.279],[-81.225,37.235],[-81.362,37.338],[-81.41,37.285],[-81.504,37.25],[-81.507,37.234],[-81.557,37.208],[-81.679,37.202],[-81.744,37.244],[-81.758,37.274],[-81.843,37.286],[-81.879,37.332],[-81.926,37.357],[-81.936,37.438],[-81.992,37.461],[-81.993,37.483],[-81.929,37.513],[-81.968,37.538],[-82.049,37.531],[-82.117,37.56],[-82.142,37.595],[-82.297,37.687],[-82.326,37.736],[-82.33,37.776],[-82.5,37.937],[-82.465,37.985],[-82.52,38.009],[-82.547,38.061],[-82.636,38.138],[-82.645,38.165]]}},{"type":"Feature","properties":{"s":"VT"},"geometry":{"type":"LineString","coordinates":[[-73.437,44.047],[-73.391,44.191],[-73.325,44.244],[-73.315,44.389],[-73.294,44.439],[-73.307,44.5],[-73.374,44.575],[-73.39,44.618],[-73.34,44.779],[-73.37,44.829],[-73.343,45.011],[-71.465,45.014],[-71.537,44.994],[-71.496,44.905],[-71.627,44.748],[-71.536,44.588],[-71.58,44.507],[-71.709,44.412],[-71.794,44.399],[-71.816,44.367],[-72.012,44.321],[-72.059,44.286],[-72.064,44.188],[-72.04,44.156],[-72.113,43.988],[-72.104,43.951],[-72.121,43.919],[-72.167,43.886],[-72.205,43.772],[-72.303,43.703],[-72.33,43.6],[-72.396,43.521],[-72.397,43.317],[-72.452,43.161],[-72.433,43.114],[-72.444,43.006],[-72.556,42.867],[-72.543,42.808],[-72.478,42.762],[-72.459,42.727],[-73.276,42.746],[-73.291,42.802],[-73.279,42.834],[-73.242,43.535],[-73.306,43.628],[-73.367,43.623],[-73.4,43.569],[-73.431,43.588],[-73.422,43.647],[-73.35,43.771],[-73.388,43.832],[-73.406,44.016],[-73.437,44.047]]}},{"type":"Feature","properties":{"s":"DE"},"geometry":{"type":"MultiLineString","coordinates":[[[-75.788,39.722],[-75.717,39.792],[-75.635,39.83],[-75.499,39.833],[-75.415,39.802],[-75.51,39.686],[-75.53,39.692],[-75.613,39.621],[-75.612,39.597],[-75.563,39.562],[-75.561,39.52],[-75.588,39.496],[-75.59,39.462],[-75.539,39.417],[-75.492,39.344],[-75.439,39.313],[-75.403,39.255],[-75.402,39.067],[-75.318,38.988],[-75.304,38.913],[-75.19,38.807],[-75.134,38.782],[-75.089,38.797],[-75.049,38.451],[-75.694,38.46],[-75.788,39.722]],[[-75.572,39.624],[-75.559,39.63],[-75.556,39.606],[-75.562,39.605],[-75.572,39.624]],[[-75.58,39.599],[-75.566,39.591],[-75.565,39.583],[-75.576,39.588],[-75.58,39.599]]]}},{"type":"Feature","properties":{"s":"DC"},"geometry":{"type":"LineString","coordinates":[[-77.12,38.934],[-77.041,38.995],[-76.909,38.893],[-77.039,38.792],[-77.041,38.871],[-77.12,38.934]]}},{"type":"Feature","properties":{"s":"NH"},"geometry":{"type":"LineString","coordinates":[[-72.556,42.867],[-72.444,43.006],[-72.433,43.114],[-72.452,43.161],[-72.397,43.316],[-72.396,43.521],[-72.33,43.6],[-72.303,43.703],[-72.205,43.772],[-72.167,43.886],[-72.121,43.919],[-72.104,43.95],[-72.113,43.988],[-72.04,44.156],[-72.064,44.188],[-72.065,44.277],[-72.012,44.321],[-71.816,44.367],[-71.794,44.399],[-71.709,44.412],[-71.58,44.507],[-71.536,44.588],[-71.627,44.748],[-71.496,44.905],[-71.539,44.988],[-71.465,45.013],[-71.502,45.013],[-71.496,45.069],[-71.429,45.124],[-71.398,45.204],[-71.443,45.235],[-71.284,45.302],[-71.233,45.257],[-71.139,45.243],[-71.084,45.305],[-71.038,44.756],[-70.973,43.57],[-70.953,43.553],[-70.988,43.391],[-70.967,43.344],[-70.818,43.238],[-70.828,43.129],[-70.704,43.06],[-70.719,43.032],[-70.796,42.936],[-70.817,42.872],[-70.849,42.861],[-70.886,42.883],[-70.931,42.885],[-71.15,42.815],[-71.186,42.791],[-71.182,42.738],[-71.245,42.743],[-71.294,42.697],[-72.459,42.727],[-72.478,42.762],[-72.543,42.808],[-72.556,42.867]]}},{"type":"Feature","properties":{"s":"RI"},"geometry":{"type":"MultiLineString","coordinates":[[[-71.363,41.46],[-71.317,41.478],[-71.331,41.518],[-71.285,41.577],[-71.272,41.624],[-71.212,41.642],[-71.196,41.675],[-71.135,41.661],[-71.121,41.497],[-71.197,41.461],[-71.216,41.625],[-71.241,41.619],[-71.228,41.528],[-71.241,41.475],[-71.286,41.488],[-71.311,41.451],[-71.363,41.46]],[[-71.863,41.31],[-71.831,41.345],[-71.843,41.41],[-71.798,41.417],[-71.799,42.008],[-71.381,42.019],[-71.377,41.894],[-71.339,41.894],[-71.328,41.781],[-71.261,41.752],[-71.225,41.71],[-71.241,41.698],[-71.242,41.667],[-71.26,41.643],[-71.281,41.673],[-71.301,41.65],[-71.291,41.703],[-71.343,41.729],[-71.366,41.712],[-71.378,41.667],[-71.391,41.684],[-71.449,41.688],[-71.444,41.665],[-71.409,41.663],[-71.404,41.589],[-71.448,41.58],[-71.417,41.535],[-71.418,41.473],[-71.483,41.372],[-71.555,41.373],[-71.863,41.31]],[[-71.409,41.654],[-71.409,41.654],[-71.409,41.654],[-71.409,41.654]],[[-71.284,41.638],[-71.278,41.647],[-71.274,41.638],[-71.284,41.638]],[[-71.366,41.661],[-71.339,41.659],[-71.343,41.64],[-71.306,41.623],[-71.317,41.583],[-71.336,41.586],[-71.326,41.624],[-71.347,41.632],[-71.366,41.661]],[[-71.343,41.496],[-71.327,41.491],[-71.328,41.483],[-71.328,41.483],[-71.343,41.496]],[[-71.4,41.449],[-71.396,41.492],[-71.379,41.505],[-71.392,41.524],[-71.37,41.574],[-71.36,41.483],[-71.4,41.449]],[[-71.613,41.16],[-71.574,41.228],[-71.561,41.224],[-71.566,41.184],[-71.547,41.154],[-71.6,41.147],[-71.613,41.16]]]}}]}