fips,county,state,first_record_year,records,lizard_and_snake_records,normal_djf_tmin_c,population_2020,area_km2,density_per_km2,dist_interstate_km,interstate_km_in_county,dist_city100k_km,nearest_city100k,effort_status
01001,Autauga,AL,,0,197,2.84,58805,1539.6,38.2,5.9,24.9,23.0,"Montgomery, Alabama",
01009,Blount,AL,,0,403,1.24,59134,1670.0,35.41,23.9,11.6,52.2,"Birmingham, Alabama",
01017,Chambers,AL,,0,222,1.48,34772,1545.0,22.51,5.5,18.3,50.9,"Columbus, Georgia",
01021,Chilton,AL,,0,156,2.07,45014,1794.5,25.08,5.7,45.1,67.7,"Montgomery, Alabama",
01033,Colbert,AL,,0,292,0.18,57227,1534.9,37.28,68.2,0.0,99.5,"Huntsville, Alabama",
01045,Dale,AL,,0,169,4.39,49326,1453.4,33.94,69.1,0.0,126.0,"Montgomery, Alabama",
01051,Elmore,AL,,0,860,2.7,87977,1601.9,54.92,17.2,9.6,22.5,"Montgomery, Alabama",
01065,Hale,AL,,0,120,2.65,14785,1667.8,8.86,27.1,0.0,112.4,"Birmingham, Alabama",
01079,Lawrence,AL,,0,300,0.23,33073,1788.8,18.49,33.9,0.0,65.8,"Huntsville, Alabama",
01083,Limestone,AL,,0,394,0.29,103570,1450.2,71.42,0.1,58.7,31.6,"Huntsville, Alabama",
01099,Monroe,AL,,0,157,4.08,19772,2656.5,7.44,28.1,0.0,110.0,"Mobile, Alabama",
01107,Pickens,AL,,0,38,2.13,19123,2282.8,8.38,42.1,0.0,120.4,"Birmingham, Alabama",
01121,Talladega,AL,,0,155,1.44,82149,1908.2,43.05,23.9,28.7,60.9,"Birmingham, Alabama",
05141,Van Buren,AR,,0,138,-1.13,15796,1834.1,8.61,47.6,0.0,92.7,"Little Rock, Arkansas",
05145,White,AR,,0,349,0.45,76822,2680.8,28.66,48.6,0.0,72.3,"Little Rock, Arkansas",
06005,Amador,CA,,0,662,2.16,40474,1540.0,26.28,57.4,0.0,51.4,"Elk Grove, California",
06021,Glenn,CA,,0,364,2.75,28917,3403.1,8.5,2.2,46.6,127.7,"Roseville, California",
06033,Lake,CA,,0,1739,2.32,68163,3254.2,20.95,54.0,0.0,60.1,"Santa Rosa, California",
06043,Mariposa,CA,,0,3447,-0.06,17131,3752.4,4.57,101.9,0.0,89.7,"Fresno, California",
06055,Napa,CA,,0,3001,3.74,138019,1938.3,71.21,19.7,2.3,25.4,"Vallejo, California",
06089,Shasta,CA,,0,7178,0.07,182155,9778.3,18.63,5.2,100.1,222.0,"Roseville, California",
06099,Stanislaus,CA,,0,817,4.0,552878,3871.6,142.8,25.9,45.6,4.3,"Modesto, California",
06115,Yuba,CA,,0,472,3.54,81575,1636.5,49.85,43.3,0.0,46.7,"Roseville, California",
08003,Alamosa,CO,,0,137,-13.53,16376,1871.6,8.75,96.3,0.0,140.4,"Pueblo, Colorado",
08013,Boulder,CO,,0,3012,-8.48,330758,1881.1,175.83,17.1,0.0,9.3,"Boulder, Colorado",
08014,Broomfield,CO,,0,81,-7.0,74112,85.6,866.22,5.9,7.4,10.9,"Thornton, Colorado",
08025,Crowley,CO,,0,53,-8.59,5922,2039.4,2.9,65.4,0.0,65.6,"Pueblo, Colorado",
08031,Denver,CO,,0,461,-7.25,715522,396.3,1805.65,3.2,38.7,3.8,"Denver, Colorado",
08035,Douglas,CO,,0,1341,-8.46,357978,2176.2,164.49,0.4,50.4,11.1,"Centennial, Colorado",
08047,Gilpin,CO,,0,38,-9.77,5808,388.2,14.96,12.2,0.0,25.3,"Boulder, Colorado",
12083,Marion,FL,,0,7522,8.31,375908,4104.0,91.6,5.7,60.9,60.3,"Gainesville, Florida",
12087,Monroe,FL,,0,14477,15.55,82874,2546.7,32.54,154.3,0.0,154.4,"Miami, Florida",
12095,Orange,FL,,0,17690,10.79,1429908,2339.9,611.11,0.4,39.6,1.6,"Orlando, Florida",
12111,St. Lucie,FL,,0,2204,12.61,329226,1481.3,222.26,1.6,43.0,6.7,"Port St. Lucie, Florida",
12119,Sumter,FL,,0,872,9.06,129752,1416.6,91.6,6.1,45.6,71.1,"Orlando, Florida",
12125,Union,FL,,0,123,6.49,16147,630.8,25.6,21.3,0.0,40.0,"Gainesville, Florida",
13001,Appling,GA,,0,43,4.55,18444,1313.3,14.04,68.9,0.0,121.7,"Savannah, Georgia",
13013,Barrow,GA,,0,116,1.44,83505,415.2,201.12,14.1,3.0,34.3,"Athens-Clarke County, Georgia",
13029,Bryan,GA,,0,497,5.0,44738,1129.2,39.62,2.0,33.0,27.6,"Savannah, Georgia",
13043,Candler,GA,,0,53,4.01,10981,629.5,17.44,3.4,27.8,96.7,"Savannah, Georgia",
13055,Chattooga,GA,,0,59,0.66,24965,811.5,30.76,29.4,0.0,61.6,"Chattanooga, Tennessee",
13059,Clarke,GA,,0,1729,1.55,128671,308.7,416.78,32.7,0.0,2.2,"Athens-Clarke County, Georgia",
13071,Colquitt,GA,,0,137,4.69,45898,1409.4,32.57,29.7,0.0,95.8,"Tallahassee, Florida",
13079,Crawford,GA,,0,19,2.39,12130,841.5,14.42,18.3,1.4,102.5,"Columbus, Georgia",
13091,Dodge,GA,,0,26,3.98,19925,1284.4,15.51,35.1,0.0,172.1,"Columbus, Georgia",
13107,Emanuel,GA,,0,154,3.54,22768,1762.8,12.92,19.7,15.3,102.7,"Augusta-Richmond County, Georgia",
13113,Fayette,GA,,0,381,1.81,119194,503.3,236.8,14.4,0.0,37.7,"Atlanta, Georgia",
13123,Gilmer,GA,,0,241,-0.77,31353,1104.7,28.38,32.6,0.0,85.4,"Chattanooga, Tennessee",
08053,Hinsdale,CO,,0,34,-13.53,788,2893.7,0.27,153.9,0.0,233.6,"Colorado Springs, Colorado",
08057,Jackson,CO,,0,14,-13.27,1379,4179.5,0.33,86.8,0.0,102.3,"Fort Collins, Colorado",
08059,Jefferson,CO,,0,2493,-8.06,582910,1979.3,294.5,0.4,31.6,4.7,"Lakewood, Colorado",
08073,Lincoln,CO,,0,207,-9.02,5675,6676.0,0.85,9.9,47.6,110.6,"Colorado Springs, Colorado",
08083,Montezuma,CO,,0,2162,-7.27,25849,5256.5,4.92,190.2,0.0,309.4,"Albuquerque, New Mexico",
08095,Phillips,CO,,0,52,-8.7,4530,1781.7,2.54,35.4,0.0,226.5,"Fort Collins, Colorado",
08105,Rio Grande,CO,,0,122,-13.74,11539,2362.0,4.89,124.0,0.0,159.4,"Pueblo, Colorado",
08111,San Juan,CO,,0,14,-12.48,705,1003.6,0.7,158.5,0.0,271.2,"Pueblo, Colorado",
08123,Weld,CO,,0,2495,-9.1,328981,10326.9,31.86,14.1,103.6,37.6,"Fort Collins, Colorado",
09015,Windham,CT,,0,253,-6.41,116418,1328.4,87.64,9.5,47.7,47.9,"Providence, Rhode Island",
12001,Alachua,FL,,0,17754,7.19,278468,2266.3,122.87,2.5,55.6,6.6,"Gainesville, Florida",
12013,Calhoun,FL,,0,308,5.56,13648,1469.4,9.29,22.9,0.0,81.1,"Tallahassee, Florida",
12023,Columbia,FL,,0,1294,6.09,69698,2065.7,33.74,0.7,83.0,61.6,"Gainesville, Florida",
12039,Gadsden,FL,,0,682,5.33,43826,1337.3,32.77,6.3,51.6,32.8,"Tallahassee, Florida",
12055,Highlands,FL,,0,2404,11.11,101235,2633.0,38.45,77.4,0.0,80.9,"Lakeland, Florida",
12059,Holmes,FL,,0,200,4.86,19653,1240.0,15.85,9.6,28.4,148.1,"Tallahassee, Florida",
12073,Leon,FL,,0,4179,5.56,292198,1727.1,169.18,3.2,38.7,3.3,"Tallahassee, Florida",
04003,Cochise,AZ,,0,26716,-0.18,125447,15969.1,7.86,44.2,152.5,105.8,"Tucson, Arizona",
04013,Maricopa,AZ,,0,25674,5.1,4420568,23828.3,185.52,5.1,331.2,5.4,"Phoenix, Arizona",
05001,Arkansas,AR,,0,193,1.92,17149,2560.9,6.7,46.9,0.0,84.6,"Little Rock, Arkansas",
05009,Boone,AR,,0,94,-2.38,37373,1528.7,24.45,93.9,0.0,107.0,"Springfield, Missouri",
05019,Clark,AR,,0,67,0.68,21446,2243.1,9.56,1.4,45.7,105.0,"Little Rock, Arkansas",
05029,Conway,AR,,0,269,-0.37,20715,1430.3,14.48,4.8,31.2,64.4,"Little Rock, Arkansas",
05043,Drew,AR,,0,126,2.23,17350,2145.4,8.09,66.6,0.0,133.4,"Little Rock, Arkansas",
05051,Garland,AR,,0,903,0.27,100180,1755.4,57.07,24.1,0.0,76.8,"Little Rock, Arkansas",
05061,Howard,AR,,0,69,0.51,12785,1524.3,8.39,42.6,0.0,163.2,"Shreveport, Louisiana",
05071,Johnson,AR,,0,198,-1.03,25749,1708.9,15.07,0.8,43.2,134.6,"Little Rock, Arkansas",
05085,Lonoke,AR,,0,3297,0.94,74015,1996.2,37.08,12.6,34.7,34.4,"Little Rock, Arkansas",
05097,Montgomery,AR,,0,322,-0.11,8484,2019.9,4.2,62.2,0.0,124.0,"Little Rock, Arkansas",
05101,Newton,AR,,0,358,-2.01,7225,2126.1,3.4,63.6,0.0,137.8,"Springfield, Missouri",
05111,Poinsett,AR,,0,129,0.42,22965,1964.2,11.69,35.0,0.0,68.6,"Memphis, Tennessee",
05123,St. Francis,AR,,0,80,1.26,23090,1644.1,14.04,0.4,73.9,67.3,"Memphis, Tennessee",
05129,Searcy,AR,,0,163,-1.99,7828,1725.2,4.54,78.3,0.0,135.9,"Little Rock, Arkansas",
13309,Wheeler,GA,,0,45,4.06,7471,765.3,9.76,32.6,0.0,155.7,"Savannah, Georgia",
13313,Whitfield,GA,,0,105,0.32,102864,752.3,136.73,3.1,28.7,42.0,"Chattanooga, Tennessee",
13319,Wilkinson,GA,,0,29,3.08,8877,1158.5,7.66,27.1,0.0,124.2,"Athens-Clarke County, Georgia",
16015,Boise,ID,,0,309,-7.8,7610,4919.0,1.55,37.8,0.0,37.0,"Boise City, Idaho",
16021,Boundary,ID,,0,48,-6.99,12056,3285.6,3.67,116.5,0.0,143.3,"Spokane, Washington",
16045,Gem,ID,,0,63,-5.05,19123,1452.7,13.16,21.4,0.0,37.7,"Boise City, Idaho",
16051,Jefferson,ID,,0,102,-11.54,30891,2832.2,10.91,12.8,49.0,327.3,"Salt Lake City, Utah",
16057,Latah,ID,,0,282,-4.04,39517,2786.8,14.18,99.2,0.0,108.0,"Spokane, Washington",
16067,Minidoka,ID,,0,9,-7.93,21613,1962.2,11.01,4.4,24.4,231.7,"Boise City, Idaho",
16081,Teton,ID,,0,46,-11.1,11630,1164.1,9.99,77.8,0.0,311.6,"Billings, Montana",
17005,Bond,IL,,0,14,-4.14,16725,984.9,16.98,3.4,32.9,72.1,"St. Louis, Missouri",
17009,Brown,IL,,0,11,-5.9,6244,791.5,7.89,32.4,0.0,95.3,"Springfield, Illinois",
17019,Champaign,IL,,0,910,-6.14,205865,2580.3,79.78,1.0,123.6,125.8,"Springfield, Illinois",
17029,Coles,IL,,0,337,-5.12,46863,1316.5,35.6,5.4,32.8,122.3,"Springfield, Illinois",
17035,Cumberland,IL,,0,11,-4.71,10450,896.2,11.66,6.5,49.8,129.7,"Springfield, Illinois",
17049,Effingham,IL,,0,48,-4.46,34668,1240.0,27.96,0.6,74.8,119.8,"Springfield, Illinois",
17055,Franklin,IL,,0,43,-3.03,37804,1059.0,35.7,1.9,29.9,120.3,"Evansville, Indiana",
17065,Hamilton,IL,,0,8,-3.07,7993,1125.8,7.1,19.8,0.0,86.9,"Evansville, Indiana",
18051,Gibson,IN,,0,50,-3.24,33011,1262.6,26.15,15.1,18.5,37.5,"Evansville, Indiana",
18059,Hancock,IN,,0,30,-5.17,79840,792.6,100.73,0.9,30.1,28.4,"Indianapolis, Indiana",
18069,Huntington,IN,,0,66,-6.06,36662,991.1,36.99,11.6,31.8,37.3,"Fort Wayne, Indiana",
18079,Jennings,IN,,0,118,-3.95,27613,975.3,28.31,16.4,0.0,84.9,"Louisville, Kentucky",
18085,Kosciusko,IN,,0,41,-6.73,80240,1376.3,58.3,52.2,0.0,57.5,"South Bend, Indiana",
18095,Madison,IN,,0,76,-5.38,130129,1170.5,111.18,7.6,29.4,54.3,"Indianapolis, Indiana",
18105,Monroe,IN,,0,819,-4.73,139718,1021.8,136.74,46.3,0.0,75.3,"Indianapolis, Indiana",
18115,Ohio,IN,,0,26,-3.64,5940,223.1,26.62,17.6,0.0,38.0,"Cincinnati, Ohio",
18125,Pike,IN,,0,48,-3.7,12250,865.7,14.15,25.4,0.0,58.9,"Evansville, Indiana",
18131,Pulaski,IN,,0,50,-6.79,12514,1123.1,11.14,46.5,0.0,78.7,"South Bend, Indiana",
18139,Rush,IN,,0,18,-4.98,16752,1057.0,15.85,22.6,0.6,60.3,"Indianapolis, Indiana",
18153,Sullivan,IN,,0,43,-4.38,20817,1158.1,17.98,36.7,0.0,127.8,"Evansville, Indiana",
18173,Warrick,IN,,0,30,-3.08,63898,996.7,64.11,9.0,42.7,19.3,"Evansville, Indiana",
18179,Wells,IN,,0,33,-5.92,28180,953.3,29.56,14.4,2.3,34.8,"Fort Wayne, Indiana",
18183,Whitley,IN,,0,68,-6.65,34191,869.1,39.34,22.3,0.0,29.7,"Fort Wayne, Indiana",
19009,Audubon,IA,,0,4,-9.99,5674,1147.3,4.95,20.6,0.0,100.8,"Omaha, Nebraska",
19017,Bremer,IA,,0,17,-11.05,24988,1127.9,22.15,32.6,0.0,103.4,"Cedar Rapids, Iowa",
19021,Buena Vista,IA,,0,5,-11.19,20823,1489.0,13.98,100.2,0.0,158.4,"Sioux Falls, South Dakota",
19031,Cedar,IA,,0,10,-8.94,18505,1500.7,12.33,12.8,38.8,49.9,"Cedar Rapids, Iowa",
19039,Clarke,IA,,0,9,-8.63,9748,1116.7,8.73,1.1,30.0,65.0,"Des Moines, Iowa",
17073,Henry,IL,,0,17,-7.97,49284,2131.5,23.12,7.1,90.3,41.4,"Davenport, Iowa",
17077,Jackson,IL,,0,695,-3.02,52974,1512.8,35.02,28.2,0.0,126.7,"St. Louis, Missouri",
17079,Jasper,IL,,0,24,-4.3,9287,1280.8,7.25,25.3,0.0,126.5,"Evansville, Indiana",
17089,Kane,IL,,0,274,-8.05,516522,1346.9,383.48,14.8,56.2,12.7,"Elgin, Illinois",
17103,Lee,IL,,0,70,-8.38,34145,1877.5,18.19,1.6,77.8,57.2,"Rockford, Illinois",
17107,Logan,IL,,0,17,-6.09,27987,1600.8,17.48,4.4,67.7,47.2,"Springfield, Illinois",
17121,Marion,IL,,0,26,-3.9,37729,1482.4,25.45,4.9,45.7,102.2,"St. Louis, Missouri",
17129,Menard,IL,,0,37,-5.79,12297,814.4,15.1,19.7,0.0,27.2,"Springfield, Illinois",
17139,Moultrie,IL,,0,23,-5.34,14526,870.1,16.69,25.5,0.0,89.7,"Springfield, Illinois",
17145,Perry,IL,,0,14,-3.32,20945,1144.2,18.31,34.8,0.0,99.2,"St. Louis, Missouri",
17155,Putnam,IL,,0,54,-7.39,5637,414.8,13.59,15.2,0.0,65.8,"Peoria, Illinois",
17169,Schuyler,IL,,0,43,-6.16,6902,1132.5,6.09,50.1,0.0,87.0,"Springfield, Illinois",
17175,Stark,IL,,0,4,-7.7,5400,746.1,7.24,30.2,0.0,48.4,"Peoria, Illinois",
17179,Tazewell,IL,,0,47,-6.51,131343,1680.8,78.14,2.9,66.8,11.1,"Peoria, Illinois",
17189,Washington,IL,,0,4,-3.58,13761,1457.1,9.44,4.3,39.8,75.6,"St. Louis, Missouri",
17203,Woodford,IL,,0,50,-7.01,38467,1367.0,28.14,16.4,44.4,26.3,"Peoria, Illinois",
18009,Blackford,IN,,0,2,-5.63,12112,427.6,28.33,17.2,0.0,70.6,"Fort Wayne, Indiana",
18011,Boone,IN,,0,59,-6.02,70812,1095.3,64.65,2.3,55.0,32.6,"Indianapolis, Indiana",
18021,Clay,IN,,0,47,-5.01,26466,926.0,28.58,1.7,20.0,88.7,"Indianapolis, Indiana",
18033,DeKalb,IN,,0,22,-6.81,43265,939.7,46.04,3.4,29.8,34.5,"Fort Wayne, Indiana",
13125,Glascock,GA,,0,8,2.51,2884,372.3,7.75,28.3,0.0,61.4,"Augusta-Richmond County, Georgia",
13129,Gordon,GA,,0,114,0.44,57544,921.5,62.44,0.5,27.6,71.3,"Chattanooga, Tennessee",
13131,Grady,GA,,0,84,5.02,26236,1177.2,22.29,42.0,0.0,49.7,"Tallahassee, Florida",
13139,Hall,GA,,0,456,1.02,203136,1017.3,199.68,2.1,23.9,57.2,"Athens-Clarke County, Georgia",
13157,Jackson,GA,,0,181,1.48,75907,879.7,86.29,4.8,34.9,29.7,"Athens-Clarke County, Georgia",
13169,Jones,GA,,0,308,2.12,28347,1020.3,27.78,14.1,0.0,112.1,"Athens-Clarke County, Georgia",
13175,Laurens,GA,,0,62,3.63,49570,2090.9,23.71,3.1,52.6,136.4,"Augusta-Richmond County, Georgia",
13187,Lumpkin,GA,,0,423,-0.37,33488,732.8,45.7,30.3,0.0,86.1,"Athens-Clarke County, Georgia",
13197,Marion,GA,,0,81,2.95,7498,947.9,7.91,37.5,0.0,44.2,"Columbus, Georgia",
13201,Miller,GA,,0,37,4.74,6000,731.5,8.2,59.8,0.0,91.4,"Tallahassee, Florida",
13217,Newton,GA,,0,226,1.41,112483,704.9,159.57,4.3,24.1,49.3,"Atlanta, Georgia",
13225,Peach,GA,,0,31,2.75,27981,389.2,71.9,7.4,19.2,109.8,"Columbus, Georgia",
13233,Polk,GA,,0,86,0.8,42853,803.8,53.32,35.6,0.0,77.9,"Atlanta, Georgia",
13243,Randolph,GA,,0,13,3.75,6425,1109.1,5.79,73.7,0.0,81.2,"Columbus, Georgia",
13253,Seminole,GA,,0,21,5.09,9147,609.2,15.01,36.8,0.0,81.2,"Tallahassee, Florida",
13265,Taliaferro,GA,,0,10,1.79,1559,504.0,3.09,4.9,18.4,60.9,"Athens-Clarke County, Georgia",
13277,Tift,GA,,0,238,4.45,41344,670.6,61.65,1.4,32.2,134.6,"Tallahassee, Florida",
13285,Troup,GA,,0,63,1.71,69426,1072.2,64.75,3.3,67.1,64.5,"Columbus, Georgia",
13293,Upson,GA,,0,49,2.22,27700,837.7,33.07,36.9,0.0,79.3,"Columbus, Georgia",
13303,Washington,GA,,0,25,2.86,19988,1757.2,11.38,54.6,0.0,90.8,"Augusta-Richmond County, Georgia",
20027,Clay,KS,,0,56,-6.32,8117,1671.3,4.86,42.1,0.0,127.1,"Topeka, Kansas",
20029,Cloud,KS,,0,68,-6.58,9032,1852.7,4.87,71.7,0.0,165.4,"Lincoln, Nebraska",
20039,Decatur,KS,,0,23,-7.98,2764,2314.2,1.19,67.8,0.0,339.9,"Lincoln, Nebraska",
20049,Elk,KS,,0,785,-4.07,2483,1668.6,1.49,74.1,0.0,100.5,"Wichita, Kansas",
20065,Graham,KS,,0,53,-7.04,2415,2327.2,1.04,38.4,0.0,287.0,"Wichita, Kansas",
20075,Hamilton,KS,,0,161,-6.94,2518,2580.9,0.98,151.2,0.0,249.3,"Pueblo, Colorado",
20085,Jackson,KS,,0,48,-6.63,13232,1699.6,7.79,39.6,0.0,39.2,"Topeka, Kansas",
20095,Kingman,KS,,0,236,-4.56,7470,2236.1,3.34,60.9,0.0,67.2,"Wichita, Kansas",
20105,Lincoln,KS,,0,160,-6.37,2939,1863.2,1.58,20.4,11.0,167.9,"Wichita, Kansas",
20115,Marion,KS,,0,38,-5.17,11823,2445.7,4.83,32.2,0.0,73.5,"Wichita, Kansas",
20127,Morris,KS,,0,81,-5.65,5386,1800.8,2.99,40.4,0.0,86.7,"Topeka, Kansas",
20135,Ness,KS,,0,67,-6.63,2687,2783.6,0.97,57.2,0.0,239.9,"Wichita, Kansas",
20145,Pawnee,KS,,0,64,-5.97,6253,1953.5,3.2,76.9,0.0,167.0,"Wichita, Kansas",
20155,Reno,KS,,0,387,-5.12,61898,3251.3,19.04,39.9,0.0,65.9,"Wichita, Kansas",
20163,Rooks,KS,,0,194,-6.98,4919,2306.5,2.13,45.5,0.0,250.4,"Wichita, Kansas",
20173,Sedgwick,KS,2025,2,1214,-4.26,523824,2583.5,202.75,3.0,102.2,1.2,"Wichita, Kansas",
20185,Stafford,KS,,0,438,-5.64,4072,2051.4,1.98,95.5,0.0,126.9,"Wichita, Kansas",
20195,Trego,KS,,0,387,-6.77,2808,2303.7,1.22,0.7,49.0,265.1,"Wichita, Kansas",
20203,Wichita,KS,,0,18,-7.33,2152,1861.1,1.16,83.9,0.0,283.3,"Pueblo, Colorado",
20205,Wilson,KS,,0,407,-3.72,8624,1477.4,5.84,97.5,0.0,141.0,"Wichita, Kansas",
21183,Ohio,KY,,0,19,-2.13,23772,1521.0,15.63,67.4,0.0,83.9,"Evansville, Indiana",
21187,Owen,KY,,0,11,-3.22,11278,909.4,12.4,20.1,0.0,61.9,"Lexington-Fayette, Kentucky",
21189,Owsley,KY,,0,6,-2.47,4051,511.3,7.92,49.8,0.0,97.2,"Lexington-Fayette, Kentucky",
21199,Pulaski,KY,,0,118,-2.4,65034,1705.3,38.14,37.1,0.0,106.7,"Lexington-Fayette, Kentucky",
21209,Scott,KY,,0,60,-3.16,57155,729.8,78.32,2.5,45.2,22.0,"Lexington-Fayette, Kentucky",
21219,Todd,KY,,0,25,-1.47,12243,969.9,12.62,23.8,0.1,35.7,"Clarksville, Tennessee",
21229,Washington,KY,,0,5,-2.75,12027,769.9,15.62,46.6,0.0,68.9,"Lexington-Fayette, Kentucky",
22001,Acadia,LA,,0,167,6.55,57576,1696.8,33.93,5.1,42.6,32.5,"Lafayette, Louisiana",
22013,Bienville,LA,,0,172,2.91,12981,2101.2,6.18,19.9,27.6,64.7,"Shreveport, Louisiana",
22033,East Baton Rouge,LA,,0,4594,5.81,456781,1179.4,387.29,4.6,38.9,3.9,"Baton Rouge, Louisiana",
22053,Jefferson Davis,LA,,0,209,6.65,32250,1686.9,19.12,0.8,36.8,69.8,"Lafayette, Louisiana",
22073,Ouachita,LA,,0,1052,2.97,160368,1580.9,101.44,1.4,46.0,151.2,"Shreveport, Louisiana",
22077,Pointe Coupee,LA,,0,80,5.67,20758,1443.5,14.38,27.5,0.0,41.0,"Baton Rouge, Louisiana",
22089,St. Charles,LA,,0,273,7.71,52549,722.8,72.7,1.2,34.0,29.4,"New Orleans, Louisiana",
22105,Tangipahoa,LA,,0,714,5.28,133157,2049.4,64.97,5.1,111.7,67.2,"Baton Rouge, Louisiana",
22115,Vernon,LA,,0,368,4.68,48750,3439.3,14.17,55.7,0.0,140.7,"Beaumont, Texas",
21003,Allen,KY,,0,29,-1.44,20588,891.8,23.09,23.7,0.0,83.1,"Nashville, Tennessee",
21009,Barren,KY,,0,98,-1.93,44485,1262.7,35.23,15.3,12.9,119.9,"Nashville, Tennessee",
21017,Bourbon,KY,,0,22,-3.18,20252,750.4,26.99,18.9,0.0,28.9,"Lexington-Fayette, Kentucky",
21025,Breathitt,KY,,0,82,-2.53,13718,1275.3,10.76,74.7,0.0,114.4,"Lexington-Fayette, Kentucky",
21031,Butler,KY,,0,12,-1.78,12371,1103.6,11.21,36.1,0.0,97.8,"Clarksville, Tennessee",
21043,Carter,KY,,0,81,-3.59,26627,1060.6,25.11,1.3,48.5,131.1,"Lexington-Fayette, Kentucky",
21053,Clinton,KY,,0,11,-1.88,9253,510.9,18.11,66.1,0.0,137.2,"Knoxville, Tennessee",
21063,Elliott,KY,,0,12,-3.4,7354,606.9,12.12,22.9,0.0,121.6,"Lexington-Fayette, Kentucky",
21077,Gallatin,KY,,0,8,-3.26,8690,262.2,33.14,2.8,25.0,47.3,"Cincinnati, Ohio",
21087,Green,KY,,0,16,-2.36,11107,740.8,14.99,32.1,0.0,112.2,"Louisville, Kentucky",
21099,Hart,KY,,0,43,-2.36,19288,1067.3,18.07,1.8,33.0,109.6,"Louisville, Kentucky",
21103,Henry,KY,,0,13,-3.28,15678,741.5,21.14,9.4,20.7,53.9,"Louisville, Kentucky",
21115,Johnson,KY,,0,34,-3.01,22680,678.5,33.43,57.7,0.0,148.7,"Lexington-Fayette, Kentucky",
21121,Knox,KY,,0,28,-2.35,30193,1000.5,30.18,18.5,0.0,105.5,"Knoxville, Tennessee",
21137,Lincoln,KY,,0,54,-2.77,24275,865.3,28.05,28.8,0.0,65.2,"Lexington-Fayette, Kentucky",
21143,Lyon,KY,,0,292,-1.58,8680,553.8,15.67,0.9,34.0,87.5,"Clarksville, Tennessee",
21151,Madison,KY,,0,710,-2.57,92701,1132.6,81.85,2.8,40.2,41.9,"Lexington-Fayette, Kentucky",
21157,Marshall,KY,,0,137,-1.35,31659,780.2,40.58,10.2,18.5,96.0,"Clarksville, Tennessee",
21169,Metcalfe,KY,,0,15,-2.44,10286,750.2,13.71,33.8,0.0,137.2,"Nashville, Tennessee",
21175,Morgan,KY,,0,27,-3.02,13726,987.1,13.91,36.0,0.0,108.4,"Lexington-Fayette, Kentucky",
19045,Clinton,IA,,0,40,-8.69,46460,1799.8,25.81,26.7,0.0,41.6,"Davenport, Iowa",
19047,Crawford,IA,,0,0,-10.15,16525,1849.7,8.93,59.9,0.0,101.6,"Omaha, Nebraska",
19055,Delaware,IA,,0,11,-10.41,17488,1496.4,11.69,48.1,0.0,60.9,"Cedar Rapids, Iowa",
19063,Emmet,IA,,0,1,-12.04,9388,1025.3,9.16,30.0,0.0,159.7,"Sioux Falls, South Dakota",
19067,Floyd,IA,,0,8,-11.33,15627,1296.6,12.05,47.7,0.0,106.8,"Rochester, Minnesota",
19079,Hamilton,IA,,0,61,-10.61,15039,1493.8,10.07,15.9,39.2,91.1,"Des Moines, Iowa",
19087,Henry,IA,,0,12,-7.91,20482,1124.9,18.21,76.6,0.0,100.5,"Davenport, Iowa",
19095,Iowa,IA,,0,16,-9.35,16662,1518.9,10.97,1.6,38.8,43.7,"Cedar Rapids, Iowa",
19105,Jones,IA,,0,20,-9.44,20646,1490.9,13.85,41.0,0.0,42.2,"Cedar Rapids, Iowa",
19113,Linn,IA,,0,223,-9.78,230299,1856.7,124.04,1.8,42.3,3.7,"Cedar Rapids, Iowa",
19121,Madison,IA,,0,171,-9.0,16548,1453.0,11.39,16.5,6.3,42.1,"Des Moines, Iowa",
19125,Marion,IA,,0,34,-8.51,33414,1436.2,23.26,36.8,0.0,54.3,"Des Moines, Iowa",
19137,Montgomery,IA,,0,10,-8.57,10330,1098.4,9.4,52.5,0.0,74.2,"Omaha, Nebraska",
19141,O'Brien,IA,,0,3,-11.84,14182,1484.2,9.56,57.0,0.0,95.6,"Sioux Falls, South Dakota",
19151,Pocahontas,IA,,0,9,-11.18,7078,1495.0,4.73,95.1,0.0,156.4,"Des Moines, Iowa",
19161,Sac,IA,,0,4,-10.68,9814,1489.3,6.59,93.9,0.0,146.3,"Omaha, Nebraska",
19169,Story,IA,,0,283,-9.82,98537,1483.6,66.42,1.9,38.8,47.5,"Des Moines, Iowa",
19175,Union,IA,,0,12,-8.97,12138,1097.2,11.06,43.0,0.0,84.9,"Des Moines, Iowa",
19181,Warren,IA,,0,48,-8.6,52403,1475.8,35.51,15.9,35.5,21.7,"Des Moines, Iowa",
19195,Worth,IA,,0,3,-11.92,7443,1036.3,7.18,7.9,27.2,94.7,"Rochester, Minnesota",
20005,Atchison,KS,,0,135,-6.14,16348,1116.7,14.64,33.3,0.0,68.3,"Kansas City, Kansas",
20015,Butler,KS,,0,420,-4.51,67380,3703.3,18.19,3.6,67.3,29.8,"Wichita, Kansas",
27073,Lac qui Parle,MN,,0,21,-13.61,6719,1981.4,3.39,64.6,0.0,167.2,"Sioux Falls, South Dakota",
27083,Lyon,MN,,0,33,-12.76,25269,1850.7,13.65,78.1,0.0,123.7,"Sioux Falls, South Dakota",
27085,McLeod,MN,,0,19,-13.09,36771,1272.9,28.89,60.1,0.0,79.9,"Minneapolis, Minnesota",
27093,Meeker,MN,,0,6,-13.73,23400,1575.2,14.86,44.1,0.0,97.3,"Minneapolis, Minnesota",
27103,Nicollet,MN,,0,37,-12.48,34454,1161.6,29.66,59.8,0.0,101.2,"Minneapolis, Minnesota",
27113,Pennington,MN,,0,0,-17.58,13992,1596.9,8.76,72.1,0.0,143.9,"Fargo, North Dakota",
27121,Pope,MN,,0,31,-14.79,11308,1734.5,6.52,23.7,0.0,173.3,"Fargo, North Dakota",
27127,Redwood,MN,,0,12,-12.67,15425,2275.5,6.78,89.4,0.0,158.6,"Sioux Falls, South Dakota",
27147,Steele,MN,,0,9,-12.44,37406,1112.8,33.62,2.9,39.4,59.0,"Rochester, Minnesota",
27153,Todd,MN,,0,19,-15.32,25262,2447.5,10.32,32.7,8.9,171.8,"Fargo, North Dakota",
27161,Waseca,MN,,0,4,-12.37,18968,1096.5,17.3,23.9,0.0,85.7,"Rochester, Minnesota",
28003,Alcorn,MS,,0,15,0.18,34740,1036.1,33.53,88.3,0.0,140.1,"Memphis, Tennessee",
28013,Calhoun,MS,,0,5,1.37,13266,1519.2,8.73,49.4,0.0,152.1,"Memphis, Tennessee",
28017,Chickasaw,MS,,0,16,1.51,17106,1299.6,13.16,83.0,0.0,169.7,"Memphis, Tennessee",
28029,Copiah,MS,,0,42,3.76,28368,2013.1,14.09,3.0,41.0,48.7,"Jackson, Mississippi",
28037,Franklin,MS,,0,55,4.04,7675,1460.2,5.26,36.5,0.0,112.3,"Jackson, Mississippi",
28049,Hinds,MS,,0,370,3.56,227742,2252.6,101.1,1.1,88.2,6.8,"Jackson, Mississippi",
28061,Jasper,MS,,0,37,3.05,16367,1751.5,9.34,13.3,29.7,104.6,"Jackson, Mississippi",
28065,Jefferson Davis,MS,,0,21,3.78,11321,1057.9,10.7,47.8,0.0,87.7,"Jackson, Mississippi",
28075,Lauderdale,MS,,0,119,2.66,72984,1822.4,40.05,4.5,69.4,140.2,"Jackson, Mississippi",
22121,West Baton Rouge,LA,,0,87,6.04,27199,498.3,54.58,1.0,19.7,12.3,"Baton Rouge, Louisiana",
22127,Winn,LA,,0,83,3.48,13755,2460.7,5.59,49.1,0.0,120.4,"Shreveport, Louisiana",
23009,Hancock,ME,,0,1334,-9.95,55478,4110.0,13.5,42.2,0.0,290.7,"Manchester, New Hampshire",
23029,Washington,ME,,0,214,-10.25,31095,6637.3,4.68,98.7,0.0,380.9,"Manchester, New Hampshire",
24001,Allegany,MD,,0,469,-4.55,68106,1098.6,62.0,1.7,58.3,134.8,"Pittsburgh, Pennsylvania",
24003,Anne Arundel,MD,,0,2484,-1.69,588261,1074.6,547.43,2.3,43.9,24.6,"Baltimore, Maryland",
24009,Calvert,MD,,0,1233,-1.72,92783,552.1,168.07,42.3,0.0,51.8,"Alexandria, Virginia",
24017,Charles,MD,,0,1301,-1.76,166617,1185.6,140.54,24.6,0.0,26.3,"Alexandria, Virginia",
24019,Dorchester,MD,,0,419,-1.55,32531,1400.6,23.23,67.6,0.0,93.0,"Alexandria, Virginia",
24029,Kent,MD,,0,256,-2.24,19198,717.5,26.76,31.7,0.0,47.7,"Baltimore, Maryland",
24035,Queen Anne's,MD,,0,336,-2.18,49874,963.2,51.78,36.1,0.0,49.8,"Baltimore, Maryland",
24037,St. Mary's,MD,,0,607,-1.53,113777,925.1,122.99,63.5,0.0,68.9,"Alexandria, Virginia",
24039,Somerset,MD,,0,108,-0.91,24620,828.1,29.73,120.0,0.0,133.5,"Newport News, Virginia",
24041,Talbot,MD,,0,210,-1.53,37526,695.5,53.95,48.1,0.0,73.3,"Baltimore, Maryland",
25011,Franklin,MA,,0,604,-8.56,71029,1811.2,39.22,5.3,36.8,53.4,"Springfield, Massachusetts",
26009,Antrim,MI,,0,121,-9.0,23431,1232.1,19.02,39.7,0.0,227.8,"Grand Rapids, Michigan",
26015,Barry,MI,,0,226,-7.28,62423,1432.5,43.58,28.7,0.0,46.4,"Grand Rapids, Michigan",
26023,Branch,MI,,0,22,-7.14,44862,1311.5,34.21,5.1,36.2,95.5,"Fort Wayne, Indiana",
26035,Clare,MI,,0,94,-9.38,30856,1461.6,21.11,48.4,0.0,128.8,"Grand Rapids, Michigan",
26037,Clinton,MI,,0,173,-7.36,79128,1467.0,53.94,7.9,45.3,17.2,"Lansing, Michigan",
26045,Eaton,MI,,0,185,-7.38,109175,1489.7,73.29,2.7,64.8,17.9,"Lansing, Michigan",
26057,Gratiot,MI,,0,35,-7.61,41761,1472.3,28.36,55.7,0.0,68.6,"Lansing, Michigan",
26061,Houghton,MI,,0,112,-12.78,37361,2613.6,14.3,263.7,0.0,292.4,"Green Bay, Wisconsin",
26073,Isabella,MI,,0,457,-8.41,64394,1483.2,43.41,63.6,0.0,99.9,"Lansing, Michigan",
26077,Kalamazoo,MI,,0,353,-7.0,261670,1454.7,179.88,1.1,43.3,78.6,"Grand Rapids, Michigan",
26083,Keweenaw,MI,,0,195,-12.02,2046,1398.9,1.46,287.7,0.0,313.4,"Green Bay, Wisconsin",
26085,Lake,MI,,0,84,-8.76,12096,1469.5,8.23,87.0,0.0,111.4,"Grand Rapids, Michigan",
26091,Lenawee,MI,,0,69,-6.81,99423,1941.3,51.21,36.5,0.0,47.1,"Ann Arbor, Michigan",
26097,Mackinac,MI,,0,191,-10.87,10834,2645.9,4.09,9.7,40.7,296.0,"Green Bay, Wisconsin",
26103,Marquette,MI,,0,257,-13.04,66017,4683.7,14.09,218.7,0.0,222.5,"Green Bay, Wisconsin",
26107,Mecosta,MI,,0,91,-9.01,39714,1437.6,27.62,75.0,0.0,80.2,"Grand Rapids, Michigan",
26111,Midland,MI,,0,109,-7.82,83494,1337.1,62.44,22.7,0.0,103.9,"Lansing, Michigan",
26117,Montcalm,MI,,0,90,-8.35,66614,1827.0,36.46,45.0,0.0,53.7,"Grand Rapids, Michigan",
26123,Newaygo,MI,,0,85,-8.34,49978,2106.2,23.73,40.7,0.0,57.3,"Grand Rapids, Michigan",
26133,Osceola,MI,,0,46,-9.65,22891,1466.9,15.6,77.1,0.0,114.6,"Grand Rapids, Michigan",
26143,Roscommon,MI,,0,96,-9.95,23459,1345.9,17.43,5.4,37.2,176.4,"Grand Rapids, Michigan",
26155,Shiawassee,MI,,0,76,-7.5,68094,1374.4,49.54,7.0,40.9,40.6,"Lansing, Michigan",
26161,Washtenaw,MI,,0,1835,-7.35,372258,1828.4,203.59,2.5,59.1,2.9,"Ann Arbor, Michigan",
26165,Wexford,MI,,0,73,-9.53,33673,1463.3,23.01,68.2,0.0,150.9,"Grand Rapids, Michigan",
27009,Benton,MN,,0,10,-14.19,41379,1057.5,39.13,15.6,0.0,98.3,"Minneapolis, Minnesota",
27019,Carver,MN,,0,137,-12.64,106922,917.7,116.51,19.2,0.0,36.2,"Minneapolis, Minnesota",
27029,Clearwater,MN,,0,39,-17.31,8524,2587.2,3.29,123.3,0.0,130.7,"Fargo, North Dakota",
27039,Dodge,MN,,0,4,-12.66,20867,1137.7,18.34,29.1,0.0,26.1,"Rochester, Minnesota",
27051,Grant,MN,,0,1,-15.21,6074,1419.7,4.28,12.3,15.5,122.4,"Fargo, North Dakota",
27057,Hubbard,MN,,0,69,-16.67,21344,2397.5,8.9,119.2,0.0,143.3,"Fargo, North Dakota",
27067,Kandiyohi,MN,,0,30,-13.93,43732,2063.7,21.19,59.1,0.0,139.3,"Minneapolis, Minnesota",
29097,Jasper,MO,2017,19,212,-2.77,122761,1653.7,74.24,7.8,33.7,101.7,"Springfield, Missouri",
29103,Knox,MO,,0,1,-6.75,3744,1305.4,2.87,73.5,0.0,135.7,"Columbia, Missouri",
29109,Lawrence,MO,,0,21,-3.18,38001,1584.4,23.98,6.3,43.0,48.7,"Springfield, Missouri",
29117,Livingston,MO,,0,11,-6.05,14557,1378.7,10.56,50.5,0.0,108.1,"Independence, Missouri",
29131,Miller,MO,,0,93,-3.58,24722,1534.8,16.11,53.6,0.0,80.5,"Columbia, Missouri",
29137,Monroe,MO,,0,10,-5.66,8666,1677.4,5.17,53.8,0.0,71.5,"Columbia, Missouri",
29151,Osage,MO,,0,42,-4.09,13274,1565.3,8.48,52.6,0.0,67.8,"Columbia, Missouri",
29159,Pettis,MO,,0,33,-4.68,42980,1766.9,24.32,29.6,0.0,83.4,"Columbia, Missouri",
29169,Pulaski,MO,,0,92,-3.62,53955,1417.0,38.08,0.0,36.1,119.5,"Springfield, Missouri",
29179,Reynolds,MO,,0,201,-4.17,6096,2093.9,2.91,91.9,0.0,160.2,"St. Louis, Missouri",
29195,Saline,MO,,0,22,-5.02,23333,1956.7,11.92,16.4,38.5,76.6,"Columbia, Missouri",
29205,Shelby,MO,,0,2,-6.24,6103,1297.2,4.7,58.7,0.0,93.4,"Columbia, Missouri",
29211,Sullivan,MO,,0,4,-6.94,5999,1678.3,3.57,77.2,0.0,155.9,"Columbia, Missouri",
29221,Washington,MO,,0,211,-4.5,23514,1968.2,11.95,42.8,0.0,91.0,"St. Louis, Missouri",
29229,Wright,MO,,0,26,-3.69,18188,1765.8,10.3,45.4,0.0,75.5,"Springfield, Missouri",
30013,Cascade,MT,,0,138,-9.3,84414,6988.2,12.08,2.6,92.9,286.8,"Billings, Montana",
30037,Golden Valley,MT,,0,13,-9.97,823,3044.1,0.27,71.0,0.0,74.6,"Billings, Montana",
30043,Jefferson,MT,,0,39,-9.57,12085,4289.7,2.82,4.4,149.1,280.1,"Billings, Montana",
31121,Merrick,NE,,0,35,-8.73,7668,1255.8,6.11,35.5,0.0,117.9,"Lincoln, Nebraska",
31125,Nance,NE,,0,49,-9.0,3380,1143.8,2.95,65.9,0.0,119.9,"Lincoln, Nebraska",
31135,Perkins,NE,,0,7,-8.69,2858,2287.8,1.25,29.7,0.0,287.1,"Fort Collins, Colorado",
31137,Phelps,NE,,0,26,-8.58,8968,1398.1,6.41,24.7,0.0,231.6,"Lincoln, Nebraska",
31147,Richardson,NE,,0,192,-7.34,7871,1429.3,5.51,25.7,0.0,117.0,"Topeka, Kansas",
31159,Seward,NE,,0,35,-8.28,17609,1480.0,11.9,5.9,38.3,35.3,"Lincoln, Nebraska",
31163,Sherman,NE,,0,3,-9.2,2959,1465.5,2.02,59.3,0.0,195.7,"Lincoln, Nebraska",
31171,Thomas,NE,,0,85,-9.57,669,1847.3,0.36,97.6,0.0,346.4,"Lincoln, Nebraska",
31183,Wheeler,NE,,0,6,-9.79,774,1489.7,0.52,119.6,0.0,194.7,"Lincoln, Nebraska",
32009,Esmeralda,NV,,0,1285,-4.7,729,9277.0,0.08,252.0,0.0,210.1,"Visalia, California",
32021,Mineral,NV,,0,671,-5.77,4554,9719.8,0.47,123.5,0.0,144.5,"Reno, Nevada",
32033,White Pine,NV,,0,1991,-8.21,9080,22987.8,0.39,177.5,0.0,290.0,"West Jordan, Utah",
34007,Camden,NJ,2019,31,341,-2.64,523485,573.1,913.48,1.1,33.8,15.5,"Philadelphia, Pennsylvania",
34015,Gloucester,NJ,2025,1,448,-2.45,302294,834.0,362.47,7.7,49.9,23.0,"Philadelphia, Pennsylvania",
34031,Passaic,NJ,,0,457,-5.25,524118,478.1,1096.27,2.8,20.3,1.7,"Paterson, New Jersey",
35001,Bernalillo,NM,,0,10719,-5.16,676444,3006.5,224.99,0.7,125.9,2.9,"Albuquerque, New Mexico",
35006,Cibola,NM,,0,690,-7.93,27172,11757.2,2.31,0.0,103.5,109.7,"Albuquerque, New Mexico",
30051,Liberty,MT,,0,8,-12.85,1959,3703.8,0.53,65.5,0.0,358.7,"Billings, Montana",
30059,Meagher,MT,,0,6,-10.16,1927,6195.0,0.31,81.0,0.0,202.0,"Billings, Montana",
30069,Petroleum,MT,,0,9,-10.52,496,4286.1,0.12,114.7,0.0,137.0,"Billings, Montana",
30093,Silver Bow,MT,,0,4,-10.08,35133,1860.8,18.88,0.2,83.3,313.6,"Billings, Montana",
30099,Teton,MT,,0,54,-10.15,6226,5885.4,1.06,27.2,34.6,348.7,"Billings, Montana",
30107,Wheatland,MT,,0,41,-9.78,2069,3686.1,0.56,68.5,0.0,128.0,"Billings, Montana",
31003,Antelope,NE,,0,35,-9.95,6295,2220.2,2.84,124.9,0.0,186.5,"Lincoln, Nebraska",
31009,Blaine,NE,,0,10,-9.67,431,1841.2,0.23,104.0,0.0,301.6,"Lincoln, Nebraska",
31023,Butler,NE,,0,30,-8.64,8369,1514.9,5.52,47.6,0.0,60.7,"Lincoln, Nebraska",
31035,Clay,NE,,0,4,-8.14,6104,1482.2,4.12,29.8,0.0,116.8,"Lincoln, Nebraska",
31037,Colfax,NE,,0,4,-9.01,10582,1066.2,9.93,77.5,0.0,83.8,"Lincoln, Nebraska",
31047,Dawson,NE,,0,15,-9.06,24111,2623.9,9.19,3.9,75.6,265.3,"Lincoln, Nebraska",
31053,Dodge,NE,,0,32,-8.98,37167,1369.3,27.14,42.4,0.0,50.4,"Omaha, Nebraska",
31063,Frontier,NE,,0,68,-8.8,2519,2524.2,1.0,40.8,0.0,312.0,"Lincoln, Nebraska",
31073,Gosper,NE,,0,8,-8.64,1893,1186.6,1.6,18.2,0.0,264.5,"Lincoln, Nebraska",
31085,Hayes,NE,,0,20,-8.5,856,1846.8,0.46,70.4,0.0,331.0,"Aurora, Colorado",
31093,Howard,NE,,0,3,-9.04,6475,1474.6,4.39,41.5,0.0,156.0,"Lincoln, Nebraska",
31097,Johnson,NE,,0,15,-7.88,5290,974.0,5.43,49.0,0.0,61.1,"Lincoln, Nebraska",
31117,McPherson,NE,,0,19,-9.31,399,2224.7,0.18,47.4,0.0,357.1,"Fort Collins, Colorado",
28079,Leake,MS,,0,37,2.35,21275,1510.0,14.09,43.8,0.0,79.5,"Jackson, Mississippi",
28083,Leflore,MS,,0,46,2.81,28339,1534.7,18.47,39.7,0.0,135.6,"Jackson, Mississippi",
28095,Monroe,MS,,0,29,1.59,34180,1981.6,17.25,119.3,0.0,162.6,"Birmingham, Alabama",
28099,Neshoba,MS,,0,28,2.19,29087,1476.7,19.7,45.5,0.0,111.7,"Jackson, Mississippi",
28103,Noxubee,MS,,0,128,2.2,10285,1800.4,5.71,60.5,0.0,167.3,"Birmingham, Alabama",
28115,Pontotoc,MS,,0,28,1.2,31184,1289.0,24.19,82.4,0.0,137.4,"Memphis, Tennessee",
28117,Prentiss,MS,,0,14,0.56,25008,1074.8,23.27,114.8,0.0,147.5,"Memphis, Tennessee",
28127,Simpson,MS,,0,173,3.32,25949,1525.9,17.01,40.2,0.0,52.7,"Jackson, Mississippi",
28139,Tippah,MS,,0,49,0.39,21815,1185.7,18.4,82.9,0.0,110.5,"Memphis, Tennessee",
28151,Washington,MS,,0,46,2.96,44922,1877.1,23.93,106.0,0.0,142.0,"Jackson, Mississippi",
29001,Adair,MO,,0,79,-6.9,25314,1469.4,17.23,109.8,0.0,140.9,"Columbia, Missouri",
29009,Barry,MO,,0,248,-2.67,34534,2015.7,17.13,37.7,0.0,73.1,"Springfield, Missouri",
29021,Buchanan,MO,,0,34,-5.99,84793,1056.8,80.24,2.2,47.9,73.2,"Kansas City, Kansas",
29033,Carroll,MO,,0,3,-5.49,8495,1799.1,4.72,47.2,0.0,86.2,"Independence, Missouri",
29043,Christian,MO,,0,281,-3.49,88842,1457.2,60.97,23.7,0.0,20.4,"Springfield, Missouri",
29053,Cooper,MO,,0,35,-4.65,17103,1462.7,11.69,2.3,44.8,38.0,"Columbia, Missouri",
29065,Dent,MO,,0,136,-4.2,14421,1949.7,7.4,41.6,0.0,160.3,"Springfield, Missouri",
29075,Gentry,MO,,0,4,-7.1,6162,1272.8,4.84,31.6,0.0,123.2,"Kansas City, Kansas",
29085,Hickory,MO,,0,36,-4.0,8279,1033.6,8.01,60.4,0.0,78.7,"Springfield, Missouri",
37001,Alamance,NC,,0,642,-0.34,171415,1098.0,156.11,1.1,25.4,33.8,"Greensboro, North Carolina",
37005,Alleghany,NC,,0,130,-3.51,10888,608.8,17.88,30.4,0.0,88.7,"Winston-Salem, North Carolina",
37017,Bladen,NC,,0,1149,1.62,29606,2264.5,13.07,33.8,0.0,54.0,"Fayetteville, North Carolina",
37021,Buncombe,NC,,0,2780,-2.23,269452,1700.8,158.43,1.8,99.6,129.7,"Knoxville, Tennessee",
37027,Caldwell,NC,,0,738,-1.43,80652,1221.4,66.04,16.0,0.0,93.5,"Charlotte, North Carolina",
37055,Dare,NC,,0,2894,2.91,36915,993.1,37.17,107.3,0.0,107.8,"Virginia Beach, Virginia",
37057,Davidson,NC,,0,339,-0.52,168930,1431.4,118.02,5.9,37.5,20.6,"High Point, North Carolina",
37067,Forsyth,NC,,0,749,-0.87,382590,1057.1,361.92,1.1,66.2,1.4,"Winston-Salem, North Carolina",
37081,Guilford,NC,,0,1285,-0.44,541299,1672.4,323.67,2.7,121.5,5.0,"Greensboro, North Carolina",
37091,Hertford,NC,,0,37,-0.0,21552,914.4,23.57,54.6,0.0,79.3,"Chesapeake, Virginia",
37103,Jones,NC,,0,283,1.46,9172,1219.1,7.52,61.4,0.0,104.8,"Wilmington, North Carolina",
37117,Martin,NC,,0,130,0.89,22031,1194.5,18.44,70.3,0.0,127.4,"Chesapeake, Virginia",
37127,Nash,NC,,0,209,-0.2,94970,1399.6,67.85,2.4,43.0,66.4,"Raleigh, North Carolina",
37141,Pender,NC,,0,986,1.79,60203,2252.8,26.72,6.8,39.5,28.4,"Wilmington, North Carolina",
37151,Randolph,NC,,0,1182,0.1,144171,2026.7,71.14,19.2,12.3,26.4,"High Point, North Carolina",
37165,Scotland,NC,,0,811,1.14,34174,825.8,41.38,2.3,44.7,61.7,"Fayetteville, North Carolina",
37167,Stanly,NC,,0,421,0.54,62504,1023.3,61.08,34.1,0.0,54.3,"Charlotte, North Carolina",
39055,Geauga,OH,,0,436,-6.37,95397,1036.4,92.04,17.8,0.0,39.0,"Cleveland, Ohio",
39063,Hancock,OH,,0,98,-5.59,74920,1376.2,54.44,2.3,39.9,70.3,"Toledo, Ohio",
39065,Hardin,OH,,0,125,-5.7,30696,1218.3,25.19,27.8,0.0,99.2,"Columbus, Ohio",
39075,Holmes,OH,,0,89,-5.76,44223,1094.4,40.41,30.0,0.0,64.5,"Akron, Ohio",
39089,Licking,OH,,0,287,-5.34,178519,1767.7,100.99,12.1,48.4,41.6,"Columbus, Ohio",
39097,Madison,OH,,0,110,-5.03,43824,1206.6,36.32,2.9,43.5,32.4,"Columbus, Ohio",
39109,Miami,OH,,0,150,-5.04,108774,1053.0,103.3,0.4,31.6,31.6,"Dayton, Ohio",
39121,Noble,OH,,0,11,-4.88,14115,1030.8,13.69,4.8,32.0,129.9,"Columbus, Ohio",
39131,Pike,OH,,0,115,-3.86,27088,1140.3,23.75,76.7,0.0,98.3,"Columbus, Ohio",
39143,Sandusky,OH,,0,60,-5.26,58896,1057.9,55.67,6.2,38.7,52.3,"Toledo, Ohio",
39147,Seneca,OH,,0,28,-5.76,55069,1427.1,38.59,31.5,0.0,66.8,"Toledo, Ohio",
39159,Union,OH,,0,64,-5.36,62784,1118.2,56.15,23.3,0.0,42.4,"Columbus, Ohio",
39169,Wayne,OH,,0,185,-5.81,116894,1437.3,81.33,20.5,12.1,39.8,"Akron, Ohio",
39173,Wood,OH,,0,156,-5.44,132248,1598.6,82.73,1.5,82.4,23.9,"Toledo, Ohio",
40009,Beckham,OK,,0,557,-2.56,22410,2335.7,9.59,2.1,65.9,180.0,"Oklahoma City, Oklahoma",
40019,Carter,OK,,0,276,0.14,48003,2129.4,22.54,4.1,34.3,109.0,"Denton, Texas",
40031,Comanche,OK,,0,3682,-0.73,121125,2769.4,43.74,2.8,58.7,80.7,"Wichita Falls, Texas",
40043,Dewey,OK,,0,68,-3.24,4484,2588.6,1.73,62.5,0.0,154.4,"Oklahoma City, Oklahoma",
40053,Grant,OK,,0,64,-3.37,4169,2592.2,1.61,38.5,0.0,111.0,"Wichita, Kansas",
37181,Vance,NC,,0,100,-1.13,42578,656.6,64.85,1.3,23.7,58.2,"Durham, North Carolina",
37191,Wayne,NC,,0,276,1.15,117333,1432.5,81.91,26.8,0.0,74.2,"Raleigh, North Carolina",
37197,Yadkin,NC,,0,78,-1.39,37214,867.2,42.91,12.5,21.0,39.0,"Winston-Salem, North Carolina",
38007,Billings,ND,,0,208,-13.39,945,2975.5,0.32,12.0,30.5,422.7,"Billings, Montana",
38019,Cavalier,ND,,0,2,-18.08,3704,3855.9,0.96,87.1,0.0,240.6,"Fargo, North Dakota",
38031,Foster,ND,,0,1,-16.4,3397,1645.8,2.06,62.7,0.0,182.7,"Fargo, North Dakota",
38035,Grand Forks,ND,,0,8,-16.97,73170,3720.2,19.67,1.2,59.9,116.1,"Fargo, North Dakota",
38045,LaMoure,ND,,0,4,-15.01,4093,2968.0,1.38,53.9,0.0,143.6,"Fargo, North Dakota",
38061,Mountrail,ND,,0,6,-15.62,9809,4727.5,2.07,139.3,0.0,446.3,"Fargo, North Dakota",
38073,Ransom,ND,,0,11,-15.34,5703,2233.5,2.55,44.6,0.0,80.0,"Fargo, North Dakota",
38079,Rolette,ND,,0,5,-18.1,12187,2339.0,5.21,190.3,0.0,314.4,"Fargo, North Dakota",
38091,Steele,ND,,0,0,-16.98,1798,1844.6,0.97,49.9,0.0,97.5,"Fargo, North Dakota",
38103,Wells,ND,,0,7,-16.36,3982,3292.0,1.21,88.0,0.0,243.7,"Fargo, North Dakota",
39003,Allen,OH,,0,93,-5.61,102206,1042.5,98.04,4.2,36.8,92.2,"Fort Wayne, Indiana",
39015,Brown,OH,,0,92,-4.17,43676,1269.1,34.41,37.0,0.0,55.7,"Cincinnati, Ohio",
39027,Clinton,OH,,0,47,-4.48,42018,1058.5,39.7,10.8,24.6,49.0,"Dayton, Ohio",
39039,Defiance,OH,,0,29,-6.19,38286,1065.7,35.93,34.3,0.0,62.3,"Fort Wayne, Indiana",
39047,Fayette,OH,,0,30,-4.76,28951,1052.5,27.51,14.2,23.8,59.7,"Columbus, Ohio",
35015,Eddy,NM,,0,5675,-0.72,62314,10815.1,5.76,143.5,0.0,196.0,"Odessa, Texas",
35027,Lincoln,NM,,0,1793,-4.25,20269,12512.5,1.62,126.6,0.0,161.7,"Las Cruces, New Mexico",
35028,Los Alamos,NM,,0,597,-7.39,19419,282.7,68.68,36.8,0.0,92.7,"Albuquerque, New Mexico",
35045,San Juan,NM,,0,2270,-6.52,121661,14278.8,8.52,138.5,0.0,233.5,"Albuquerque, New Mexico",
35053,Socorro,NM,,0,8552,-4.87,16595,17214.8,0.96,3.4,131.3,108.9,"Albuquerque, New Mexico",
36003,Allegany,NY,,0,127,-8.49,46456,2665.9,17.43,4.7,52.5,101.5,"Buffalo, New York",
36021,Columbia,NY,,0,327,-7.42,61570,1643.9,37.45,16.1,24.4,91.5,"Springfield, Massachusetts",
36037,Genesee,NY,,0,196,-7.21,58388,1276.7,45.73,1.7,47.6,48.8,"Rochester, New York",
36043,Herkimer,NY,,0,55,-11.52,60139,3655.7,16.45,6.0,38.2,93.4,"Syracuse, New York",
36057,Montgomery,NY,,0,31,-8.96,49532,1043.9,47.45,1.3,62.9,146.8,"Syracuse, New York",
36069,Ontario,NY,,0,239,-7.05,112458,1668.1,67.42,7.8,44.2,40.2,"Rochester, New York",
36083,Rensselaer,NY,,0,229,-8.3,161130,1689.8,95.36,6.0,45.4,108.3,"Springfield, Massachusetts",
36095,Schoharie,NY,,0,106,-9.26,29714,1610.5,18.45,3.3,31.9,146.3,"Syracuse, New York",
36109,Tompkins,NY,,0,2690,-7.88,105740,1229.3,86.01,30.7,0.0,71.1,"Syracuse, New York",
36121,Wyoming,NY,,0,104,-8.13,40531,1535.2,26.4,30.4,0.0,57.4,"Buffalo, New York",
36123,Yates,NY,,0,80,-7.27,24774,875.8,28.29,35.7,0.0,73.0,"Rochester, New York",
42013,Blair,PA,,0,168,-5.99,122822,1361.8,90.19,0.9,63.7,136.2,"Pittsburgh, Pennsylvania",
42015,Bradford,PA,,0,107,-7.53,59967,2971.8,20.18,18.7,0.0,139.3,"Syracuse, New York",
42021,Cambria,PA,,0,152,-6.89,133472,1782.8,74.87,30.4,0.0,100.7,"Pittsburgh, Pennsylvania",
42031,Clarion,PA,,0,259,-6.77,37241,1556.2,23.93,0.8,41.3,95.6,"Pittsburgh, Pennsylvania",
42047,Elk,PA,,0,230,-7.61,30990,2142.8,14.46,32.7,0.0,144.7,"Erie, Pennsylvania",
42063,Indiana,PA,,0,295,-6.33,83246,2142.0,38.86,53.2,0.0,75.3,"Pittsburgh, Pennsylvania",
42069,Lackawanna,PA,,0,234,-7.4,215896,1189.0,181.58,0.3,76.3,94.1,"Allentown, Pennsylvania",
42087,Mifflin,PA,,0,89,-5.27,46143,1064.6,43.34,31.0,0.0,170.0,"Baltimore, Maryland",
42093,Montour,PA,,0,93,-5.98,18136,337.3,53.76,0.2,18.5,104.8,"Allentown, Pennsylvania",
42105,Potter,PA,,0,407,-8.24,16396,2800.6,5.85,46.0,0.0,141.7,"Buffalo, New York",
42113,Sullivan,PA,,0,139,-8.01,5840,1165.3,5.01,36.5,0.0,127.6,"Allentown, Pennsylvania",
42123,Warren,PA,,0,897,-7.52,38587,2289.9,16.85,30.4,0.0,76.6,"Erie, Pennsylvania",
45005,Allendale,SC,,0,39,2.92,8039,1056.9,7.61,50.8,0.0,85.2,"Augusta-Richmond County, Georgia",
45009,Bamberg,SC,,0,31,2.81,13311,1018.8,13.07,37.7,0.0,82.0,"Columbia, South Carolina",
45027,Clarendon,SC,,0,123,2.68,31144,1572.0,19.81,3.8,53.1,83.7,"Columbia, South Carolina",
45039,Fairfield,SC,,0,111,1.35,20948,1777.5,11.79,5.6,35.6,40.4,"Columbia, South Carolina",
47005,Benton,TN,,0,115,-0.84,15864,1020.8,15.54,23.3,14.8,82.9,"Clarksville, Tennessee",
47007,Bledsoe,TN,,0,117,-1.0,14913,1052.6,14.17,42.6,0.0,65.2,"Chattanooga, Tennessee",
47013,Campbell,TN,,0,118,-1.94,39272,1243.7,31.58,9.8,50.5,50.6,"Knoxville, Tennessee",
47027,Clay,TN,,0,35,-1.53,7581,612.6,12.37,46.1,0.0,108.2,"Murfreesboro, Tennessee",
47031,Coffee,TN,,0,214,-0.88,57889,1111.0,52.11,6.2,48.2,49.9,"Murfreesboro, Tennessee",
47045,Dyer,TN,,0,84,-0.28,36801,1326.9,27.73,2.4,27.4,119.3,"Memphis, Tennessee",
47057,Grainger,TN,,0,78,-1.46,23527,726.8,32.37,21.5,0.0,51.7,"Knoxville, Tennessee",
47069,Hardeman,TN,,0,214,0.13,25462,1729.5,14.72,36.8,0.0,93.4,"Memphis, Tennessee",
47081,Hickman,TN,,0,213,-1.14,24925,1586.4,15.71,16.2,24.8,65.5,"Nashville, Tennessee",
47093,Knox,TN,,0,1244,-0.53,478971,1316.3,363.88,1.7,88.0,6.5,"Knoxville, Tennessee",
47105,Loudon,TN,,0,81,-0.27,54886,593.7,92.45,6.4,38.3,39.5,"Knoxville, Tennessee",
47117,Marshall,TN,,0,127,-0.8,34318,972.4,35.29,11.1,20.5,51.9,"Murfreesboro, Tennessee",
47129,Morgan,TN,,0,356,-1.68,21035,1352.4,15.55,21.1,0.0,62.0,"Knoxville, Tennessee",
47139,Polk,TN,,0,284,-0.61,17544,1125.8,15.58,29.0,0.0,67.6,"Chattanooga, Tennessee",
47151,Scott,TN,,0,170,-2.32,21850,1378.6,15.85,19.2,0.0,76.2,"Knoxville, Tennessee",
47173,Union,TN,,0,81,-1.43,19802,579.0,34.2,23.0,0.0,33.2,"Knoxville, Tennessee",
47179,Washington,TN,,0,313,-1.57,133001,845.5,157.3,6.5,23.7,138.7,"Knoxville, Tennessee",
45049,Hampton,SC,,0,117,3.4,18561,1450.1,12.8,25.5,10.6,80.1,"Savannah, Georgia",
45053,Jasper,SC,,0,709,4.31,28791,1697.3,16.96,0.5,51.5,37.2,"Savannah, Georgia",
45075,Orangeburg,SC,,0,177,2.8,84223,2864.8,29.4,3.8,70.4,63.0,"Columbia, South Carolina",
45081,Saluda,SC,,0,79,1.65,18862,1172.7,16.08,31.1,0.0,61.3,"Columbia, South Carolina",
46003,Aurora,SD,,0,1,-11.5,2747,1834.8,1.5,1.5,39.0,145.5,"Sioux Falls, South Dakota",
46007,Bennett,SD,,0,150,-9.98,3381,3068.4,1.1,70.9,0.0,400.1,"Fort Collins, Colorado",
46017,Buffalo,SD,,0,4,-11.97,1948,1220.9,1.6,26.0,0.0,219.2,"Sioux Falls, South Dakota",
46029,Codington,SD,,0,25,-14.59,28325,1783.2,15.88,6.5,41.7,155.9,"Sioux Falls, South Dakota",
46035,Davison,SD,,0,107,-11.72,19956,1128.1,17.69,1.3,28.6,106.7,"Sioux Falls, South Dakota",
46043,Douglas,SD,,0,4,-11.1,2835,1118.4,2.53,35.7,0.0,133.3,"Sioux Falls, South Dakota",
46055,Haakon,SD,,0,14,-11.14,1872,4689.3,0.4,31.9,0.0,393.3,"Sioux Falls, South Dakota",
46061,Hanson,SD,,0,24,-11.94,3461,1125.4,3.08,0.9,29.6,84.6,"Sioux Falls, South Dakota",
46087,McCook,SD,,0,9,-11.99,5682,1487.2,3.82,0.4,38.6,51.3,"Sioux Falls, South Dakota",
46095,Mellette,SD,,0,20,-10.03,1918,3385.9,0.57,37.5,0.0,328.0,"Sioux Falls, South Dakota",
46103,Pennington,SD,,0,718,-10.45,109222,7191.2,15.19,4.8,114.4,418.1,"Fort Collins, Colorado",
46111,Sanborn,SD,,0,24,-12.41,2330,1474.5,1.58,34.5,0.0,124.5,"Sioux Falls, South Dakota",
46125,Turner,SD,,0,13,-11.33,8673,1598.2,5.43,25.7,0.0,40.8,"Sioux Falls, South Dakota",
46137,Ziebach,SD,,0,6,-12.03,2413,5079.7,0.48,116.5,0.0,412.1,"Sioux Falls, South Dakota",
40059,Harper,OK,,0,169,-4.74,3272,2691.0,1.22,155.3,0.0,236.8,"Wichita, Kansas",
40063,Hughes,OK,,0,81,-0.73,13367,2084.0,6.41,35.5,0.0,101.8,"Norman, Oklahoma",
40073,Kingfisher,OK,,0,102,-2.24,15184,2326.2,6.53,40.0,0.0,61.2,"Oklahoma City, Oklahoma",
40081,Lincoln,OK,,0,217,-1.63,33458,2466.5,13.57,7.1,49.5,60.8,"Oklahoma City, Oklahoma",
40087,McClain,OK,,0,339,-1.0,41662,1478.1,28.19,7.0,47.7,15.3,"Norman, Oklahoma",
40097,Mayes,OK,,0,296,-1.63,39046,1697.4,23.0,19.7,20.5,55.8,"Broken Arrow, Oklahoma",
40109,Oklahoma,OK,,0,1844,-1.35,796292,1835.8,433.75,0.3,190.4,6.5,"Oklahoma City, Oklahoma",
40123,Pontotoc,OK,,0,115,-0.54,38065,1865.9,20.4,51.8,0.0,85.6,"Norman, Oklahoma",
40127,Pushmataha,OK,,0,328,-0.04,10812,3615.2,2.99,126.1,0.0,165.2,"McKinney, Texas",
40147,Washington,OK,,0,203,-2.68,52455,1076.0,48.75,57.0,0.0,64.5,"Tulsa, Oklahoma",
40153,Woodward,OK,,0,582,-4.12,20470,3217.8,6.36,108.8,0.0,198.3,"Oklahoma City, Oklahoma",
41017,Deschutes,OR,,0,2171,-5.52,198253,7817.1,25.36,136.1,0.0,142.2,"Eugene, Oregon",
41031,Jefferson,OR,,0,427,-3.67,24502,4612.2,5.31,112.0,0.0,140.5,"Gresham, Oregon",
41037,Lake,OR,,0,1395,-5.85,8160,21079.9,0.39,179.6,0.0,274.5,"Eugene, Oregon",
41053,Polk,OR,,0,606,1.58,87433,1918.6,45.57,16.6,0.0,13.9,"Salem, Oregon",
41069,Wheeler,OR,,0,240,-3.96,1451,4441.2,0.33,98.2,0.0,198.1,"Gresham, Oregon",
42005,Armstrong,PA,,0,320,-6.09,65558,1691.8,38.75,36.5,0.0,54.9,"Pittsburgh, Pennsylvania",
48357,Ochiltree,TX,,0,74,-4.28,10015,2376.6,4.21,130.3,0.0,158.8,"Amarillo, Texas",
48359,Oldham,TX,,0,180,-4.34,1758,3886.4,0.45,6.1,81.0,52.6,"Amarillo, Texas",
48367,Parker,TX,,0,2564,1.96,148222,2340.0,63.34,4.4,51.7,37.1,"Fort Worth, Texas",
48379,Rains,TX,,0,88,2.56,12164,594.3,20.47,27.1,0.0,75.3,"Tyler, Texas",
48381,Randall,TX,,0,1848,-3.71,140753,2360.9,59.62,1.3,52.3,12.7,"Amarillo, Texas",
48393,Roberts,TX,,0,66,-3.63,827,2393.3,0.35,55.2,0.0,116.2,"Amarillo, Texas",
48397,Rockwall,TX,,0,346,2.84,107819,329.0,327.7,0.4,23.8,19.6,"Garland, Texas",
48411,San Saba,TX,,0,706,2.69,5730,2940.4,1.95,117.2,0.0,98.4,"Killeen, Texas",
48425,Somervell,TX,,0,700,2.55,9205,482.9,19.06,52.3,0.0,70.1,"Fort Worth, Texas",
48429,Stephens,TX,,0,146,1.05,9101,2322.5,3.92,40.3,0.0,84.8,"Abilene, Texas",
48433,Stonewall,TX,,0,279,0.11,1245,2373.2,0.52,72.7,0.0,90.5,"Abilene, Texas",
48445,Terry,TX,,0,55,-1.51,11831,2302.1,5.14,64.1,0.0,58.6,"Lubbock, Texas",
48449,Titus,TX,,0,209,2.32,31247,1051.7,29.71,0.6,33.0,97.1,"Tyler, Texas",
48459,Upshur,TX,,0,154,3.03,40892,1509.8,27.08,29.2,0.0,52.4,"Tyler, Texas",
48463,Uvalde,TX,,0,1600,4.93,24564,4019.5,6.11,72.8,0.0,124.5,"San Antonio, Texas",
48475,Ward,TX,,0,996,0.43,11644,2164.2,5.38,0.3,65.7,59.9,"Odessa, Texas",
48491,Williamson,TX,,0,8641,4.23,609017,2896.4,210.27,2.6,45.7,6.9,"Round Rock, Texas",
48497,Wise,TX,,0,1079,1.5,68632,2342.4,29.3,36.5,0.0,46.4,"Denton, Texas",
48507,Zavala,TX,,0,179,5.91,9670,3360.3,2.88,62.3,0.0,138.5,"Laredo, Texas",
49011,Davis,UT,,0,1588,-5.56,362679,773.8,468.68,2.4,62.9,29.6,"Salt Lake City, Utah",
47185,White,TN,,0,161,-1.11,27351,975.6,28.04,22.1,0.0,81.4,"Murfreesboro, Tennessee",
47189,Wilson,TN,,0,1920,-0.66,147737,1478.4,99.93,1.8,41.7,33.4,"Nashville, Tennessee",
48009,Archer,TX,,0,779,0.42,8560,2339.0,3.66,26.8,0.0,24.8,"Wichita Falls, Texas",
48011,Armstrong,TX,,0,178,-2.89,1848,2354.6,0.78,13.2,0.0,42.2,"Amarillo, Texas",
48021,Bastrop,TX,,0,3422,5.26,97216,2300.3,42.26,37.7,0.0,38.7,"Austin, Texas",
48031,Blanco,TX,,0,2585,4.13,11374,1837.0,6.19,51.7,0.0,63.2,"Austin, Texas",
48047,Brooks,TX,,0,298,9.52,7076,2443.3,2.9,89.1,0.0,98.9,"Corpus Christi, Texas",
48053,Burnet,TX,,0,2365,3.51,49130,2575.1,19.08,52.8,0.0,56.9,"Round Rock, Texas",
48063,Camp,TX,,0,49,2.64,12464,507.2,24.57,19.5,0.0,77.1,"Tyler, Texas",
48069,Castro,TX,,0,82,-3.91,7371,2316.6,3.18,43.3,0.0,87.6,"Amarillo, Texas",
48079,Cochran,TX,,0,149,-2.68,2547,2007.6,1.27,83.0,0.0,82.6,"Lubbock, Texas",
48095,Concho,TX,,0,602,1.48,3303,2548.0,1.3,83.5,0.0,129.5,"Abilene, Texas",
48099,Coryell,TX,,0,776,3.03,83093,2724.8,30.49,41.4,0.0,16.6,"Killeen, Texas",
48103,Crane,TX,,0,295,1.09,4675,2033.3,2.3,43.5,3.3,49.4,"Odessa, Texas",
48115,Dawson,TX,,0,260,-0.56,12456,2331.8,5.34,67.0,0.0,83.1,"Midland, Texas",
48123,DeWitt,TX,,0,252,6.91,19824,2354.2,8.42,62.6,0.0,120.4,"San Antonio, Texas",
48127,Dimmit,TX,,0,348,6.5,8615,3441.8,2.5,56.6,0.0,114.6,"Laredo, Texas",
48137,Edwards,TX,,0,865,3.16,1422,5485.2,0.26,50.7,0.0,176.7,"San Antonio, Texas",
48149,Fayette,TX,,0,645,5.98,24435,2460.5,9.93,17.7,37.8,93.0,"Austin, Texas",
48159,Franklin,TX,,0,98,2.38,10359,736.6,14.06,4.4,17.0,86.3,"Tyler, Texas",
48169,Garza,TX,,0,433,-0.2,5816,2313.9,2.51,64.0,0.0,61.1,"Lubbock, Texas",
48177,Gonzales,TX,,0,1334,6.16,19653,2762.7,7.11,19.9,34.2,90.6,"Austin, Texas",
48179,Gray,TX,,0,68,-3.37,21227,2398.3,8.85,38.4,50.6,87.4,"Amarillo, Texas",
48185,Grimes,TX,,0,617,5.35,29268,2039.5,14.35,48.5,0.0,37.7,"College Station, Texas",
48191,Hall,TX,,0,107,-1.64,2825,2288.2,1.23,62.0,0.0,128.4,"Amarillo, Texas",
48195,Hansford,TX,,0,55,-4.38,5285,2382.3,2.22,112.0,0.0,121.9,"Amarillo, Texas",
48217,Hill,TX,,0,335,3.43,35874,2483.4,14.45,6.5,59.9,50.1,"Waco, Texas",
48227,Howard,TX,,0,310,0.76,34860,2333.0,14.94,2.3,53.7,63.8,"Midland, Texas",
48233,Hutchinson,TX,,0,976,-3.43,20617,2298.4,8.97,51.6,0.0,61.8,"Amarillo, Texas",
48247,Jim Hogg,TX,,0,747,9.45,4838,2942.6,1.64,89.5,0.0,82.9,"Laredo, Texas",
48251,Johnson,TX,,0,851,3.09,179927,1876.9,95.86,6.0,37.4,35.0,"Fort Worth, Texas",
48263,Kent,TX,,0,328,-0.12,753,2337.5,0.32,89.1,0.0,119.4,"Lubbock, Texas",
48265,Kerr,TX,,0,1363,2.84,52598,2857.6,18.41,6.0,57.8,93.9,"San Antonio, Texas",
48275,Knox,TX,,0,145,0.05,3353,2203.1,1.52,108.2,0.0,112.9,"Abilene, Texas",
48283,La Salle,TX,,0,561,7.04,6664,3850.5,1.73,3.1,70.3,93.7,"Laredo, Texas",
48297,Live Oak,TX,,0,311,8.0,11335,2692.8,4.21,7.6,71.1,91.8,"Corpus Christi, Texas",
48303,Lubbock,TX,,0,1530,-1.77,310639,2319.6,133.92,10.2,22.1,4.6,"Lubbock, Texas",
48309,McLennan,TX,,0,2387,3.56,260579,2686.1,97.01,4.2,64.7,2.9,"Waco, Texas",
48319,Mason,TX,,0,842,2.39,3953,2405.6,1.64,55.3,0.0,147.8,"Killeen, Texas",
48329,Midland,TX,,0,865,0.71,169983,2331.8,72.9,4.3,44.2,2.8,"Midland, Texas",
48339,Montgomery,TX,,0,4498,6.25,620443,2698.1,229.96,0.4,43.8,52.7,"Houston, Texas",
48349,Navarro,TX,,0,216,3.53,52624,2614.9,20.12,3.7,49.8,77.2,"Mesquite, Texas",
48353,Nolan,TX,,0,243,1.0,14738,2362.1,6.24,0.2,50.6,63.5,"Abilene, Texas",
51121,Montgomery,VA,,0,832,-3.13,99721,1002.4,99.49,6.5,37.0,123.0,"Winston-Salem, North Carolina",
51125,Nelson,VA,,0,545,-2.59,14775,1219.5,12.12,26.2,0.4,129.2,"Richmond, Virginia",
51141,Patrick,VA,,0,183,-2.17,17608,1251.2,14.07,32.8,0.0,62.2,"Winston-Salem, North Carolina",
51145,Powhatan,VA,,0,410,-1.99,30333,674.0,45.01,20.3,0.0,38.5,"Richmond, Virginia",
51155,Pulaski,VA,,0,138,-3.3,33800,828.4,40.8,1.0,26.9,117.3,"Winston-Salem, North Carolina",
51157,Rappahannock,VA,,0,404,-3.55,7348,689.5,10.66,24.9,0.0,93.5,"Alexandria, Virginia",
51173,Smyth,VA,,0,170,-3.77,29800,1167.9,25.52,1.4,34.9,143.6,"Winston-Salem, North Carolina",
51187,Warren,VA,,0,403,-3.78,40727,552.9,73.66,2.5,22.4,98.1,"Washington, District of Columbia",
51197,Wythe,VA,,0,63,-3.62,28290,1196.1,23.65,3.6,70.4,117.4,"Winston-Salem, North Carolina",
51510,Alexandria,VA,,0,134,-1.71,159467,38.9,4097.33,1.9,1.6,4.2,"Alexandria, Virginia",
51530,Buena Vista,VA,,0,2,-2.69,6641,17.4,382.47,6.8,0.0,168.9,"Richmond, Virginia",
51540,Charlottesville,VA,,0,180,-2.03,46553,26.5,1755.64,2.9,0.2,107.3,"Richmond, Virginia",
51595,Emporia,VA,,0,4,-0.74,5766,17.9,322.93,1.3,2.1,95.5,"Richmond, Virginia",
51660,Harrisonburg,VA,,0,53,-3.46,51814,45.1,1148.55,1.3,8.5,160.3,"Richmond, Virginia",
51670,Hopewell,VA,,0,99,-0.34,23033,26.6,865.25,1.0,5.0,30.4,"Richmond, Virginia",
51760,Richmond,VA,,0,973,-1.36,226610,154.9,1463.0,3.2,18.9,2.7,"Richmond, Virginia",
51775,Salem,VA,,0,19,-2.01,25346,37.4,677.85,3.2,0.0,134.0,"Winston-Salem, North Carolina",
51820,Waynesboro,VA,,0,17,-2.88,22196,39.0,569.85,2.4,6.8,140.7,"Richmond, Virginia",
53013,Columbia,WA,,0,61,-3.21,3952,2249.7,1.76,84.2,0.0,153.7,"Spokane, Washington",
53021,Franklin,WA,,0,124,-2.53,96749,3217.2,30.07,5.4,13.9,198.4,"Spokane, Washington",
55029,Door,WI,,0,481,-9.57,30066,1248.3,24.09,70.4,0.0,69.8,"Green Bay, Wisconsin",
55033,Dunn,WI,,0,60,-13.06,45440,2201.8,20.64,0.9,40.2,94.5,"St. Paul, Minnesota",
55039,Fond du Lac,WI,,0,58,-10.47,104154,1863.6,55.89,53.6,0.0,91.9,"Green Bay, Wisconsin",
55045,Green,WI,,0,57,-9.56,37093,1512.4,24.53,46.9,0.0,46.8,"Madison, Wisconsin",
55063,La Crosse,WI,,0,163,-11.35,120784,1169.9,103.25,1.4,32.1,103.1,"Rochester, Minnesota",
55069,Lincoln,WI,,0,59,-13.87,28415,2276.5,12.48,45.9,0.0,156.9,"Green Bay, Wisconsin",
55073,Marathon,WI,,0,89,-13.1,138013,4001.5,34.49,6.7,23.0,140.3,"Green Bay, Wisconsin",
55081,Monroe,WI,,0,59,-12.01,46274,2333.0,19.83,0.1,74.1,139.4,"Madison, Wisconsin",
55095,Polk,WI,,0,173,-13.73,44977,2367.2,19.0,40.4,0.0,69.3,"St. Paul, Minnesota",
55103,Richland,WI,,0,46,-10.81,17304,1518.1,11.4,55.4,0.0,85.7,"Madison, Wisconsin",
55115,Shawano,WI,,0,26,-12.11,40881,2313.0,17.67,60.2,0.0,60.2,"Green Bay, Wisconsin",
55129,Washburn,WI,,0,65,-14.72,16623,2064.5,8.05,86.5,0.0,139.8,"St. Paul, Minnesota",
55141,Wood,WI,,0,95,-12.57,74207,2054.2,36.13,30.6,0.0,154.2,"Green Bay, Wisconsin",
56025,Natrona,WY,,0,154,-10.02,79955,13831.5,5.78,0.6,97.7,272.8,"Fort Collins, Colorado",
56031,Platte,WY,,0,160,-8.91,8605,5398.1,1.59,4.4,115.8,170.8,"Fort Collins, Colorado",
56033,Sheridan,WY,,0,105,-10.81,30921,6537.1,4.73,3.5,69.0,163.3,"Billings, Montana",
56045,Weston,WY,,0,34,-11.31,6838,6211.0,1.1,49.3,0.0,377.0,"Fort Collins, Colorado",
53041,Lewis,WA,,0,295,-0.81,82149,6223.2,13.2,5.4,44.6,76.4,"Tacoma, Washington",
53045,Mason,WA,,0,447,0.26,65726,2484.9,26.45,30.2,0.0,45.1,"Tacoma, Washington",
53065,Stevens,WA,,0,127,-5.97,46445,6417.4,7.24,75.1,0.0,74.2,"Spokane, Washington",
54001,Barbour,WV,,0,25,-4.4,15465,883.3,17.51,28.4,0.0,149.1,"Pittsburgh, Pennsylvania",
54007,Braxton,WV,,0,39,-3.43,12447,1323.0,9.41,1.5,58.4,205.5,"Pittsburgh, Pennsylvania",
54013,Calhoun,WV,,0,30,-3.71,6229,723.3,8.61,27.4,0.0,201.4,"Pittsburgh, Pennsylvania",
54021,Gilmer,WV,,0,34,-3.73,7408,876.7,8.45,16.4,0.0,184.1,"Pittsburgh, Pennsylvania",
54039,Kanawha,WV,,0,236,-2.77,180745,2335.1,77.4,0.8,125.3,212.7,"Columbus, Ohio",
54049,Marion,WV,,0,69,-4.33,56205,799.6,70.29,4.1,21.4,108.3,"Pittsburgh, Pennsylvania",
54061,Monongalia,WV,,0,521,-4.55,105822,932.6,113.48,3.6,49.2,90.2,"Pittsburgh, Pennsylvania",
54079,Putnam,WV,,0,58,-2.91,57440,895.3,64.16,1.9,21.3,190.1,"Columbus, Ohio",
54089,Summers,WV,,0,85,-3.54,11959,933.6,12.81,13.8,15.8,183.3,"Winston-Salem, North Carolina",
54101,Webster,WV,,0,65,-4.64,8378,1433.5,5.84,28.6,0.0,224.6,"Pittsburgh, Pennsylvania",
55003,Ashland,WI,,0,46,-14.25,16027,2706.6,5.92,102.0,0.0,246.6,"St. Paul, Minnesota",
55005,Barron,WI,,0,22,-14.13,46711,2234.4,20.91,59.2,0.0,113.6,"St. Paul, Minnesota",
55007,Bayfield,WI,,0,102,-14.12,16220,3827.7,4.24,74.2,0.0,238.9,"St. Paul, Minnesota",
55017,Chippewa,WI,,0,60,-13.4,66297,2611.7,25.38,25.0,0.0,138.8,"St. Paul, Minnesota",
55025,Dane,WI,,0,777,-9.99,561504,3100.8,181.08,9.3,84.3,0.5,"Madison, Wisconsin",
49029,Morgan,UT,,0,123,-8.28,12295,1577.8,7.79,0.2,33.1,38.7,"Salt Lake City, Utah",
49031,Piute,UT,,0,188,-9.02,1438,1962.7,0.73,34.3,0.0,224.4,"Provo, Utah",
49035,Salt Lake,UT,,0,3040,-5.58,1185238,1922.5,616.51,0.0,145.0,3.4,"West Jordan, Utah",
49051,Wasatch,UT,,0,354,-10.02,34788,3044.5,11.43,25.3,0.0,37.4,"Provo, Utah",
50005,Caledonia,VT,,0,118,-12.92,30233,1680.6,17.99,2.5,79.0,171.5,"Manchester, New Hampshire",
50019,Orleans,VT,,0,92,-12.89,27393,1795.6,15.26,3.2,38.9,217.1,"Manchester, New Hampshire",
51007,Amelia,VA,,0,92,-1.63,13265,920.1,14.42,44.4,0.0,52.2,"Richmond, Virginia",
51017,Bath,VA,,0,228,-4.17,4209,1370.5,3.07,20.5,0.0,209.6,"Richmond, Virginia",
51029,Buckingham,VA,,0,206,-1.99,16824,1501.3,11.21,47.2,0.0,91.9,"Richmond, Virginia",
51043,Clarke,VA,,0,307,-3.68,14783,456.3,32.4,13.6,0.0,85.3,"Washington, District of Columbia",
51047,Culpeper,VA,,0,150,-2.87,52552,982.2,53.5,42.3,0.0,89.0,"Alexandria, Virginia",
51063,Floyd,VA,,0,113,-3.59,15476,985.3,15.71,20.2,0.0,94.9,"Winston-Salem, North Carolina",
51075,Goochland,VA,,0,424,-2.38,24727,728.9,33.93,3.2,36.4,39.4,"Richmond, Virginia",
51101,King William,VA,,0,142,-1.71,17810,709.5,25.1,22.8,0.0,37.5,"Richmond, Virginia",
51111,Lunenburg,VA,,0,235,-1.39,11936,1118.1,10.68,25.8,1.2,93.8,"Richmond, Virginia",
51113,Madison,VA,,0,610,-3.26,13837,830.6,16.66,41.7,0.0,113.2,"Alexandria, Virginia",
01023,Choctaw,AL,,0,56,3.24,12665,2366.0,5.35,47.5,0.0,148.5,"Mobile, Alabama",
01025,Clarke,AL,,0,129,3.82,23087,3207.6,7.2,70.1,0.0,112.0,"Mobile, Alabama",
01029,Cleburne,AL,,0,307,0.83,15056,1450.7,10.38,2.6,28.5,102.9,"Atlanta, Georgia",
01031,Coffee,AL,,0,165,3.95,53465,1758.5,30.4,66.5,0.0,119.0,"Montgomery, Alabama",
01037,Coosa,AL,,0,109,1.82,10387,1685.9,6.16,43.8,0.0,69.4,"Montgomery, Alabama",
01047,Dallas,AL,,0,130,3.31,38462,2534.8,15.17,56.4,0.0,69.0,"Montgomery, Alabama",
01055,Etowah,AL,,0,240,1.35,103436,1385.6,74.65,4.4,36.8,90.1,"Birmingham, Alabama",
01059,Franklin,AL,,0,75,0.26,32113,1641.6,19.56,82.1,0.0,113.9,"Huntsville, Alabama",
01061,Geneva,AL,,0,231,4.49,26659,1487.7,17.92,37.2,0.0,149.9,"Montgomery, Alabama",
01067,Henry,AL,,0,174,4.5,17146,1454.9,11.78,79.1,0.0,113.7,"Columbus, Georgia",
01071,Jackson,AL,,0,778,0.43,52579,2791.7,18.83,30.9,0.0,58.4,"Huntsville, Alabama",
01081,Lee,AL,,0,2830,2.55,174241,1573.5,110.73,4.0,35.2,37.7,"Columbus, Georgia",
01085,Lowndes,AL,,0,74,3.29,10311,1854.2,5.56,15.5,29.8,37.2,"Montgomery, Alabama",
01087,Macon,AL,,0,902,3.02,19532,1577.0,12.39,2.4,44.7,55.5,"Montgomery, Alabama",
01089,Madison,AL,,0,1726,0.49,388153,2076.1,186.96,1.5,19.7,3.0,"Huntsville, Alabama",
05143,Washington,AR,,0,3203,-1.82,245871,2439.7,100.78,1.2,54.1,145.1,"Broken Arrow, Oklahoma",
05147,Woodruff,AR,,0,25,0.89,6269,1519.8,4.12,36.3,0.0,108.6,"Little Rock, Arkansas",
06003,Alpine,CA,,0,403,-5.53,1204,1912.3,0.63,73.3,0.0,89.8,"Reno, Nevada",
06007,Butte,CA,,0,2847,2.9,211632,4238.4,49.93,40.6,0.0,108.3,"Roseville, California",
01093,Marion,AL,,0,54,0.57,29341,1922.5,15.26,90.5,0.0,118.7,"Birmingham, Alabama",
01095,Marshall,AL,,0,362,1.17,97612,1465.5,66.61,33.2,0.0,54.0,"Huntsville, Alabama",
01097,Mobile,AL,,0,1407,5.56,414809,3184.2,130.27,4.9,99.1,13.0,"Mobile, Alabama",
01101,Montgomery,AL,,0,489,3.2,228954,2031.2,112.72,1.7,60.8,6.6,"Montgomery, Alabama",
01117,Shelby,AL,,0,1103,1.67,223024,2033.0,109.7,5.3,36.1,26.4,"Birmingham, Alabama",
01119,Sumter,AL,,0,266,2.62,12345,2341.1,5.27,1.3,43.4,169.7,"Birmingham, Alabama",
01125,Tuscaloosa,AL,,0,1306,2.2,227036,3423.3,66.32,4.8,73.6,74.5,"Birmingham, Alabama",
01131,Wilcox,AL,,0,113,3.68,10600,2301.2,4.61,68.9,0.0,108.7,"Montgomery, Alabama",
01007,Bibb,AL,,0,670,1.99,22293,1612.5,13.83,20.9,0.0,62.7,"Birmingham, Alabama",
01011,Bullock,AL,,0,297,3.29,10357,1613.1,6.42,37.2,0.0,62.6,"Montgomery, Alabama",
01015,Calhoun,AL,,0,549,1.32,116441,1569.2,74.2,13.1,22.2,93.6,"Birmingham, Alabama",
06045,Mendocino,CA,,0,4107,2.94,91601,9081.4,10.09,102.8,0.0,111.3,"Santa Rosa, California",
06049,Modoc,CA,,0,877,-5.25,8700,10147.0,0.86,139.4,0.0,233.4,"Reno, Nevada",
06051,Mono,CA,,0,2764,-7.89,13195,7896.8,1.67,188.8,0.0,134.9,"Fresno, California",
06057,Nevada,CA,,0,1839,-0.98,102241,2480.6,41.22,7.2,55.4,61.4,"Roseville, California",
06059,Orange,CA,2025,1,19315,8.16,3186989,2047.6,1556.48,2.2,90.1,1.7,"Santa Ana, California",
06065,Riverside,CA,,0,60328,5.65,2418185,18664.7,129.56,11.0,429.0,21.3,"Moreno Valley, California",
06069,San Benito,CA,,0,5084,2.93,64209,3596.7,17.85,45.1,0.0,29.0,"Salinas, California",
06073,San Diego,CA,2016,18,75089,4.92,3298634,10895.1,302.76,0.4,310.1,17.2,"El Cajon, California",
06075,San Francisco,CA,,0,2026,6.96,873965,121.4,7199.02,2.6,11.9,2.2,"San Francisco, California",
06113,Yolo,CA,,0,2411,4.08,216403,2628.0,82.34,5.9,103.9,19.5,"Sacramento, California",
08001,Adams,CO,,0,548,-8.79,519572,3024.2,171.8,1.4,68.6,4.4,"Thornton, Colorado",
08007,Archuleta,CO,,0,354,-10.58,13359,3496.9,3.82,205.9,0.0,244.5,"Pueblo, Colorado",
08009,Baca,CO,,0,397,-6.59,3506,6617.3,0.53,173.0,0.0,206.6,"Pueblo, Colorado",
08015,Chaffee,CO,,0,136,-12.92,19476,2624.7,7.42,92.7,0.0,110.2,"Colorado Springs, Colorado",
08017,Cheyenne,CO,,0,70,-8.16,1748,4605.7,0.38,53.0,0.0,195.2,"Pueblo, Colorado",
08021,Conejos,CO,,0,99,-12.56,7461,3334.3,2.24,116.8,0.0,168.7,"Pueblo, Colorado",
08023,Costilla,CO,,0,80,-11.39,3499,3177.8,1.1,70.1,0.0,130.1,"Pueblo, Colorado",
08029,Delta,CO,,0,253,-8.31,31196,2957.9,10.55,51.0,0.0,262.6,"Lakewood, Colorado",
08037,Eagle,CO,,0,140,-11.85,55731,4362.9,12.77,9.8,91.7,132.5,"Boulder, Colorado",
08043,Fremont,CO,,0,955,-9.54,48939,3970.6,12.33,50.9,0.0,55.9,"Pueblo, Colorado",
06081,San Mateo,CA,,0,13065,5.86,764442,1161.4,658.22,3.3,45.3,1.3,"San Mateo, California",
06083,Santa Barbara,CA,,0,11060,4.3,448229,7083.8,63.27,105.5,0.0,45.8,"Santa Maria, California",
06087,Santa Cruz,CA,,0,11514,4.77,270861,1153.0,234.92,36.8,0.0,39.7,"San Jose, California",
06095,Solano,CA,,0,2386,4.5,453491,2128.4,213.07,1.2,116.6,2.8,"Fairfield, California",
06101,Sutter,CA,,0,400,4.39,99633,1560.2,63.86,38.4,0.0,52.9,"Roseville, California",
06103,Tehama,CA,,0,1035,2.27,65829,7639.7,8.62,0.1,65.8,172.1,"Roseville, California",
06109,Tuolumne,CA,,0,2187,-2.36,55620,5752.1,9.67,83.7,0.0,69.5,"Modesto, California",
06009,Calaveras,CA,,0,753,2.19,45292,2641.8,17.14,62.8,0.0,60.4,"Stockton, California",
06013,Contra Costa,CA,,0,13131,4.93,1165927,1854.3,628.78,2.6,86.1,4.8,"Concord, California",
06015,Del Norte,CA,,0,1107,1.9,27743,2606.5,10.64,101.1,0.0,267.3,"Eugene, Oregon",
13149,Heard,GA,,0,28,1.29,11412,766.7,14.88,27.7,0.0,83.3,"Atlanta, Georgia",
20059,Franklin,KS,,0,316,-4.74,25996,1480.8,17.55,1.9,49.2,49.1,"Olathe, Kansas",
06025,Imperial,CA,,0,10607,7.35,179702,10817.4,16.61,7.6,160.3,132.5,"El Cajon, California",
06029,Kern,CA,,0,14572,2.6,909235,21061.6,43.17,26.9,142.5,6.9,"Bakersfield, California",
06031,Kings,CA,,0,195,3.87,152486,3598.6,42.37,36.7,43.3,39.7,"Visalia, California",
06039,Madera,CA,,0,1560,0.31,156255,5535.0,28.23,69.4,0.0,38.7,"Fresno, California",
13067,Cobb,GA,,0,1700,1.28,766149,879.4,871.19,5.3,50.8,26.6,"Atlanta, Georgia",
13069,Coffee,GA,,0,75,4.65,43092,1489.5,28.93,63.7,0.0,173.3,"Jacksonville, Florida",
13073,Columbia,GA,,0,558,2.56,156010,751.3,207.65,3.2,27.8,15.9,"Augusta-Richmond County, Georgia",
13077,Coweta,GA,,0,472,1.59,146158,1141.9,127.99,1.7,36.1,52.3,"Atlanta, Georgia",
13081,Crisp,GA,,0,76,3.84,20128,706.0,28.51,2.2,26.0,127.0,"Columbus, Georgia",
13087,Decatur,GA,,0,148,4.97,29367,1546.6,18.99,35.4,0.0,57.3,"Tallahassee, Florida",
13093,Dooly,GA,,0,14,3.45,11208,1015.1,11.04,2.8,29.6,117.6,"Columbus, Georgia",
13095,Dougherty,GA,,0,94,4.6,85790,851.3,100.78,51.4,0.0,125.1,"Columbus, Georgia",
13101,Echols,GA,,0,48,5.35,3697,1074.6,3.44,14.0,0.0,121.6,"Tallahassee, Florida",
13103,Effingham,GA,,0,308,4.16,64769,1237.2,52.35,13.6,9.1,29.5,"Savannah, Georgia",
13109,Evans,GA,,0,49,4.42,10774,473.6,22.75,15.6,0.0,76.3,"Savannah, Georgia",
13115,Floyd,GA,,0,460,0.84,98584,1320.7,74.65,28.5,0.0,89.0,"Chattanooga, Tennessee",
13119,Franklin,GA,,0,40,1.24,23424,677.3,34.59,3.4,35.0,50.2,"Athens-Clarke County, Georgia",
08061,Kiowa,CO,,0,116,-8.02,1446,4578.5,0.32,92.1,0.0,166.9,"Pueblo, Colorado",
08063,Kit Carson,CO,,0,65,-7.89,7087,5596.5,1.27,2.3,96.3,207.3,"Aurora, Colorado",
08069,Larimer,CO,,0,2466,-9.52,359066,6723.6,53.4,7.8,62.4,9.1,"Fort Collins, Colorado",
12089,Nassau,FL,,0,1232,6.72,90352,1680.0,53.78,1.2,20.4,30.7,"Jacksonville, Florida",
12091,Okaloosa,FL,,0,2357,5.31,211668,2409.3,87.85,19.1,39.2,141.9,"Mobile, Alabama",
12097,Osceola,FL,,0,2750,11.1,388656,3438.1,113.04,16.4,13.2,29.8,"Orlando, Florida",
12099,Palm Beach,FL,,0,16822,13.79,1492191,5101.7,292.49,4.0,72.7,14.1,"West Palm Beach, Florida",
12101,Pasco,FL,,0,2413,10.04,561891,1934.4,290.47,14.7,32.5,34.4,"Tampa, Florida",
12107,Putnam,FL,,0,2520,8.42,73321,1884.5,38.91,39.3,0.0,58.6,"Gainesville, Florida",
12109,St. Johns,FL,,0,3840,8.83,273425,1555.7,175.76,2.8,58.2,43.3,"Jacksonville, Florida",
12113,Santa Rosa,FL,,0,1462,5.68,188000,2620.0,71.75,1.8,39.2,97.5,"Mobile, Alabama",
12115,Sarasota,FL,,0,5031,11.55,434006,1439.7,301.46,2.6,68.3,66.9,"St. Petersburg, Florida",
12117,Seminole,FL,,0,4417,10.66,470856,800.9,587.92,7.1,25.6,19.0,"Orlando, Florida",
12127,Volusia,FL,,0,6643,10.19,553543,2851.7,194.11,4.8,116.1,64.1,"Orlando, Florida",
12131,Walton,FL,,0,1584,5.45,75305,2687.4,28.02,17.7,42.5,177.7,"Mobile, Alabama",
13003,Atkinson,GA,,0,15,4.8,8286,879.0,9.43,56.1,0.0,160.0,"Jacksonville, Florida",
13005,Bacon,GA,,0,13,4.7,11140,669.7,16.63,94.9,0.0,142.0,"Savannah, Georgia",
13009,Baldwin,GA,,0,249,2.5,43799,667.8,65.59,43.7,0.0,97.3,"Athens-Clarke County, Georgia",
13015,Bartow,GA,,0,436,0.73,108901,1190.2,91.5,5.5,50.7,65.4,"Atlanta, Georgia",
13023,Bleckley,GA,,0,19,3.51,12583,559.1,22.51,21.3,2.3,155.0,"Columbus, Georgia",
13025,Brantley,GA,,0,46,4.99,18021,1145.7,15.73,35.5,0.0,102.9,"Jacksonville, Florida",
13031,Bulloch,GA,,0,732,4.1,81099,1742.6,46.54,14.4,41.3,72.3,"Savannah, Georgia",
13037,Calhoun,GA,,0,29,4.33,5573,726.1,7.67,95.9,0.0,108.5,"Columbus, Georgia",
13049,Charlton,GA,,0,1203,5.81,12518,2003.6,6.25,33.9,0.0,61.6,"Jacksonville, Florida",
13053,Chattahoochee,GA,,0,626,3.19,9565,644.2,14.85,7.5,0.0,15.7,"Columbus, Georgia",
13057,Cherokee,GA,,0,917,0.66,266620,1092.1,244.13,1.1,44.3,48.1,"Atlanta, Georgia",
13063,Clayton,GA,,0,157,1.91,297595,366.7,811.63,2.8,32.9,22.2,"Atlanta, Georgia",
09013,Tolland,CT,,0,367,-6.55,149788,1062.5,140.98,1.6,39.2,27.2,"Hartford, Connecticut",
10005,Sussex,DE,,0,1667,-1.6,237378,2424.4,97.91,113.4,0.0,130.6,"Baltimore, Maryland",
11001,District of Columbia,DC,,0,1638,,689545,158.1,4361.07,0.4,21.0,2.0,"Washington, District of Columbia",
12003,Baker,FL,,0,504,6.22,28259,1515.7,18.64,1.2,40.2,51.0,"Jacksonville, Florida",
12005,Bay,FL,,0,1661,6.77,175216,1964.4,89.2,60.6,0.0,135.8,"Tallahassee, Florida",
12011,Broward,FL,,0,17250,14.54,1944375,3133.3,620.55,4.7,130.8,9.2,"Fort Lauderdale, Florida",
12015,Charlotte,FL,,0,1693,11.91,186847,1761.9,106.05,8.4,35.1,46.2,"Cape Coral, Florida",
12071,Lee,FL,,0,9706,12.9,760822,2031.9,374.44,5.5,53.8,9.9,"Cape Coral, Florida",
12079,Madison,FL,,0,323,5.75,17968,1802.5,9.97,5.9,53.0,82.0,"Tallahassee, Florida",
12081,Manatee,FL,,0,2368,11.17,399710,1924.2,207.73,4.6,40.9,34.6,"St. Petersburg, Florida",
08085,Montrose,CO,,0,434,-8.04,42679,5803.4,7.35,80.0,0.0,270.2,"Colorado Springs, Colorado",
12017,Citrus,FL,,0,2048,8.88,153843,1506.6,102.11,33.5,0.0,88.0,"Gainesville, Florida",
12029,Dixie,FL,,0,637,6.78,16759,1826.1,9.18,55.5,0.0,71.1,"Gainesville, Florida",
12031,Duval,FL,,0,3962,7.65,995567,1974.1,504.32,0.9,149.1,5.0,"Jacksonville, Florida",
12041,Gilchrist,FL,,0,445,6.48,17864,905.7,19.72,30.0,0.0,47.1,"Gainesville, Florida",
12043,Glades,FL,,0,923,11.95,12126,2087.6,5.81,65.0,0.0,84.5,"Cape Coral, Florida",
12045,Gulf,FL,,0,632,6.65,14192,1460.8,9.72,80.3,0.0,108.3,"Tallahassee, Florida",
12049,Hardee,FL,,0,196,10.62,25327,1651.9,15.33,58.7,0.0,55.8,"Lakeland, Florida",
12051,Hendry,FL,,0,1092,12.66,39619,2985.6,13.27,58.5,0.0,75.7,"Cape Coral, Florida",
12053,Hernando,FL,,0,1498,9.47,194515,1223.9,158.93,21.2,18.7,61.3,"Tampa, Florida",
12061,Indian River,FL,,0,2779,11.79,159788,1302.4,122.68,8.2,31.1,42.7,"Palm Bay, Florida",
12063,Jackson,FL,,0,564,5.35,47319,2377.0,19.91,6.4,52.9,98.2,"Tallahassee, Florida",
12069,Lake,FL,,0,3081,9.68,383956,2430.4,157.98,34.6,0.0,41.4,"Orlando, Florida",
08075,Logan,CO,,0,133,-8.32,21528,4761.8,4.52,0.6,76.6,159.4,"Fort Collins, Colorado",
08077,Mesa,CO,,0,2847,-7.79,155703,8622.0,18.06,2.5,98.8,293.8,"Provo, Utah",
08081,Moffat,CO,,0,967,-10.5,13292,12285.1,1.08,106.0,0.0,205.4,"Boulder, Colorado",
08087,Morgan,CO,,0,118,-9.2,29111,3316.3,8.78,3.0,61.2,106.1,"Aurora, Colorado",
08091,Ouray,CO,,0,45,-10.86,4874,1402.7,3.47,120.3,0.0,264.7,"Colorado Springs, Colorado",
08097,Pitkin,CO,,0,71,-12.2,17358,2514.1,6.9,46.8,0.0,164.5,"Lakewood, Colorado",
08103,Rio Blanco,CO,,0,229,-9.78,6529,8342.2,0.78,67.8,0.0,253.6,"Boulder, Colorado",
08109,Saguache,CO,,0,123,-13.33,6368,8206.4,0.78,102.5,0.0,126.8,"Pueblo, Colorado",
08119,Teller,CO,,0,78,-12.19,24710,1442.8,17.13,27.1,0.0,30.1,"Colorado Springs, Colorado",
08121,Washington,CO,,0,58,-8.48,4817,6521.7,0.74,37.7,16.1,147.8,"Aurora, Colorado",
08125,Yuma,CO,,0,134,-7.92,9988,6123.8,1.63,81.2,0.0,202.8,"Aurora, Colorado",
09003,Hartford,CT,,0,674,-6.3,899498,1903.9,472.45,0.6,123.7,2.7,"Hartford, Connecticut",
09007,Middlesex,CT,,0,469,-5.35,164245,956.5,171.72,16.4,25.7,33.2,"Hartford, Connecticut",
05015,Carroll,AR,,0,411,-2.15,28260,1631.9,17.32,52.7,0.0,96.6,"Springfield, Missouri",
05017,Chicot,AR,,0,59,2.72,10208,1668.7,6.12,99.7,0.0,155.8,"Jackson, Mississippi",
05025,Cleveland,AR,,0,9,1.49,7550,1548.3,4.88,36.6,0.0,94.2,"Little Rock, Arkansas",
05027,Columbia,AR,,0,617,1.9,22801,1984.1,11.49,58.0,0.0,94.3,"Shreveport, Louisiana",
05033,Crawford,AR,,0,293,-0.89,60133,1536.1,39.15,1.1,67.9,149.6,"Broken Arrow, Oklahoma",
05045,Faulkner,AR,,0,641,0.08,123498,1678.0,73.6,1.6,30.6,41.5,"Little Rock, Arkansas",
05047,Franklin,AR,,0,301,-0.85,17097,1576.9,10.84,9.0,30.4,164.4,"Little Rock, Arkansas",
05053,Grant,AR,,0,46,0.98,17958,1636.4,10.97,22.3,1.7,49.9,"Little Rock, Arkansas",
05059,Hot Spring,AR,,0,192,0.67,33040,1593.4,20.74,0.4,42.2,70.5,"Little Rock, Arkansas",
05067,Jackson,AR,,0,33,0.09,16755,1641.9,10.2,77.4,0.0,120.2,"Memphis, Tennessee",
05073,Lafayette,AR,,0,74,2.14,6308,1368.2,4.61,42.3,0.0,86.0,"Shreveport, Louisiana",
05081,Little River,AR,,0,61,1.6,12026,1378.5,8.72,26.0,0.0,137.6,"Shreveport, Louisiana",
05083,Logan,AR,,0,169,-0.39,21131,1834.0,11.52,32.1,0.0,144.3,"Little Rock, Arkansas",
05087,Madison,AR,,0,408,-2.01,16521,2160.7,7.65,37.1,0.0,134.9,"Springfield, Missouri",
16001,Ada,ID,,0,3237,-3.78,494967,2726.2,181.56,1.3,59.6,8.0,"Boise City, Idaho",
16003,Adams,ID,,0,135,-7.45,4379,3530.3,1.24,86.0,0.0,137.2,"Boise City, Idaho",
16009,Benewah,ID,,0,31,-4.09,9530,2011.4,4.74,37.0,0.0,73.0,"Spokane, Washington",
16017,Bonner,ID,,0,164,-5.69,47110,4492.5,10.49,59.3,0.0,87.5,"Spokane, Washington",
16019,Bonneville,ID,,0,203,-9.76,123964,4833.1,25.65,6.4,24.3,305.9,"Salt Lake City, Utah",
05089,Marion,AR,,0,151,-2.48,16826,1546.2,10.88,116.0,0.0,117.7,"Springfield, Missouri",
05091,Miller,AR,,0,100,2.39,42600,1620.2,26.29,8.4,26.0,100.3,"Shreveport, Louisiana",
05093,Mississippi,AR,,0,69,0.49,40685,2332.5,17.44,3.9,71.6,77.8,"Memphis, Tennessee",
05099,Nevada,AR,,0,76,1.16,8310,1600.2,5.19,11.2,17.7,138.8,"Shreveport, Louisiana",
05103,Ouachita,AR,,0,101,1.27,22650,1897.9,11.93,55.8,0.0,140.4,"Little Rock, Arkansas",
05113,Polk,AR,,0,565,-0.32,19221,2221.4,8.65,100.7,0.0,180.7,"Little Rock, Arkansas",
05115,Pope,AR,,0,281,-0.9,63381,2104.5,30.12,3.1,43.3,96.4,"Little Rock, Arkansas",
05121,Randolph,AR,,0,45,-1.63,18571,1689.2,10.99,105.0,0.0,154.2,"Memphis, Tennessee",
05133,Sevier,AR,,0,75,0.86,15839,1463.7,10.82,60.6,0.0,174.1,"Shreveport, Louisiana",
05137,Stone,AR,,0,330,-1.28,12359,1570.6,7.87,86.9,0.0,124.9,"Little Rock, Arkansas",
13317,Wilkes,GA,,0,20,1.71,9565,1216.0,7.87,28.5,0.0,59.7,"Athens-Clarke County, Georgia",
13321,Worth,GA,,0,56,4.36,20784,1478.1,14.06,27.4,0.0,129.5,"Tallahassee, Florida",
04005,Coconino,AZ,,0,13035,-4.85,145101,48222.7,3.01,29.3,206.4,218.0,"Surprise, Arizona",
04009,Graham,AZ,,0,3427,0.48,38533,11972.5,3.22,57.7,0.0,126.9,"Tucson, Arizona",
04011,Greenlee,AZ,,0,937,-1.81,9563,4773.7,2.0,76.6,0.0,177.4,"Tucson, Arizona",
04012,La Paz,AZ,,0,1741,5.6,16557,11654.0,1.42,31.5,113.7,170.8,"Surprise, Arizona",
04017,Navajo,AZ,,0,2146,-6.07,106717,25771.5,4.14,5.5,90.0,219.5,"Scottsdale, Arizona",
04021,Pinal,AZ,,0,7123,4.14,425264,13896.9,30.6,15.4,151.5,34.5,"Chandler, Arizona",
04023,Santa Cruz,AZ,,0,8881,0.31,47669,3203.6,14.88,2.3,45.9,87.2,"Tucson, Arizona",
04027,Yuma,AZ,,0,4814,5.93,203881,14281.2,14.28,4.6,127.3,220.3,"El Cajon, California",
05003,Ashley,AR,,0,167,2.39,19062,2396.6,7.95,77.5,0.0,179.1,"Little Rock, Arkansas",
05013,Calhoun,AR,,0,26,1.35,4739,1628.0,2.91,77.7,0.0,131.2,"Little Rock, Arkansas",
16071,Oneida,ID,,0,86,-7.74,4564,3108.1,1.47,5.3,63.4,162.6,"Salt Lake City, Utah",
16077,Power,ID,,0,225,-7.89,7878,3637.0,2.17,1.0,67.6,238.2,"Salt Lake City, Utah",
16079,Shoshone,ID,,0,68,-5.51,13169,6810.8,1.93,2.9,47.9,102.3,"Spokane, Washington",
16083,Twin Falls,ID,,0,325,-6.09,90046,4975.9,18.1,10.2,0.0,182.4,"Boise City, Idaho",
17003,Alexander,IL,,0,104,-1.96,5240,610.0,8.59,11.0,22.2,176.5,"Evansville, Indiana",
17007,Boone,IL,,0,76,-8.76,53448,727.1,73.51,6.6,20.1,20.0,"Rockford, Illinois",
17011,Bureau,IL,,0,36,-7.96,33244,2250.8,14.77,1.3,59.0,78.4,"Peoria, Illinois",
17015,Carroll,IL,,0,48,-8.9,15702,1152.0,13.63,35.4,0.0,75.4,"Rockford, Illinois",
17023,Clark,IL,,0,16,-4.76,15455,1298.7,11.9,4.6,44.2,147.1,"Indianapolis, Indiana",
17033,Crawford,IL,,0,22,-4.15,18679,1149.0,16.26,40.9,0.0,116.8,"Evansville, Indiana",
17037,DeKalb,IL,,0,79,-8.35,100420,1635.1,61.42,2.7,29.0,38.4,"Aurora, Illinois",
17041,Douglas,IL,,0,9,-5.45,19740,1079.2,18.29,0.8,25.9,116.3,"Springfield, Illinois",
17043,DuPage,IL,,0,869,-7.4,932877,848.2,1099.81,4.4,75.5,12.9,"Naperville, Illinois",
18117,Orange,IN,,0,74,-4.15,19867,1031.8,19.25,35.5,0.0,72.6,"Louisville, Kentucky",
18121,Parke,IN,,0,128,-5.58,16156,1151.7,14.03,34.0,0.0,90.6,"Indianapolis, Indiana",
18127,Porter,IN,,0,611,-6.79,173215,1083.0,159.94,6.5,50.0,59.5,"Chicago, Illinois",
18135,Randolph,IN,,0,17,-5.81,24502,1171.7,20.91,33.9,0.0,82.3,"Dayton, Ohio",
18137,Ripley,IN,,0,192,-4.34,28995,1156.2,25.08,15.4,13.3,60.9,"Cincinnati, Ohio",
18141,St. Joseph,IN,,0,93,-6.83,272912,1185.8,230.14,4.4,39.2,2.1,"South Bend, Indiana",
18149,Starke,IN,,0,53,-6.9,23371,800.7,29.19,39.7,0.0,54.3,"South Bend, Indiana",
18151,Steuben,IN,,0,47,-7.1,34435,800.1,43.04,1.6,61.3,64.8,"Fort Wayne, Indiana",
18159,Tipton,IN,,0,9,-5.95,15359,674.8,22.76,37.4,0.0,61.1,"Indianapolis, Indiana",
18161,Union,IN,,0,10,-5.09,7087,417.6,16.97,25.9,0.0,63.8,"Dayton, Ohio",
18167,Vigo,IN,,0,135,-4.84,106153,1044.6,101.62,3.2,26.4,110.1,"Indianapolis, Indiana",
18169,Wabash,IN,,0,30,-6.08,30976,1068.2,29.0,33.4,0.0,60.9,"Fort Wayne, Indiana",
18175,Washington,IN,,0,75,-4.04,28182,1330.5,21.18,26.5,0.0,45.7,"Louisville, Kentucky",
18181,White,IN,,0,21,-6.52,24688,1308.3,18.87,21.1,24.0,113.3,"South Bend, Indiana",
19001,Adair,IA,,0,4,-9.42,7496,1474.4,5.08,15.9,38.2,77.4,"Des Moines, Iowa",
17047,Edwards,IL,,0,7,-3.31,6245,576.1,10.84,18.5,0.0,63.1,"Evansville, Indiana",
17051,Fayette,IL,,0,42,-4.31,21488,1855.7,11.58,2.0,55.3,102.6,"Springfield, Illinois",
17053,Ford,IL,,0,8,-6.73,13534,1257.7,10.76,10.5,10.3,112.9,"Joliet, Illinois",
17057,Fulton,IL,,0,70,-6.58,33609,2241.9,14.99,38.1,0.0,48.1,"Peoria, Illinois",
17063,Grundy,IL,,0,94,-7.12,52533,1082.7,48.52,7.7,49.7,29.3,"Joliet, Illinois",
18055,Greene,IN,,0,77,-4.65,30803,1405.1,21.92,46.2,0.0,107.4,"Indianapolis, Indiana",
18057,Hamilton,IN,,0,200,-5.59,347467,1021.1,340.27,6.6,21.8,27.5,"Indianapolis, Indiana",
18065,Henry,IN,,0,45,-5.53,48914,1015.0,48.19,8.3,32.8,66.4,"Indianapolis, Indiana",
18067,Howard,IN,,0,37,-6.01,83658,759.0,110.22,48.6,0.0,78.7,"Indianapolis, Indiana",
18071,Jackson,IN,,0,235,-4.04,46428,1319.1,35.2,8.7,32.1,77.3,"Louisville, Kentucky",
18077,Jefferson,IN,,0,391,-3.62,33147,934.0,35.49,28.0,0.0,63.3,"Louisville, Kentucky",
18087,LaGrange,IN,,0,33,-6.86,40446,983.2,41.14,13.1,39.1,65.1,"South Bend, Indiana",
18091,LaPorte,IN,,0,51,-6.78,112417,1549.6,72.55,0.2,55.1,44.9,"South Bend, Indiana",
18097,Marion,IN,,0,509,-5.23,977203,1026.4,952.06,0.1,177.6,3.0,"Indianapolis, Indiana",
18101,Martin,IN,,0,74,-4.44,9812,869.6,11.28,52.1,0.0,101.0,"Evansville, Indiana",
18103,Miami,IN,,0,13,-6.05,35962,968.2,37.14,46.7,0.0,87.5,"Fort Wayne, Indiana",
18109,Morgan,IN,,0,274,-4.93,71780,1046.3,68.61,13.9,12.1,35.2,"Indianapolis, Indiana",
16023,Butte,ID,,0,173,-11.95,2574,5780.0,0.45,90.0,0.0,234.1,"Boise City, Idaho",
16025,Camas,ID,,0,19,-9.8,1077,2782.9,0.39,50.3,0.0,121.3,"Boise City, Idaho",
16029,Caribou,ID,,0,103,-9.8,7027,4569.1,1.54,44.0,0.0,211.9,"Salt Lake City, Utah",
16033,Clark,ID,,0,15,-11.63,790,4569.2,0.17,2.2,58.3,322.7,"Boise City, Idaho",
16041,Franklin,ID,,0,20,-8.75,14194,1718.8,8.26,28.0,0.0,149.7,"Salt Lake City, Utah",
16043,Fremont,ID,,0,134,-11.85,13388,4826.5,2.77,48.8,0.0,315.0,"Billings, Montana",
16047,Gooding,ID,,0,150,-6.22,15598,1888.0,8.26,4.5,46.0,146.0,"Boise City, Idaho",
16053,Jerome,ID,,0,34,-5.88,24237,1546.7,15.67,3.5,62.7,174.9,"Boise City, Idaho",
16055,Kootenai,ID,,0,222,-4.14,171362,3222.3,53.18,2.2,60.4,45.4,"Spokane, Washington",
16061,Lewis,ID,,0,10,-5.03,3533,1240.1,2.85,139.4,0.0,180.7,"Spokane, Washington",
16065,Madison,ID,,0,39,-9.98,52913,1215.2,43.54,29.6,0.0,339.7,"Billings, Montana",
16069,Nez Perce,ID,,0,78,-3.36,42090,2196.5,19.16,127.3,0.0,144.6,"Spokane, Washington",
18007,Benton,IN,,0,14,-6.75,8719,1052.6,8.28,23.2,0.0,125.0,"Joliet, Illinois",
18013,Brown,IN,,0,544,-4.61,15475,808.0,19.15,21.8,0.0,59.7,"Indianapolis, Indiana",
18015,Carroll,IN,,0,35,-6.15,20306,964.1,21.06,23.7,0.0,98.2,"Indianapolis, Indiana",
18019,Clark,IN,,0,163,-3.32,121093,965.7,125.4,1.9,43.3,13.7,"Louisville, Kentucky",
18025,Crawford,IN,,0,75,-3.57,10526,791.6,13.3,7.7,25.1,57.9,"Louisville, Kentucky",
18031,Decatur,IN,,0,27,-4.47,26472,964.9,27.43,5.0,33.3,75.7,"Indianapolis, Indiana",
18035,Delaware,IN,,0,46,-5.43,111903,1015.6,110.18,13.7,31.5,80.5,"Indianapolis, Indiana",
18045,Fountain,IN,,0,36,-6.12,16479,1024.7,16.08,2.6,26.7,103.7,"Indianapolis, Indiana",
13137,Habersham,GA,,0,123,0.51,46031,716.8,64.22,30.9,0.0,70.6,"Athens-Clarke County, Georgia",
13141,Hancock,GA,,0,30,2.22,8735,1222.1,7.15,31.2,0.0,84.1,"Athens-Clarke County, Georgia",
13147,Hart,GA,,0,24,1.22,25828,601.9,42.91,15.8,2.7,57.7,"Athens-Clarke County, Georgia",
13155,Irwin,GA,,0,51,4.51,9666,917.7,10.53,24.1,0.0,160.9,"Tallahassee, Florida",
13159,Jasper,GA,,0,101,1.42,14588,953.5,15.3,27.9,0.0,74.5,"Athens-Clarke County, Georgia",
13165,Jenkins,GA,,0,77,3.26,8674,899.4,9.64,47.8,0.0,76.5,"Augusta-Richmond County, Georgia",
13171,Lamar,GA,,0,73,1.97,18500,475.3,38.93,13.1,5.3,77.3,"Atlanta, Georgia",
13173,Lanier,GA,,0,61,4.93,9877,479.8,20.58,28.3,0.0,131.2,"Tallahassee, Florida",
20091,Johnson,KS,2021,41,2269,-4.94,609863,1226.0,497.43,1.2,75.5,8.3,"Olathe, Kansas",
20097,Kiowa,KS,,0,145,-5.5,2460,1871.6,1.31,142.9,0.0,167.8,"Wichita, Kansas",
20099,Labette,KS,,0,226,-2.93,20184,1671.3,12.08,56.1,0.0,139.7,"Tulsa, Oklahoma",
20103,Leavenworth,KS,,0,459,-5.28,81881,1198.7,68.31,14.3,25.3,31.5,"Kansas City, Kansas",
20109,Logan,KS,,0,364,-7.4,2762,2779.0,0.99,10.1,0.9,331.1,"Pueblo, Colorado",
20113,McPherson,KS,,0,88,-5.29,30223,2326.5,12.99,2.2,54.6,82.3,"Wichita, Kansas",
20119,Meade,KS,,0,518,-5.56,4055,2533.2,1.6,195.1,0.0,264.7,"Amarillo, Texas",
20125,Montgomery,KS,,0,312,-3.16,31486,1666.7,18.89,74.8,0.0,114.0,"Tulsa, Oklahoma",
20131,Nemaha,KS,,0,47,-7.41,10273,1858.1,5.53,64.9,0.0,89.9,"Topeka, Kansas",
20141,Osborne,KS,,0,71,-7.09,3500,2311.6,1.51,63.7,0.0,227.8,"Wichita, Kansas",
20143,Ottawa,KS,,0,73,-5.95,5735,1866.7,3.07,24.4,0.0,160.6,"Wichita, Kansas",
20157,Republic,KS,,0,37,-7.31,4674,1858.0,2.52,103.3,0.0,139.6,"Lincoln, Nebraska",
20165,Rush,KS,,0,74,-6.4,2956,1859.0,1.59,39.0,0.0,193.3,"Wichita, Kansas",
20167,Russell,KS,,0,2434,-6.52,6691,2295.4,2.91,4.8,47.9,187.9,"Wichita, Kansas",
20171,Scott,KS,,0,121,-7.36,5151,1858.4,2.77,71.3,0.0,320.9,"Pueblo, Colorado",
20177,Shawnee,KS,1981,99,510,-5.75,178909,1409.0,126.98,0.9,65.1,2.8,"Topeka, Kansas",
22057,Lafourche,LA,,0,405,8.61,97557,2766.7,35.26,31.3,0.0,61.6,"New Orleans, Louisiana",
22061,Lincoln,LA,,0,209,2.53,48396,1221.8,39.61,0.8,43.7,103.3,"Shreveport, Louisiana",
22063,Livingston,LA,,0,1300,5.85,142282,1678.8,84.75,1.2,41.6,28.6,"Baton Rouge, Louisiana",
22069,Natchitoches,LA,,0,527,3.95,37515,3243.3,11.57,5.1,79.6,105.3,"Shreveport, Louisiana",
22075,Plaquemines,LA,,0,208,9.24,23515,2020.0,11.64,31.3,0.0,29.8,"New Orleans, Louisiana",
22079,Rapides,LA,,0,682,4.9,130023,3413.5,38.09,1.2,81.6,125.2,"Lafayette, Louisiana",
22081,Red River,LA,,0,35,3.35,7620,1007.7,7.56,16.6,0.0,67.0,"Shreveport, Louisiana",
22085,Sabine,LA,,0,83,3.82,22155,2244.6,9.87,39.8,0.0,107.0,"Shreveport, Louisiana",
21111,Jefferson,KY,,0,702,-2.57,782969,985.3,794.67,0.3,155.9,8.5,"Louisville, Kentucky",
21113,Jessamine,KY,,0,104,-2.67,52991,445.8,118.87,18.2,0.0,18.6,"Lexington-Fayette, Kentucky",
21123,Larue,KY,,0,61,-2.65,14867,677.3,21.95,13.7,6.8,79.6,"Louisville, Kentucky",
21129,Lee,KY,,0,112,-2.49,7395,540.9,13.67,53.3,0.0,86.1,"Lexington-Fayette, Kentucky",
21135,Lewis,KY,,0,36,-3.65,13080,1250.5,10.46,29.0,0.0,115.9,"Lexington-Fayette, Kentucky",
21139,Livingston,KY,,0,43,-1.79,8888,811.0,10.96,13.1,7.6,110.7,"Clarksville, Tennessee",
21145,McCracken,KY,,0,71,-1.6,67875,644.2,105.36,0.3,27.2,128.1,"Clarksville, Tennessee",
21153,Magoffin,KY,,0,3,-2.83,11637,798.9,14.57,63.1,0.0,130.6,"Lexington-Fayette, Kentucky",
21159,Martin,KY,,0,6,-2.66,11287,594.7,18.98,61.5,0.0,174.5,"Lexington-Fayette, Kentucky",
21167,Mercer,KY,,0,56,-2.69,22641,644.4,35.14,41.7,0.0,41.5,"Lexington-Fayette, Kentucky",
21171,Monroe,KY,,0,8,-1.97,11338,853.1,13.29,51.9,0.0,112.1,"Nashville, Tennessee",
21173,Montgomery,KY,,0,15,-2.98,28114,511.2,55.0,5.1,17.7,50.9,"Lexington-Fayette, Kentucky",
21179,Nelson,KY,,0,47,-2.62,46738,1081.4,43.22,21.6,0.3,54.9,"Louisville, Kentucky",
19053,Decatur,IA,,0,15,-8.17,7645,1377.6,5.55,1.6,38.9,100.9,"Des Moines, Iowa",
18003,Allen,IN,,0,276,-6.32,385410,1702.4,226.39,3.8,94.0,2.7,"Fort Wayne, Indiana",
13181,Lincoln,GA,,0,50,2.02,7690,544.9,14.11,30.2,0.0,52.8,"Augusta-Richmond County, Georgia",
19061,Dubuque,IA,,0,125,-9.73,99266,1575.5,63.01,89.1,0.0,93.8,"Cedar Rapids, Iowa",
19069,Franklin,IA,,0,3,-11.03,10019,1507.3,6.65,11.8,34.6,132.6,"Des Moines, Iowa",
19075,Grundy,IA,,0,4,-10.5,12329,1299.8,9.49,41.5,0.0,99.5,"Cedar Rapids, Iowa",
19077,Guthrie,IA,,0,30,-9.81,10623,1529.7,6.94,19.8,0.0,68.1,"Des Moines, Iowa",
19089,Howard,IA,,0,4,-12.12,9469,1225.7,7.73,54.1,0.0,75.3,"Rochester, Minnesota",
19093,Ida,IA,,0,5,-10.57,7005,1117.6,6.27,64.6,0.0,134.0,"Omaha, Nebraska",
19101,Jefferson,IA,,0,40,-8.19,15663,1128.0,13.89,74.8,0.0,110.9,"Cedar Rapids, Iowa",
19103,Johnson,IA,,0,420,-9.06,152854,1590.4,96.11,0.1,58.7,34.0,"Cedar Rapids, Iowa",
19107,Keokuk,IA,,0,7,-8.68,10033,1500.1,6.69,41.6,0.0,84.4,"Cedar Rapids, Iowa",
19111,Lee,IA,,0,20,-6.99,33555,1340.4,25.03,62.6,0.0,127.6,"Davenport, Iowa",
19127,Marshall,IA,,0,22,-9.88,40105,1482.8,27.05,38.4,0.0,73.3,"Des Moines, Iowa",
19129,Mills,IA,,0,51,-8.26,14484,1133.0,12.78,10.7,29.4,33.9,"Omaha, Nebraska",
19135,Monroe,IA,,0,9,-8.16,7577,1123.3,6.75,73.3,0.0,90.9,"Des Moines, Iowa",
19139,Muscatine,IA,,0,80,-8.47,43235,1133.0,38.16,19.2,0.0,42.0,"Davenport, Iowa",
19145,Page,IA,,0,11,-8.09,15211,1385.5,10.98,42.9,0.0,88.2,"Omaha, Nebraska",
20181,Sherman,KS,,0,35,-7.71,5927,2735.2,2.17,2.4,56.2,267.9,"Aurora, Colorado",
19153,Polk,IA,,0,427,-8.89,492401,1486.1,331.33,2.4,103.1,4.3,"Des Moines, Iowa",
19155,Pottawattamie,IA,,0,100,-8.86,93667,2461.2,38.06,0.9,150.7,17.2,"Omaha, Nebraska",
19159,Ringgold,IA,,0,9,-8.37,4663,1386.9,3.36,31.7,0.0,109.8,"Des Moines, Iowa",
19163,Scott,IA,,0,91,-8.27,174669,1186.4,147.22,3.2,58.3,4.8,"Davenport, Iowa",
19171,Tama,IA,,0,10,-10.08,17135,1867.4,9.18,41.9,0.0,72.9,"Cedar Rapids, Iowa",
19177,Van Buren,IA,,0,40,-7.69,7203,1255.6,5.74,98.5,0.0,140.0,"Cedar Rapids, Iowa",
19183,Washington,IA,,0,20,-8.59,22565,1473.3,15.32,35.8,0.0,68.6,"Cedar Rapids, Iowa",
19189,Winnebago,IA,,0,3,-11.99,10679,1037.3,10.3,25.4,0.0,121.0,"Rochester, Minnesota",
19193,Woodbury,IA,,0,145,-10.29,105941,2260.6,46.86,3.0,38.8,122.6,"Sioux Falls, South Dakota",
20003,Anderson,KS,,0,696,-4.39,7836,1501.3,5.22,32.1,0.0,80.3,"Olathe, Kansas",
20009,Barton,KS,,0,544,-6.07,25493,2319.1,10.99,51.6,0.0,146.9,"Wichita, Kansas",
20017,Chase,KS,,0,1010,-5.2,2572,2002.2,1.28,18.7,31.0,101.0,"Wichita, Kansas",
20019,Chautauqua,KS,,0,950,-3.66,3379,1654.7,2.04,97.6,0.0,109.7,"Tulsa, Oklahoma",
13211,Morgan,GA,,0,70,1.51,20097,899.6,22.34,4.4,38.6,41.0,"Athens-Clarke County, Georgia",
27081,Lincoln,MN,,0,16,-13.17,5640,1390.2,4.06,42.3,0.0,100.1,"Sioux Falls, South Dakota",
27089,Marshall,MN,,0,7,-17.69,9040,4597.4,1.97,49.8,0.0,159.1,"Fargo, North Dakota",
27091,Martin,MN,,0,1,-12.21,20025,1845.0,10.85,1.5,49.0,167.1,"Rochester, Minnesota",
27095,Mille Lacs,MN,,0,55,-14.41,26459,1482.3,17.85,49.7,0.0,94.6,"Minneapolis, Minnesota",
27097,Morrison,MN,,0,24,-14.74,34010,2913.9,11.67,42.5,0.0,139.4,"Minneapolis, Minnesota",
27099,Mower,MN,,0,10,-12.39,40029,1842.3,21.73,0.8,49.5,51.4,"Rochester, Minnesota",
27105,Nobles,MN,,0,4,-12.68,22290,1852.1,12.03,0.6,48.1,86.4,"Sioux Falls, South Dakota",
27109,Olmsted,MN,,0,107,-12.49,162847,1692.2,96.24,12.7,42.6,1.4,"Rochester, Minnesota",
27111,Otter Tail,MN,,0,87,-15.91,60081,5107.6,11.76,27.3,55.1,92.7,"Fargo, North Dakota",
27115,Pine,MN,,0,90,-14.79,28876,3655.2,7.9,2.3,80.2,120.5,"Minneapolis, Minnesota",
27117,Pipestone,MN,,0,10,-13.07,9424,1204.5,7.82,37.9,0.0,61.2,"Sioux Falls, South Dakota",
27119,Polk,MN,,0,25,-17.0,31192,5105.2,6.11,39.7,0.0,101.7,"Fargo, North Dakota",
27129,Renville,MN,,0,19,-13.1,14723,2545.7,5.78,101.9,0.0,135.4,"Minneapolis, Minnesota",
27133,Rock,MN,,0,69,-12.43,9704,1249.6,7.77,1.1,34.0,41.4,"Sioux Falls, South Dakota",
19059,Dickinson,IA,,0,90,-12.19,17703,985.8,17.96,27.9,0.0,129.8,"Sioux Falls, South Dakota",
27141,Sherburne,MN,,0,318,-13.61,97183,1121.3,86.67,12.0,0.0,59.2,"Minneapolis, Minnesota",
27145,Stearns,MN,,0,47,-14.4,158292,3478.7,45.5,1.3,93.9,107.2,"Minneapolis, Minnesota",
27149,Stevens,MN,,0,6,-14.79,9671,1459.7,6.63,47.1,0.0,159.0,"Fargo, North Dakota",
27157,Wabasha,MN,,0,62,-12.27,21387,1354.5,15.79,37.9,0.0,38.1,"Rochester, Minnesota",
27163,Washington,MN,,0,311,-12.37,267568,995.3,268.84,3.6,40.0,13.7,"St. Paul, Minnesota",
27171,Wright,MN,,0,164,-13.31,141337,1713.2,82.5,9.9,44.5,50.0,"Minneapolis, Minnesota",
28005,Amite,MS,,0,58,4.34,12720,1891.0,6.73,30.6,0.0,87.0,"Baton Rouge, Louisiana",
28009,Benton,MS,,0,51,0.44,7646,1053.1,7.26,65.0,0.0,85.2,"Memphis, Tennessee",
28011,Bolivar,MS,,0,127,2.3,30985,2270.3,13.65,84.8,0.0,167.4,"Memphis, Tennessee",
28015,Carroll,MS,,0,56,2.27,9998,1627.1,6.14,14.5,29.2,132.1,"Jackson, Mississippi",
28021,Claiborne,MS,,0,38,3.89,9135,1262.4,7.24,42.9,0.0,82.8,"Jackson, Mississippi",
28031,Covington,MS,,0,61,3.53,18340,1071.7,17.11,26.6,0.0,95.3,"Jackson, Mississippi",
28039,George,MS,,0,80,4.68,24350,1239.8,19.64,46.6,0.0,56.0,"Mobile, Alabama",
19149,Plymouth,IA,,0,52,-10.85,25698,2234.9,11.5,32.8,0.0,98.7,"Sioux Falls, South Dakota",
28045,Hancock,MS,,0,354,5.96,46053,1227.0,37.53,1.0,30.3,79.9,"New Orleans, Louisiana",
28051,Holmes,MS,,0,62,2.91,17000,1959.8,8.67,10.4,42.9,89.4,"Jackson, Mississippi",
28053,Humphreys,MS,,0,46,3.33,7785,1083.9,7.18,55.6,0.0,101.4,"Jackson, Mississippi",
28059,Jackson,MS,,0,1573,5.72,143252,1871.9,76.53,1.2,47.7,66.4,"Mobile, Alabama",
28067,Jones,MS,,0,216,3.63,67246,1799.5,37.37,0.5,52.4,118.8,"Jackson, Mississippi",
28073,Lamar,MS,,0,503,4.36,64222,1287.4,49.89,8.2,28.2,134.0,"Jackson, Mississippi",
23007,Franklin,ME,,0,190,-13.34,29456,4394.2,6.7,47.2,0.0,214.8,"Manchester, New Hampshire",
13215,Muscogee,GA,,0,429,3.05,206922,560.4,369.22,1.8,28.8,6.7,"Columbus, Georgia",
13239,Quitman,GA,,0,5,3.71,2235,391.7,5.71,62.5,0.0,67.6,"Columbus, Georgia",
27077,Lake of the Woods,MN,,0,13,-18.56,3763,3361.5,1.12,182.2,0.0,259.6,"Fargo, North Dakota",
45031,Darlington,SC,,0,162,1.89,62905,1453.4,43.28,13.0,20.8,102.7,"Columbia, South Carolina",
45035,Dorchester,SC,,0,743,3.4,161540,1484.7,108.81,8.0,55.9,27.2,"North Charleston, South Carolina",
45037,Edgefield,SC,,0,96,2.2,25657,1296.0,19.8,13.7,0.0,28.0,"Augusta-Richmond County, Georgia",
47011,Bradley,TN,,0,177,-0.08,108620,851.5,127.56,3.9,29.6,42.9,"Chattanooga, Tennessee",
47017,Carroll,TN,,0,65,-0.7,28440,1552.1,18.32,26.9,3.3,113.8,"Clarksville, Tennessee",
47021,Cheatham,TN,,0,1245,-0.96,41072,783.3,52.43,13.8,17.3,28.0,"Nashville, Tennessee",
47025,Claiborne,TN,,0,58,-2.16,32043,1125.6,28.47,42.8,0.0,64.2,"Knoxville, Tennessee",
47033,Crockett,TN,,0,46,-0.17,13911,687.7,20.23,21.4,0.0,109.9,"Memphis, Tennessee",
47035,Cumberland,TN,,0,195,-1.65,61145,1763.8,34.67,2.4,57.2,98.1,"Knoxville, Tennessee",
47041,DeKalb,TN,,0,88,-1.05,20080,788.3,25.47,18.4,0.0,51.3,"Murfreesboro, Tennessee",
47047,Fayette,TN,,0,169,0.52,41990,1825.4,23.0,15.6,25.5,51.7,"Memphis, Tennessee",
47049,Fentress,TN,,0,143,-2.12,18489,1291.4,14.32,39.7,0.0,101.2,"Knoxville, Tennessee",
47059,Greene,TN,,0,188,-1.29,70152,1611.4,43.53,13.6,52.3,100.1,"Knoxville, Tennessee",
47061,Grundy,TN,,0,249,-1.25,13529,933.8,14.49,15.6,14.6,50.0,"Chattanooga, Tennessee",
27137,St. Louis,MN,,0,290,-17.53,200231,16180.7,12.37,34.0,28.7,243.5,"St. Paul, Minnesota",
23015,Lincoln,ME,,0,277,-9.0,35237,1180.6,29.85,26.6,0.0,192.0,"Manchester, New Hampshire",
23021,Piscataquis,ME,,0,281,-14.24,16800,10258.6,1.64,44.4,0.0,305.8,"Manchester, New Hampshire",
23023,Sagadahoc,ME,,0,164,-9.09,36699,657.1,55.85,6.5,29.0,166.6,"Manchester, New Hampshire",
23031,York,ME,,0,371,-9.17,211972,2565.9,82.61,6.5,66.4,81.3,"Manchester, New Hampshire",
28041,Greene,MS,,0,44,4.18,13530,1846.0,7.33,65.0,0.0,79.0,"Mobile, Alabama",
31149,Rock,NE,,0,28,-10.02,1262,2611.5,0.48,136.9,0.0,251.0,"Sioux Falls, South Dakota",
31151,Saline,NE,,0,13,-7.98,14292,1486.7,9.61,27.4,0.0,39.2,"Lincoln, Nebraska",
31155,Saunders,NE,,0,98,-8.43,22278,1943.1,11.47,26.9,0.0,42.7,"Lincoln, Nebraska",
31161,Sheridan,NE,,0,113,-9.93,5127,6321.8,0.81,134.7,0.0,324.6,"Fort Collins, Colorado",
31169,Thayer,NE,,0,111,-7.75,5034,1486.2,3.39,71.9,0.0,107.4,"Lincoln, Nebraska",
31173,Thurston,NE,,0,8,-9.93,6773,1019.4,6.64,22.3,0.0,110.6,"Omaha, Nebraska",
31181,Webster,NE,,0,15,-8.19,3395,1489.0,2.28,61.4,0.0,167.0,"Lincoln, Nebraska",
32005,Douglas,NV,,0,454,-4.77,49488,1838.2,26.92,52.3,0.0,64.3,"Reno, Nevada",
32007,Elko,NV,,0,1135,-8.16,53702,44469.7,1.21,10.6,212.7,296.3,"West Valley City, Utah",
32013,Humboldt,NV,,0,1176,-5.35,17285,24969.5,0.69,4.8,98.0,241.3,"Reno, Nevada",
32017,Lincoln,NV,,0,2607,-2.9,4499,27539.9,0.16,107.7,0.0,174.8,"North Las Vegas, Nevada",
32023,Nye,NV,,0,10359,-5.11,51591,47091.0,1.1,89.7,0.0,91.9,"Las Vegas, Nevada",
23011,Kennebec,ME,,0,237,-10.52,123642,2246.9,55.03,0.1,81.4,207.7,"Manchester, New Hampshire",
39105,Meigs,OH,,0,43,-3.81,22210,1113.9,19.94,29.4,0.0,131.3,"Columbus, Ohio",
39107,Mercer,OH,,0,7,-5.82,42528,1197.7,35.51,36.6,0.0,77.3,"Fort Wayne, Indiana",
39117,Morrow,OH,,0,87,-6.12,34950,1051.7,33.23,6.3,32.2,64.8,"Columbus, Ohio",
39119,Muskingum,OH,,0,129,-5.05,86410,1721.3,50.2,1.2,41.2,84.8,"Columbus, Ohio",
39125,Paulding,OH,,0,22,-6.1,18806,1078.6,17.44,34.7,0.0,46.3,"Fort Wayne, Indiana",
39129,Pickaway,OH,,0,113,-4.23,58539,1298.4,45.09,20.1,5.8,32.5,"Columbus, Ohio",
39133,Portage,OH,,0,681,-6.01,161791,1262.3,128.17,7.6,67.4,23.0,"Akron, Ohio",
39135,Preble,OH,,0,126,-5.2,40999,1098.5,37.32,10.6,28.2,36.9,"Dayton, Ohio",
39139,Richland,OH,,0,153,-6.48,124936,1282.7,97.4,7.4,32.4,92.5,"Akron, Ohio",
39141,Ross,OH,,0,127,-4.08,77093,1785.0,43.19,52.6,0.0,69.5,"Columbus, Ohio",
39149,Shelby,OH,,0,36,-5.63,48230,1055.9,45.68,2.1,33.4,62.8,"Dayton, Ohio",
39151,Stark,OH,,0,393,-5.6,374853,1489.9,251.59,1.6,31.3,29.4,"Akron, Ohio",
39157,Tuscarawas,OH,,0,52,-5.39,93263,1470.2,63.44,1.2,52.4,67.3,"Akron, Ohio",
39161,Van Wert,OH,,0,5,-5.92,28931,1059.7,27.3,41.5,0.0,54.0,"Fort Wayne, Indiana",
47065,Hamilton,TN,,0,1865,0.11,366207,1404.9,260.67,7.0,47.1,11.1,"Chattanooga, Tennessee",
47067,Hancock,TN,,0,30,-1.92,6662,575.9,11.57,35.6,0.0,87.5,"Knoxville, Tennessee",
47071,Hardin,TN,,0,125,-0.22,26831,1495.2,17.94,67.0,0.0,157.5,"Huntsville, Alabama",
47077,Henderson,TN,,0,62,-0.55,27842,1347.0,20.67,14.3,36.8,135.7,"Clarksville, Tennessee",
47083,Houston,TN,,0,71,-1.2,8283,518.7,15.97,40.3,0.0,39.7,"Clarksville, Tennessee",
47087,Jackson,TN,,0,79,-1.21,11617,798.5,14.55,20.8,0.0,86.8,"Murfreesboro, Tennessee",
47095,Lake,TN,,0,340,-0.58,7005,429.4,16.31,20.5,0.0,144.8,"Memphis, Tennessee",
47101,Lewis,TN,,0,146,-1.01,12582,730.6,17.22,41.2,0.0,96.7,"Nashville, Tennessee",
47107,McMinn,TN,,0,40,-0.34,53276,1114.0,47.82,7.4,42.0,77.0,"Chattanooga, Tennessee",
47109,McNairy,TN,,0,92,-0.12,25866,1457.8,17.74,59.2,0.0,136.6,"Memphis, Tennessee",
47111,Macon,TN,,0,34,-1.4,25216,795.5,31.7,40.1,0.0,79.1,"Nashville, Tennessee",
47119,Maury,TN,,0,256,-0.96,100974,1588.0,63.58,12.1,29.9,61.9,"Murfreesboro, Tennessee",
47125,Montgomery,TN,,0,1018,-1.18,220069,1396.5,157.59,7.6,28.1,3.3,"Clarksville, Tennessee",
47135,Perry,TN,,0,143,-0.77,8366,1074.1,7.79,24.0,0.0,107.8,"Clarksville, Tennessee",
47137,Pickett,TN,,0,66,-1.81,5001,422.1,11.85,49.6,0.0,128.1,"Knoxville, Tennessee",
24011,Caroline,MD,,0,305,-2.28,33293,827.3,40.24,65.7,0.0,81.7,"Baltimore, Maryland",
24013,Carroll,MD,,0,353,-4.09,172891,1159.3,149.14,14.2,0.7,41.9,"Baltimore, Maryland",
24021,Frederick,MD,,0,1465,-3.59,271717,1710.0,158.9,3.5,62.1,66.1,"Washington, District of Columbia",
24023,Garrett,MD,,0,1198,-6.31,28806,1676.0,17.19,18.2,46.2,119.2,"Pittsburgh, Pennsylvania",
24031,Montgomery,MD,2020,7,5198,-2.71,1062061,1272.3,834.73,4.4,60.0,21.5,"Washington, District of Columbia",
24033,Prince George's,MD,,0,3048,-2.16,967201,1250.2,773.66,3.2,58.5,12.7,"Washington, District of Columbia",
24043,Washington,MD,,0,593,-3.96,154705,1185.6,130.48,2.4,86.6,99.4,"Washington, District of Columbia",
32031,Washoe,NV,,0,5580,-4.86,486492,16323.1,29.8,0.0,63.7,1.8,"Reno, Nevada",
32510,Carson City,NV,,0,372,-4.25,58639,374.7,156.51,33.3,0.0,41.1,"Reno, Nevada",
33003,Carroll,NH,,0,327,-11.14,50107,2411.4,20.78,38.9,0.0,93.8,"Manchester, New Hampshire",
33009,Grafton,NH,,0,516,-12.05,91118,4425.6,20.59,16.9,130.1,102.3,"Manchester, New Hampshire",
33015,Rockingham,NH,,0,562,-7.97,314176,1799.3,174.61,14.5,51.5,29.0,"Manchester, New Hampshire",
33019,Sullivan,NH,,0,110,-10.73,43063,1391.6,30.94,12.1,26.5,77.2,"Manchester, New Hampshire",
34003,Bergen,NJ,2019,4,574,-3.99,955732,603.5,1583.67,2.5,42.8,9.6,"Paterson, New Jersey",
34009,Cape May,NJ,2020,1,973,-1.88,95263,651.2,146.29,83.0,0.0,100.6,"Philadelphia, Pennsylvania",
34013,Essex,NJ,2022,2,168,-3.79,863728,326.9,2642.28,0.7,51.9,5.1,"Newark, New Jersey",
39167,Washington,OH,,0,87,-4.09,59771,1636.8,36.52,6.4,26.3,140.2,"Columbus, Ohio",
39171,Williams,OH,,0,57,-6.55,37102,1090.3,34.03,9.3,34.8,69.3,"Fort Wayne, Indiana",
39175,Wyandot,OH,,0,83,-5.71,21900,1053.8,20.78,35.6,0.0,91.8,"Toledo, Ohio",
40003,Alfalfa,OK,,0,343,-3.76,5699,2244.1,2.54,85.8,0.0,144.2,"Wichita, Kansas",
40011,Blaine,OK,,0,259,-2.48,8735,2404.6,3.63,39.7,0.0,94.2,"Oklahoma City, Oklahoma",
40013,Bryan,OK,,0,162,0.88,46067,2342.6,19.67,68.7,0.0,90.6,"McKinney, Texas",
40017,Canadian,OK,,0,216,-1.7,154405,2322.3,66.49,0.8,77.1,22.7,"Oklahoma City, Oklahoma",
40025,Cimarron,OK,,0,814,-5.85,2296,4752.0,0.48,163.8,0.0,179.5,"Amarillo, Texas",
40029,Coal,OK,,0,48,-0.35,5266,1338.2,3.94,80.0,0.0,129.5,"Norman, Oklahoma",
40035,Craig,OK,,0,43,-2.13,14107,1971.9,7.15,5.0,33.3,89.8,"Broken Arrow, Oklahoma",
40039,Custer,OK,,0,110,-2.77,28513,2561.0,11.13,3.0,49.0,118.3,"Oklahoma City, Oklahoma",
40045,Ellis,OK,,0,344,-4.16,3749,3189.6,1.18,101.7,0.0,217.1,"Amarillo, Texas",
40049,Garvin,OK,,0,208,-0.75,25656,2077.5,12.35,1.5,41.2,55.9,"Norman, Oklahoma",
40055,Greer,OK,,0,317,-1.93,5491,1655.8,3.32,42.2,0.0,142.5,"Wichita Falls, Texas",
37193,Wilkes,NC,,0,459,-1.66,65969,1953.6,33.77,28.5,0.0,80.0,"Winston-Salem, North Carolina",
47141,Putnam,TN,,0,251,-1.25,79854,1038.9,76.87,2.7,54.5,86.8,"Murfreesboro, Tennessee",
48045,Briscoe,TX,,0,764,-2.11,1435,2331.0,0.62,47.9,0.0,102.6,"Amarillo, Texas",
48049,Brown,TX,,0,373,1.87,38095,2446.1,15.57,71.3,0.0,106.1,"Abilene, Texas",
48055,Caldwell,TX,,0,675,5.46,45883,1412.2,32.49,21.5,8.5,45.1,"Austin, Texas",
48061,Cameron,TX,,0,4992,11.83,421017,2307.5,182.46,192.1,0.0,17.2,"Brownsville, Texas",
48065,Carson,TX,,0,106,-3.58,5807,2383.4,2.44,19.3,49.4,48.8,"Amarillo, Texas",
48067,Cass,TX,,0,188,2.89,28454,2426.7,11.73,43.7,0.0,80.2,"Shreveport, Louisiana",
48073,Cherokee,TX,,0,425,3.88,50412,2727.0,18.49,59.4,0.0,49.4,"Tyler, Texas",
48077,Clay,TX,,0,669,0.39,10218,2819.8,3.62,28.5,0.0,24.9,"Wichita Falls, Texas",
48081,Coke,TX,,0,853,1.05,3285,2360.7,1.39,60.0,0.0,88.3,"Abilene, Texas",
48085,Collin,TX,,0,5584,2.35,1064465,2178.8,488.56,22.9,0.0,10.4,"Plano, Texas",
48087,Collingsworth,TX,,0,57,-2.27,2652,2378.8,1.11,41.3,0.0,151.1,"Amarillo, Texas",
48091,Comal,TX,,0,3917,5.2,161501,1449.0,111.45,11.8,33.2,46.0,"San Antonio, Texas",
24047,Worcester,MD,,0,585,-0.85,52460,1212.8,43.25,139.0,0.0,162.1,"Baltimore, Maryland",
25007,Dukes,MA,,0,343,-2.95,20600,267.4,77.04,35.2,0.0,80.8,"Providence, Rhode Island",
25013,Hampden,MA,,0,443,-7.48,465825,1598.4,291.43,0.2,119.7,3.0,"Springfield, Massachusetts",
25015,Hampshire,MA,,0,1037,-8.0,162308,1365.6,118.86,2.7,21.5,23.7,"Springfield, Massachusetts",
25017,Middlesex,MA,2022,3,4016,-7.04,1632002,2118.1,770.49,0.1,175.6,14.5,"Cambridge, Massachusetts",
34017,Hudson,NJ,2022,19,174,-2.38,724854,119.6,6058.92,1.3,31.4,2.0,"Jersey City, New Jersey",
34019,Hunterdon,NJ,2020,5,355,-5.09,128947,1108.0,116.37,6.9,29.6,50.0,"Allentown, Pennsylvania",
34021,Mercer,NJ,2020,23,484,-3.56,387340,581.6,665.99,0.4,55.7,52.0,"Philadelphia, Pennsylvania",
34029,Ocean,NJ,2022,6,1134,-3.0,637229,1628.5,391.29,20.9,14.3,76.8,"Elizabeth, New Jersey",
34033,Salem,NJ,,0,157,-2.32,64837,859.6,75.43,8.1,27.3,40.7,"Philadelphia, Pennsylvania",
34035,Somerset,NJ,2020,3,523,-4.35,345361,781.7,441.81,1.9,56.0,33.0,"Elizabeth, New Jersey",
34041,Warren,NJ,,0,487,-6.02,109632,924.4,118.6,15.1,46.1,45.0,"Allentown, Pennsylvania",
35007,Colfax,NM,,0,1073,-8.54,12387,9733.3,1.27,14.6,96.1,174.5,"Pueblo, Colorado",
30055,McCone,MT,,0,5,-14.01,1729,6845.8,0.25,83.5,0.0,295.7,"Billings, Montana",
30057,Madison,MT,,0,113,-10.39,8623,9291.5,0.93,50.8,7.1,270.1,"Billings, Montana",
37195,Wilson,NC,,0,92,0.59,78784,953.6,82.62,7.4,26.0,63.4,"Raleigh, North Carolina",
37199,Yancey,NC,,0,275,-3.46,18470,809.6,22.81,21.6,0.0,145.5,"Knoxville, Tennessee",
38005,Benson,ND,,0,14,-17.31,5964,3596.7,1.66,125.0,0.0,219.2,"Fargo, North Dakota",
38009,Bottineau,ND,,0,13,-17.19,6379,4321.2,1.48,217.2,0.0,360.5,"Fargo, North Dakota",
38017,Cass,ND,,0,3,-16.01,184525,4571.2,40.37,0.6,141.5,6.4,"Fargo, North Dakota",
38027,Eddy,ND,,0,2,-16.69,2347,1632.1,1.44,89.8,0.0,195.3,"Fargo, North Dakota",
38029,Emmons,ND,,0,5,-14.59,3301,3912.0,0.84,63.3,0.0,272.4,"Fargo, North Dakota",
38037,Grant,ND,,0,5,-14.0,2301,4297.2,0.54,51.8,0.0,381.8,"Fargo, North Dakota",
38039,Griggs,ND,,0,2,-17.07,2306,1835.8,1.26,60.1,0.0,123.8,"Fargo, North Dakota",
38043,Kidder,ND,,0,21,-15.83,2394,3499.6,0.68,4.3,48.5,230.6,"Fargo, North Dakota",
38047,Logan,ND,,0,1,-15.03,1876,2571.4,0.73,42.8,0.0,216.3,"Fargo, North Dakota",
38053,McKenzie,ND,,0,180,-14.21,14704,7149.2,2.06,99.8,0.0,461.0,"Billings, Montana",
38059,Morton,ND,,0,33,-14.37,33291,4989.0,6.67,4.6,97.7,321.5,"Fargo, North Dakota",
38063,Nelson,ND,,0,4,-17.43,3015,2542.8,1.19,79.5,0.0,157.4,"Fargo, North Dakota",
47001,Anderson,TN,,0,283,-1.1,77123,873.2,88.32,13.0,18.4,26.7,"Knoxville, Tennessee",
47003,Bedford,TN,,0,60,-0.7,50237,1226.7,40.95,22.3,0.8,37.9,"Murfreesboro, Tennessee",
40065,Jackson,OK,,0,213,-1.37,24785,2078.9,11.92,73.1,0.0,113.0,"Wichita Falls, Texas",
40071,Kay,OK,,0,257,-3.21,43700,2382.1,18.35,19.4,45.5,107.5,"Wichita, Kansas",
40083,Logan,OK,,0,486,-1.91,49555,1926.5,25.72,2.9,31.3,40.3,"Oklahoma City, Oklahoma",
40085,Love,OK,,0,246,0.69,10146,1331.2,7.62,3.2,39.1,79.1,"Denton, Texas",
40091,McIntosh,OK,,0,135,-0.43,18941,1601.9,11.82,7.7,48.2,78.0,"Broken Arrow, Oklahoma",
40099,Murray,OK,,0,395,-0.15,13904,1078.6,12.89,13.0,15.6,88.3,"Norman, Oklahoma",
40101,Muskogee,OK,,0,588,-0.82,66339,2099.1,31.6,27.4,23.5,54.9,"Broken Arrow, Oklahoma",
40107,Okfuskee,OK,,0,27,-1.1,11310,1602.1,7.06,4.6,32.5,83.7,"Broken Arrow, Oklahoma",
40111,Okmulgee,OK,,0,1010,-1.02,36706,1806.1,20.32,21.0,19.1,51.9,"Broken Arrow, Oklahoma",
40117,Pawnee,OK,,0,180,-2.41,15553,1471.0,10.57,44.1,0.0,50.4,"Tulsa, Oklahoma",
40119,Payne,OK,,0,1530,-2.08,81646,1773.4,46.04,29.7,18.8,83.4,"Oklahoma City, Oklahoma",
40125,Pottawatomie,OK,,0,518,-1.13,72454,2040.1,35.52,7.2,33.0,45.3,"Norman, Oklahoma",
25021,Norfolk,MA,2025,5,1694,-5.96,725981,1025.9,707.65,0.3,82.5,19.0,"Boston, Massachusetts",
25023,Plymouth,MA,,0,1021,-4.76,530819,1707.0,310.97,16.4,44.5,41.2,"Boston, Massachusetts",
26003,Alger,MI,,0,162,-11.34,8842,2370.0,3.73,157.7,0.0,231.2,"Green Bay, Wisconsin",
26005,Allegan,MI,,0,328,-6.49,120502,2137.3,56.38,21.6,44.6,43.0,"Grand Rapids, Michigan",
26007,Alpena,MI,,0,90,-9.8,28907,1481.1,19.52,87.3,0.0,271.9,"Lansing, Michigan",
30063,Missoula,MT,,0,410,-8.28,117922,6716.9,17.56,0.3,91.5,273.1,"Spokane, Washington",
30065,Musselshell,MT,,0,11,-9.86,4730,4838.5,0.98,59.1,0.0,70.7,"Billings, Montana",
30071,Phillips,MT,,0,229,-13.3,4217,13312.6,0.32,238.8,0.0,289.9,"Billings, Montana",
30077,Powell,MT,,0,16,-9.9,6946,6025.3,1.15,2.8,54.3,337.9,"Billings, Montana",
30083,Richland,MT,,0,31,-14.29,11491,5397.9,2.13,73.4,0.0,393.2,"Billings, Montana",
30087,Rosebud,MT,,0,48,-11.5,8329,12976.9,0.64,39.1,67.1,147.4,"Billings, Montana",
30091,Sheridan,MT,,0,7,-15.89,3539,4343.6,0.81,177.9,0.0,446.5,"Billings, Montana",
30097,Sweet Grass,MT,,0,37,-8.71,3678,4805.0,0.77,1.0,58.9,110.3,"Billings, Montana",
30101,Toole,MT,,0,28,-12.13,4971,4961.5,1.0,0.9,68.6,400.8,"Billings, Montana",
38065,Oliver,ND,,0,6,-14.36,1877,1871.3,1.0,28.5,0.0,346.2,"Fargo, North Dakota",
38067,Pembina,ND,,0,9,-17.48,6844,2897.4,2.36,25.7,51.7,219.0,"Fargo, North Dakota",
38071,Ramsey,ND,,0,5,-17.64,11605,3073.9,3.78,123.3,0.0,207.8,"Fargo, North Dakota",
38075,Renville,ND,,0,3,-16.21,2282,2271.6,1.0,204.2,0.0,410.0,"Fargo, North Dakota",
38081,Sargent,ND,,0,5,-14.93,3862,2223.5,1.74,58.2,0.0,99.9,"Fargo, North Dakota",
38089,Stark,ND,,0,14,-13.78,33646,3457.0,9.73,0.8,87.9,457.6,"Billings, Montana",
38093,Stutsman,ND,,0,32,-15.63,21593,5754.2,3.75,2.8,77.8,149.3,"Fargo, North Dakota",
38097,Traill,ND,,0,0,-16.33,7997,2232.4,3.58,9.7,49.0,75.3,"Fargo, North Dakota",
38101,Ward,ND,,0,18,-15.32,69919,5214.4,13.41,153.4,0.0,375.5,"Fargo, North Dakota",
39001,Adams,OH,,0,290,-3.91,27477,1512.2,18.17,64.3,0.0,89.8,"Cincinnati, Ohio",
39005,Ashland,OH,,0,94,-6.18,52447,1095.4,47.88,1.4,27.2,68.8,"Akron, Ohio",
39011,Auglaize,OH,,0,27,-5.68,46422,1039.6,44.65,8.3,19.7,88.2,"Dayton, Ohio",
39013,Belmont,OH,,0,40,-4.81,66497,1378.2,48.25,3.6,42.8,87.8,"Pittsburgh, Pennsylvania",
39017,Butler,OH,2024,1,495,-4.39,390357,1209.7,322.7,11.4,18.6,34.5,"Cincinnati, Ohio",
39019,Carroll,OH,,0,52,-5.42,26721,1022.0,26.14,27.9,0.0,62.8,"Akron, Ohio",
42003,Allegheny,PA,,0,2239,-4.67,1250578,1890.9,661.37,2.0,171.8,2.2,"Pittsburgh, Pennsylvania",
42007,Beaver,PA,,0,430,-4.95,168215,1125.9,149.4,3.2,59.2,37.5,"Pittsburgh, Pennsylvania",
48361,Orange,TX,,0,310,6.62,84808,864.2,98.13,0.7,38.4,25.5,"Beaumont, Texas",
48369,Parmer,TX,,0,91,-3.92,9869,2281.2,4.33,74.0,0.0,117.4,"Amarillo, Texas",
48383,Reagan,TX,,0,375,0.98,3385,3044.0,1.11,55.0,0.0,104.6,"Midland, Texas",
48385,Real,TX,,0,518,3.57,2758,1810.9,1.52,68.4,0.0,133.1,"San Antonio, Texas",
48387,Red River,TX,,0,231,1.48,11587,2684.7,4.32,43.3,0.0,140.0,"Tyler, Texas",
48395,Robertson,TX,,0,329,4.22,16757,2216.2,7.56,56.9,0.0,42.5,"College Station, Texas",
48399,Runnels,TX,,0,314,1.23,9900,2721.9,3.64,74.6,0.0,76.4,"Abilene, Texas",
48403,Sabine,TX,,0,136,4.1,9894,1272.7,7.77,76.5,0.0,132.5,"Shreveport, Louisiana",
48415,Scurry,TX,,0,308,0.45,16932,2345.1,7.22,33.2,0.0,113.4,"Abilene, Texas",
48417,Shackelford,TX,,0,302,1.18,3105,2368.0,1.31,33.2,0.0,48.2,"Abilene, Texas",
48419,Shelby,TX,,0,166,3.69,24022,2060.6,11.66,62.0,0.0,88.1,"Shreveport, Louisiana",
48423,Smith,TX,,0,1369,3.23,233479,2386.6,97.83,14.7,57.4,2.8,"Tyler, Texas",
48427,Starr,TX,,0,1463,10.04,65920,3168.0,20.81,163.0,0.0,65.0,"McAllen, Texas",
48431,Sterling,TX,,0,63,0.82,1372,2391.7,0.57,56.8,0.0,103.7,"Midland, Texas",
26017,Bay,MI,,0,81,-7.62,103856,1145.6,90.66,2.2,45.3,112.3,"Lansing, Michigan",
26019,Benzie,MI,,0,172,-8.25,17970,828.0,21.7,103.2,0.0,159.8,"Green Bay, Wisconsin",
26021,Berrien,MI,,0,269,-6.18,154316,1470.5,104.94,9.3,87.5,36.9,"South Bend, Indiana",
26027,Cass,MI,,0,106,-6.82,51589,1269.3,40.65,17.8,0.0,29.8,"South Bend, Indiana",
26031,Cheboygan,MI,,0,446,-10.23,25579,1852.5,13.81,7.2,64.9,296.7,"Green Bay, Wisconsin",
26033,Chippewa,MI,,0,187,-11.83,36785,4036.3,9.11,1.0,45.0,349.9,"Green Bay, Wisconsin",
30109,Wibaux,MT,,0,4,-12.99,937,2303.2,0.41,2.8,23.3,357.5,"Billings, Montana",
31007,Banner,NE,,0,23,-8.56,674,1932.4,0.35,39.0,0.0,157.4,"Fort Collins, Colorado",
31011,Boone,NE,,0,20,-9.46,5379,1778.2,3.03,96.6,0.0,145.9,"Lincoln, Nebraska",
31013,Box Butte,NE,,0,34,-9.76,10842,2785.0,3.89,106.4,0.0,250.8,"Fort Collins, Colorado",
31019,Buffalo,NE,,0,170,-8.87,50084,2507.4,19.97,7.7,59.1,200.1,"Lincoln, Nebraska",
31025,Cass,NE,,0,203,-8.08,26598,1443.8,18.42,21.0,19.6,34.4,"Omaha, Nebraska",
31029,Chase,NE,,0,38,-8.56,3893,2316.5,1.68,67.6,0.0,284.4,"Aurora, Colorado",
31033,Cheyenne,NE,,0,22,-8.49,9468,3098.4,3.06,5.9,67.7,187.3,"Fort Collins, Colorado",
31039,Cuming,NE,,0,6,-9.63,9013,1477.9,6.1,52.2,0.0,95.7,"Omaha, Nebraska",
31045,Dawes,NE,,0,125,-9.33,8199,3616.8,2.27,147.1,0.0,297.4,"Fort Collins, Colorado",
31051,Dixon,NE,,0,24,-10.33,5606,1233.4,4.55,27.8,0.0,124.0,"Sioux Falls, South Dakota",
31057,Dundy,NE,,0,156,-8.07,1654,2382.0,0.69,84.7,0.0,276.8,"Aurora, Colorado",
31071,Garfield,NE,,0,26,-9.75,1813,1475.8,1.23,122.6,0.0,228.8,"Lincoln, Nebraska",
31075,Grant,NE,,0,12,-9.65,611,2010.4,0.3,95.7,0.0,318.6,"Fort Collins, Colorado",
39023,Clark,OH,,0,107,-4.99,136001,1029.5,132.11,4.0,48.5,35.9,"Dayton, Ohio",
39025,Clermont,OH,,0,570,-3.75,208601,1170.9,178.15,5.4,23.1,25.5,"Cincinnati, Ohio",
39029,Columbiana,OH,,0,108,-5.5,101877,1377.6,73.95,21.1,0.0,72.4,"Pittsburgh, Pennsylvania",
39033,Crawford,OH,,0,56,-6.23,42025,1040.6,40.38,31.1,0.0,94.1,"Columbus, Ohio",
39037,Darke,OH,,0,152,-5.53,51881,1549.1,33.49,31.2,0.0,53.3,"Dayton, Ohio",
39041,Delaware,OH,,0,414,-5.23,214124,1147.6,186.58,6.9,28.6,28.3,"Columbus, Ohio",
39043,Erie,OH,,0,883,-4.95,75622,651.5,116.07,9.1,41.9,78.1,"Cleveland, Ohio",
39049,Franklin,OH,,0,1055,-4.6,1323807,1378.4,960.42,0.5,189.2,4.5,"Columbus, Ohio",
35019,Guadalupe,NM,,0,728,-4.56,4452,7848.9,0.57,4.4,110.4,167.5,"Albuquerque, New Mexico",
35021,Harding,NM,,0,332,-5.92,657,5504.9,0.12,66.5,0.0,205.5,"Amarillo, Texas",
35025,Lea,NM,,0,1427,-2.1,74455,11372.5,6.55,125.8,0.0,127.1,"Odessa, Texas",
35033,Mora,NM,,0,494,-7.97,4189,5002.0,0.84,31.9,63.0,160.3,"Albuquerque, New Mexico",
35039,Rio Arriba,NM,,0,1228,-9.52,40363,15179.5,2.66,67.5,0.0,130.3,"Albuquerque, New Mexico",
47143,Rhea,TN,,0,90,-0.62,32870,816.8,40.24,26.7,0.0,65.6,"Chattanooga, Tennessee",
47147,Robertson,TN,,0,153,-1.06,72803,1233.6,59.02,12.3,45.7,36.3,"Nashville, Tennessee",
47149,Rutherford,TN,,0,950,-0.65,341486,1604.1,212.88,1.4,51.4,7.2,"Murfreesboro, Tennessee",
47155,Sevier,TN,,0,1391,-1.33,98380,1534.6,64.11,13.7,7.6,32.1,"Knoxville, Tennessee",
47161,Stewart,TN,,0,782,-1.19,13657,1189.7,11.48,37.8,0.0,39.3,"Clarksville, Tennessee",
47167,Tipton,TN,,0,54,0.65,60970,1187.2,51.36,23.7,0.0,45.4,"Memphis, Tennessee",
47175,Van Buren,TN,,0,102,-1.13,6168,708.1,8.71,44.6,0.0,75.7,"Chattanooga, Tennessee",
47177,Warren,TN,,0,73,-0.95,40953,1120.6,36.54,33.7,0.0,56.0,"Murfreesboro, Tennessee",
45055,Kershaw,SC,,0,183,1.31,65403,1881.8,34.76,4.8,34.1,45.4,"Columbia, South Carolina",
45061,Lee,SC,,0,261,1.9,16531,1062.4,15.56,1.0,32.2,73.2,"Columbia, South Carolina",
45065,McCormick,SC,,0,107,2.0,9526,930.1,10.24,42.1,0.0,52.5,"Augusta-Richmond County, Georgia",
45071,Newberry,SC,,0,182,1.39,37719,1631.8,23.12,3.7,44.3,57.5,"Columbia, South Carolina",
45073,Oconee,SC,,0,688,0.62,78607,1622.2,48.46,22.9,7.0,90.5,"Athens-Clarke County, Georgia",
26041,Delta,MI,,0,121,-11.09,36903,3033.1,12.17,163.8,0.0,161.2,"Green Bay, Wisconsin",
26043,Dickinson,MI,,0,31,-13.71,25947,1972.0,13.16,148.4,0.0,146.1,"Green Bay, Wisconsin",
26047,Emmet,MI,,0,238,-9.51,34112,1210.8,28.17,23.8,4.3,265.1,"Green Bay, Wisconsin",
26051,Gladwin,MI,,0,43,-8.8,25386,1299.6,19.53,29.5,0.1,138.3,"Lansing, Michigan",
26065,Ingham,MI,,0,446,-7.46,284900,1440.3,197.8,1.3,53.1,7.5,"Lansing, Michigan",
26069,Iosco,MI,,0,110,-9.2,25237,1422.2,17.75,54.8,0.0,199.1,"Lansing, Michigan",
17131,Mercer,IL,,0,30,-7.89,15699,1453.5,10.8,27.9,0.0,35.8,"Davenport, Iowa",
13191,McIntosh,GA,,0,450,6.03,10975,1098.9,9.99,3.9,35.0,73.1,"Savannah, Georgia",
31079,Hall,NE,,0,62,-8.64,62895,1414.9,44.45,11.3,39.9,141.9,"Lincoln, Nebraska",
31081,Hamilton,NE,,0,7,-8.28,9429,1406.0,6.71,7.3,38.2,112.0,"Lincoln, Nebraska",
31083,Harlan,NE,,0,17,-8.1,3073,1433.5,2.14,60.5,0.0,241.1,"Lincoln, Nebraska",
31087,Hitchcock,NE,,0,16,-8.04,2616,1838.7,1.42,94.8,0.0,328.4,"Aurora, Colorado",
31099,Kearney,NE,,0,53,-8.54,6688,1337.1,5.0,19.0,0.0,196.7,"Lincoln, Nebraska",
31101,Keith,NE,,0,159,-8.5,8335,2749.5,3.03,3.0,66.9,289.7,"Fort Collins, Colorado",
31105,Kimball,NE,,0,68,-9.08,3434,2465.3,1.39,2.5,56.7,139.2,"Fort Collins, Colorado",
31109,Lancaster,NE,,0,340,-8.07,322608,2169.2,148.72,3.6,47.4,3.2,"Lincoln, Nebraska",
31115,Loup,NE,,0,22,-9.71,607,1471.9,0.41,118.4,0.0,253.3,"Lincoln, Nebraska",
31119,Madison,NE,,0,7,-9.67,35585,1483.4,23.99,97.1,0.0,147.0,"Lincoln, Nebraska",
28091,Marion,MS,,0,103,4.39,24441,1404.8,17.4,45.3,0.0,121.9,"Jackson, Mississippi",
28097,Montgomery,MS,,0,43,1.68,9822,1054.1,9.32,7.5,21.8,141.6,"Jackson, Mississippi",
28101,Newton,MS,,0,128,2.53,21291,1497.3,14.22,8.5,39.1,99.7,"Jackson, Mississippi",
28109,Pearl River,MS,,0,387,5.01,56145,2100.1,26.73,3.7,65.9,87.5,"New Orleans, Louisiana",
28119,Quitman,MS,,0,38,1.89,6176,1049.0,5.89,31.0,0.0,100.5,"Memphis, Tennessee",
28121,Rankin,MS,,0,303,3.01,157031,2008.5,78.18,0.3,43.5,14.6,"Jackson, Mississippi",
28129,Smith,MS,,0,103,2.97,14209,1647.9,8.62,39.8,0.0,73.6,"Jackson, Mississippi",
35041,Roosevelt,NM,,0,766,-3.5,19191,6338.8,3.03,104.8,0.0,152.1,"Lubbock, Texas",
35043,Sandoval,NM,,0,3289,-7.18,148834,9610.5,15.49,9.9,44.6,26.5,"Albuquerque, New Mexico",
35049,Santa Fe,NM,,0,2966,-6.84,154823,4945.4,31.31,1.8,73.0,81.7,"Albuquerque, New Mexico",
35057,Torrance,NM,,0,1029,-6.35,15045,8663.1,1.74,16.2,78.1,51.5,"Albuquerque, New Mexico",
35061,Valencia,NM,,0,1455,-5.01,76205,2761.4,27.6,5.6,37.0,38.4,"Albuquerque, New Mexico",
36007,Broome,NY,,0,493,-7.97,198683,1827.9,108.69,0.3,136.5,105.1,"Syracuse, New York",
36011,Cayuga,NY,,0,155,-7.36,76248,1791.2,42.57,12.2,20.6,35.7,"Syracuse, New York",
36013,Chautauqua,NY,,0,261,-7.42,127657,2746.0,46.49,12.5,125.4,64.5,"Erie, Pennsylvania",
36019,Clinton,NY,,0,103,-11.83,79843,2688.0,29.7,5.6,59.6,255.7,"Manchester, New Hampshire",
36027,Dutchess,NY,,0,1153,-6.84,295911,2060.7,143.6,16.3,28.2,66.7,"Waterbury, Connecticut",
36033,Franklin,NY,,0,176,-12.7,47555,4219.4,11.27,67.6,0.0,235.3,"Syracuse, New York",
36035,Fulton,NY,,0,39,-10.19,53324,1283.3,41.55,12.5,0.0,147.3,"Syracuse, New York",
36039,Greene,NY,,0,315,-8.37,47931,1676.1,28.6,8.5,38.4,112.6,"Waterbury, Connecticut",
40131,Rogers,OK,,0,972,-1.79,95240,1749.9,54.43,4.8,42.7,31.4,"Broken Arrow, Oklahoma",
40135,Sequoyah,OK,,0,285,-0.62,39281,1743.8,22.53,2.2,66.8,116.6,"Broken Arrow, Oklahoma",
40137,Stephens,OK,,0,124,-0.53,42848,2253.9,19.01,40.2,0.0,84.1,"Wichita Falls, Texas",
40143,Tulsa,OK,,0,3680,-1.69,669279,1476.9,453.16,6.8,26.7,9.3,"Tulsa, Oklahoma",
40145,Wagoner,OK,,0,350,-1.26,80981,1454.4,55.68,20.8,0.0,16.0,"Broken Arrow, Oklahoma",
40149,Washita,OK,,0,76,-2.06,10924,2598.2,4.2,18.3,21.8,139.5,"Oklahoma City, Oklahoma",
41003,Benton,OR,,0,4064,1.64,95184,1750.7,54.37,17.0,0.0,45.3,"Salem, Oregon",
41005,Clackamas,OR,,0,956,-0.29,421401,4844.1,86.99,0.8,32.6,19.0,"Gresham, Oregon",
41011,Coos,OR,,0,472,2.87,64929,4134.1,15.71,70.7,0.0,124.1,"Eugene, Oregon",
41013,Crook,OR,,0,461,-5.29,24738,7715.8,3.21,148.7,0.0,180.7,"Eugene, Oregon",
41021,Gilliam,OR,,0,108,-2.39,1995,3120.4,0.64,29.8,54.1,174.7,"Gresham, Oregon",
41027,Hood River,OR,,0,298,-2.55,23977,1351.8,17.74,5.5,40.5,69.8,"Gresham, Oregon",
26075,Jackson,MI,,0,268,-7.31,160366,1817.3,88.24,4.0,48.1,54.6,"Ann Arbor, Michigan",
26079,Kalkaska,MI,,0,122,-9.72,17939,1450.0,12.37,36.2,0.0,200.1,"Grand Rapids, Michigan",
26081,Kent,MI,,0,552,-7.45,657974,2193.6,299.95,1.6,57.9,3.4,"Grand Rapids, Michigan",
26087,Lapeer,MI,,0,71,-7.59,88619,1665.4,53.21,4.6,39.2,56.3,"Sterling Heights, Michigan",
26093,Livingston,MI,,0,575,-7.71,193866,1464.0,132.42,0.0,43.1,34.2,"Ann Arbor, Michigan",
26095,Luce,MI,,0,31,-11.72,5339,2328.6,2.29,73.2,0.0,278.9,"Green Bay, Wisconsin",
26099,Macomb,MI,,0,210,-6.3,881217,1241.2,709.98,5.0,53.2,6.0,"Sterling Heights, Michigan",
26101,Manistee,MI,,0,141,-8.17,25032,1404.2,17.83,119.8,0.0,147.6,"Green Bay, Wisconsin",
26115,Monroe,MI,,0,234,-5.98,154809,1422.9,108.8,4.3,54.1,27.2,"Toledo, Ohio",
28137,Tate,MS,,0,23,1.33,28064,1048.3,26.77,0.4,21.6,57.3,"Memphis, Tennessee",
28141,Tishomingo,MS,,0,96,0.23,18850,1098.8,17.15,115.9,0.0,149.2,"Huntsville, Alabama",
28143,Tunica,MS,,0,21,1.62,9782,1177.6,8.31,34.5,0.0,54.8,"Memphis, Tennessee",
28153,Wayne,MS,,0,54,3.63,19779,2099.8,9.42,39.6,0.0,121.6,"Mobile, Alabama",
28155,Webster,MS,,0,18,1.52,9926,1090.2,9.1,51.0,0.0,169.0,"Jackson, Mississippi",
28157,Wilkinson,MS,,0,72,4.67,8587,1756.3,4.89,71.2,0.0,74.6,"Baton Rouge, Louisiana",
28163,Yazoo,MS,,0,83,3.47,26743,2390.4,11.19,30.5,19.6,62.0,"Jackson, Mississippi",
29007,Audrain,MO,,0,35,-5.27,24962,1792.9,13.92,30.1,0.0,51.9,"Columbia, Missouri",
29017,Bollinger,MO,,0,90,-2.95,10567,1600.4,6.6,31.8,0.0,145.2,"St. Louis, Missouri",
29023,Butler,MO,,0,78,-1.76,42130,1799.2,23.42,74.6,0.0,183.0,"Memphis, Tennessee",
29029,Camden,MO,,0,211,-3.76,42745,1698.8,25.16,39.4,0.0,104.7,"Columbia, Missouri",
29035,Carter,MO,,0,177,-3.15,5202,1314.1,3.96,118.2,0.0,197.5,"St. Louis, Missouri",
29041,Chariton,MO,,0,22,-5.57,7408,1945.6,3.81,61.1,0.0,78.7,"Columbia, Missouri",
29045,Clark,MO,,0,9,-6.73,6634,1307.1,5.08,56.7,0.0,156.2,"Davenport, Iowa",
36041,Hamilton,NY,,0,134,-12.64,5107,4448.0,1.15,46.6,0.0,155.5,"Syracuse, New York",
36045,Jefferson,NY,,0,314,-10.32,116721,3285.6,35.52,1.6,75.9,110.3,"Syracuse, New York",
36051,Livingston,NY,,0,444,-7.22,61834,1636.3,37.79,1.4,55.2,45.5,"Rochester, New York",
36055,Monroe,NY,,0,786,-6.47,759443,1702.2,446.17,4.6,115.1,0.7,"Rochester, New York",
36059,Nassau,NY,1998,228,369,-2.42,1395774,737.4,1892.8,7.7,24.1,33.7,"New York, New York",
36063,Niagara,NY,,0,125,-6.22,212666,1352.9,157.19,12.6,23.1,27.8,"Buffalo, New York",
36071,Orange,NY,,0,1129,-6.39,401310,2102.3,190.89,8.3,110.1,56.6,"Paterson, New Jersey",
36073,Orleans,NY,,0,49,-6.64,40343,1013.4,39.81,26.6,0.0,50.6,"Rochester, New York",
36075,Oswego,NY,,0,419,-8.6,117525,2464.8,47.68,15.8,48.7,40.7,"Syracuse, New York",
48435,Sutton,TX,,0,430,1.79,3372,3765.7,0.9,1.6,86.8,210.7,"Midland, Texas",
48437,Swisher,TX,,0,78,-3.27,6971,2305.5,3.02,0.5,51.0,77.4,"Amarillo, Texas",
48441,Taylor,TX,,0,948,1.23,143208,2371.3,60.39,7.0,51.1,4.7,"Abilene, Texas",
48447,Throckmorton,TX,,0,212,0.69,1440,2363.5,0.61,85.4,0.0,95.0,"Abilene, Texas",
48451,Tom Green,TX,,0,2948,1.25,120003,3941.9,30.44,96.8,0.0,130.6,"Abilene, Texas",
48453,Travis,TX,,0,29530,4.57,1290188,2564.6,503.07,3.1,43.7,5.3,"Austin, Texas",
48457,Tyler,TX,,0,737,4.95,19798,2394.4,8.27,74.6,0.0,76.7,"Beaumont, Texas",
48467,Van Zandt,TX,,0,274,2.93,59541,2182.2,27.28,0.6,48.3,56.1,"Tyler, Texas",
48469,Victoria,TX,,0,1041,7.72,91319,2284.7,39.97,96.5,0.0,120.0,"Corpus Christi, Texas",
48477,Washington,TX,,0,380,5.68,35805,1564.2,22.89,49.3,0.0,50.0,"College Station, Texas",
48483,Wheeler,TX,,0,81,-3.09,4990,2368.6,2.11,13.7,48.7,142.1,"Amarillo, Texas",
48485,Wichita,TX,,0,1194,-0.14,129350,1625.9,79.55,3.8,19.8,5.5,"Wichita Falls, Texas",
48489,Willacy,TX,,0,747,11.21,20164,1529.5,13.18,150.6,0.0,53.1,"McAllen, Texas",
48499,Wood,TX,,0,527,2.72,44843,1671.1,26.83,33.9,0.0,48.3,"Tyler, Texas",
49001,Beaver,UT,,0,415,-7.04,7072,6707.8,1.05,9.0,49.7,236.6,"Provo, Utah",
49007,Carbon,UT,,0,402,-9.72,20412,3829.3,5.33,78.4,0.0,102.8,"Provo, Utah",
26071,Iron,MI,,0,78,-14.81,11631,3020.3,3.85,160.6,0.0,180.3,"Green Bay, Wisconsin",
26125,Oakland,MI,,0,774,-7.42,1274395,2247.2,567.09,4.4,129.1,23.2,"Sterling Heights, Michigan",
26131,Ontonagon,MI,,0,114,-13.42,5816,3396.1,1.71,206.2,0.0,263.7,"Green Bay, Wisconsin",
26135,Oscoda,MI,,0,85,-10.39,8219,1465.2,5.61,43.3,0.0,222.1,"Lansing, Michigan",
26145,Saginaw,MI,,0,175,-7.51,190124,2072.3,91.75,5.9,51.3,87.1,"Lansing, Michigan",
26147,St. Clair,MI,,0,143,-6.53,160383,1867.8,85.87,4.1,75.3,53.1,"Sterling Heights, Michigan",
26157,Tuscola,MI,,0,58,-7.7,53323,2080.1,25.63,33.9,0.0,100.4,"Sterling Heights, Michigan",
29047,Clay,MO,,0,185,-5.32,253335,1029.0,246.2,1.6,84.9,18.5,"Kansas City, Missouri",
29051,Cole,MO,,0,260,-3.88,77279,1019.8,75.78,45.1,0.0,45.8,"Columbia, Missouri",
29055,Crawford,MO,,0,188,-4.7,23056,1923.1,11.99,5.1,36.2,116.0,"St. Louis, Missouri",
29057,Dade,MO,,0,32,-3.21,7569,1269.1,5.96,30.8,0.0,52.2,"Springfield, Missouri",
29061,Daviess,MO,,0,21,-6.62,8430,1458.8,5.78,11.1,41.9,101.9,"Independence, Missouri",
29067,Douglas,MO,,0,50,-3.37,11578,2107.3,5.49,52.2,0.0,67.7,"Springfield, Missouri",
29073,Gasconade,MO,,0,18,-4.54,14794,1341.1,11.03,38.0,0.0,92.2,"Columbia, Missouri",
29077,Greene,MO,,0,590,-3.7,298915,1749.0,170.9,5.8,49.4,2.4,"Springfield, Missouri",
29079,Grundy,MO,,0,7,-6.65,9808,1127.4,8.7,37.0,0.0,132.2,"Independence, Missouri",
29087,Holt,MO,,0,351,-6.9,4223,1198.4,3.52,1.6,50.6,118.7,"Kansas City, Kansas",
37011,Avery,NC,,0,725,-3.81,17806,640.0,27.82,39.1,0.0,136.8,"Charlotte, North Carolina",
37013,Beaufort,NC,,0,876,2.08,44652,2142.4,20.84,96.1,0.0,152.0,"Chesapeake, Virginia",
37019,Brunswick,NC,,0,2024,2.57,136693,2193.7,62.31,34.6,0.0,32.3,"Wilmington, North Carolina",
37025,Cabarrus,NC,,0,774,0.09,225804,936.9,241.01,5.0,22.2,27.5,"Charlotte, North Carolina",
13223,Paulding,GA,,0,283,0.97,168661,808.6,208.57,20.9,0.0,43.3,"Atlanta, Georgia",
36081,Queens,NY,2002,242,398,-1.99,2405464,281.1,8557.42,0.5,62.0,14.4,"New York, New York",
36087,Rockland,NY,,0,701,-4.94,338329,449.5,752.69,3.1,32.6,24.3,"Yonkers, New York",
36089,St. Lawrence,NY,,0,474,-11.87,108505,6942.1,15.63,77.0,0.0,196.1,"Syracuse, New York",
36093,Schenectady,NY,,0,54,-8.59,158061,529.7,298.4,0.3,56.6,136.1,"Springfield, Massachusetts",
36099,Seneca,NY,,0,120,-6.8,33814,838.4,40.33,13.8,21.1,60.4,"Syracuse, New York",
36103,Suffolk,NY,1995,95,843,-3.29,1525920,2362.2,645.97,0.4,61.8,41.4,"Bridgeport, Connecticut",
36107,Tioga,NY,,0,302,-7.73,48455,1343.2,36.07,4.5,41.0,104.3,"Syracuse, New York",
36117,Wayne,NY,,0,142,-6.73,91283,1563.9,58.37,19.9,0.0,38.9,"Rochester, New York",
42017,Bucks,PA,2019,10,942,-4.43,646538,1565.1,413.08,8.3,63.4,34.2,"Philadelphia, Pennsylvania",
42023,Cameron,PA,,0,196,-7.38,4547,1026.2,4.43,50.5,0.0,163.4,"Buffalo, New York",
45079,Richland,SC,,0,3342,2.26,416147,1960.8,212.23,0.5,95.3,8.6,"Columbia, South Carolina",
45083,Spartanburg,SC,,0,483,0.69,327997,2092.5,156.75,0.2,129.5,109.3,"Charlotte, North Carolina",
45085,Sumter,SC,,0,350,2.32,105556,1722.5,61.28,25.6,20.3,59.7,"Columbia, South Carolina",
45089,Williamsburg,SC,,0,59,2.77,31026,2419.5,12.82,42.1,0.0,91.8,"North Charleston, South Carolina",
46005,Beadle,SD,,0,19,-12.94,19149,3260.0,5.87,74.8,0.0,150.8,"Sioux Falls, South Dakota",
46011,Brookings,SD,,0,102,-13.56,34375,2051.8,16.75,0.3,38.8,85.6,"Sioux Falls, South Dakota",
46019,Butte,SD,,0,235,-11.3,10243,5827.2,1.76,20.3,0.0,391.6,"Billings, Montana",
46023,Charles Mix,SD,,0,40,-10.45,9373,2842.5,3.3,58.8,0.0,150.7,"Sioux Falls, South Dakota",
46033,Custer,SD,,0,432,-9.74,8318,4032.6,2.06,46.1,0.0,375.6,"Fort Collins, Colorado",
46039,Deuel,SD,,0,33,-13.73,4295,1612.8,2.66,14.8,24.7,133.2,"Sioux Falls, South Dakota",
46041,Dewey,SD,,0,108,-12.59,5239,5963.4,0.88,134.4,0.0,387.9,"Fargo, North Dakota",
46045,Edmunds,SD,,0,23,-14.08,3986,2916.2,1.37,158.5,0.0,241.4,"Fargo, North Dakota",
46051,Grant,SD,,0,8,-14.09,7556,1765.0,4.28,30.4,16.2,185.3,"Sioux Falls, South Dakota",
46059,Hand,SD,,0,11,-12.75,3145,3720.8,0.85,85.3,0.0,211.1,"Sioux Falls, South Dakota",
26159,Van Buren,MI,,0,128,-6.5,75587,1573.4,48.04,7.5,56.3,68.5,"South Bend, Indiana",
26163,Wayne,MI,,0,620,-6.25,1793561,1585.3,1131.38,5.7,157.3,14.8,"Detroit, Michigan",
27001,Aitkin,MN,,0,28,-15.68,15697,4718.1,3.33,60.4,0.0,178.1,"Minneapolis, Minnesota",
27003,Anoka,MN,,0,480,-12.89,363887,1095.6,332.14,6.2,22.4,24.2,"Minneapolis, Minnesota",
27011,Big Stone,MN,,0,19,-14.3,5166,1292.5,4.0,43.0,0.0,166.5,"Fargo, North Dakota",
27017,Carlton,MN,,0,60,-15.62,36207,2231.0,16.23,1.5,50.9,192.7,"St. Paul, Minnesota",
27025,Chisago,MN,,0,164,-13.39,56621,1074.5,52.7,5.6,48.2,56.9,"St. Paul, Minnesota",
27035,Crow Wing,MN,,0,249,-15.31,66123,2587.6,25.55,93.5,0.0,175.9,"Minneapolis, Minnesota",
27037,Dakota,MN,,0,544,-12.1,439882,1456.0,302.11,5.9,51.0,21.8,"St. Paul, Minnesota",
27041,Douglas,MN,,0,30,-15.36,39006,1650.6,23.63,5.6,54.7,152.3,"Fargo, North Dakota",
27043,Faribault,MN,,0,4,-12.16,13921,1845.3,7.54,2.4,48.2,123.7,"Rochester, Minnesota",
27045,Fillmore,MN,,0,113,-12.12,21228,2230.8,9.52,27.8,0.0,47.5,"Rochester, Minnesota",
27053,Hennepin,MN,,0,831,-12.5,1281565,1433.8,893.83,0.7,149.7,7.6,"Minneapolis, Minnesota",
27059,Isanti,MN,,0,63,-13.6,41135,1128.7,36.44,20.9,0.0,62.8,"Minneapolis, Minnesota",
37035,Catawba,NC,,0,661,-0.68,160610,1032.7,155.53,1.5,30.5,63.7,"Charlotte, North Carolina",
37037,Chatham,NC,,0,2350,0.01,76285,1766.9,43.18,27.2,0.0,38.5,"Durham, North Carolina",
37039,Cherokee,NC,,0,253,-1.67,28774,1179.5,24.39,69.3,0.0,96.6,"Knoxville, Tennessee",
37041,Chowan,NC,,0,104,1.15,13708,446.7,30.69,75.8,0.0,78.9,"Chesapeake, Virginia",
37047,Columbus,NC,,0,1190,2.04,50623,2427.6,20.85,46.0,0.0,69.9,"Wilmington, North Carolina",
37059,Davie,NC,,0,72,-1.17,42712,684.0,62.44,3.2,28.1,31.1,"Winston-Salem, North Carolina",
37061,Duplin,NC,,0,261,1.3,48715,2114.0,23.04,7.6,45.8,78.6,"Wilmington, North Carolina",
37065,Edgecombe,NC,,0,140,0.42,48900,1308.8,37.36,21.5,0.0,89.0,"Raleigh, North Carolina",
37069,Franklin,NC,,0,225,-0.54,68573,1273.5,53.85,32.8,0.0,39.0,"Raleigh, North Carolina",
37071,Gaston,NC,,0,753,-0.01,227943,922.1,247.2,0.2,31.5,28.2,"Charlotte, North Carolina",
37075,Graham,NC,,0,373,-2.33,8030,756.5,10.61,58.8,0.0,71.4,"Knoxville, Tennessee",
37077,Granville,NC,,0,254,-1.24,60992,1376.8,44.3,0.8,36.8,33.4,"Durham, North Carolina",
37083,Halifax,NC,,0,184,-0.19,48622,1875.4,25.93,0.4,38.8,107.9,"Raleigh, North Carolina",
37087,Haywood,NC,,0,692,-3.29,62089,1434.1,43.3,3.0,48.7,100.6,"Knoxville, Tennessee",
42027,Centre,PA,,0,1905,-6.43,158172,2874.7,55.02,1.0,97.4,186.6,"Pittsburgh, Pennsylvania",
42029,Chester,PA,,0,984,-4.12,534413,1943.8,274.93,8.1,41.3,43.7,"Philadelphia, Pennsylvania",
42033,Clearfield,PA,,0,384,-7.0,80562,2964.8,27.17,8.9,65.8,139.7,"Pittsburgh, Pennsylvania",
42039,Crawford,PA,,0,405,-6.85,83938,2621.8,32.01,9.3,41.9,51.8,"Erie, Pennsylvania",
42045,Delaware,PA,,0,607,-2.82,576830,476.2,1211.44,0.2,44.6,15.9,"Philadelphia, Pennsylvania",
42049,Erie,PA,,0,730,-6.61,270876,2069.8,130.87,1.4,104.3,6.9,"Erie, Pennsylvania",
42051,Fayette,PA,,0,478,-5.42,128804,2047.0,62.92,23.8,0.1,59.9,"Pittsburgh, Pennsylvania",
42055,Franklin,PA,,0,287,-4.64,155932,2000.1,77.96,1.0,64.9,110.9,"Baltimore, Maryland",
42061,Huntingdon,PA,,0,715,-5.33,44092,2265.3,19.46,32.0,4.0,167.6,"Pittsburgh, Pennsylvania",
42067,Juniata,PA,,0,51,-4.73,23509,1013.6,23.19,41.1,0.0,154.3,"Allentown, Pennsylvania",
42073,Lawrence,PA,,0,172,-5.69,86070,927.7,92.78,14.5,19.7,67.5,"Pittsburgh, Pennsylvania",
42079,Luzerne,PA,,0,476,-7.02,325594,2306.0,141.2,0.2,127.8,75.2,"Allentown, Pennsylvania",
41029,Jackson,OR,,0,2558,-0.88,223259,7209.4,30.97,1.4,82.0,191.2,"Eugene, Oregon",
41033,Josephine,OR,,0,1011,0.61,88090,4246.7,20.74,7.5,42.7,185.6,"Eugene, Oregon",
41039,Lane,OR,,0,3054,0.71,382971,11792.5,32.48,6.0,56.5,2.9,"Eugene, Oregon",
41043,Linn,OR,,0,837,0.15,128610,5931.4,21.68,8.0,59.7,43.5,"Salem, Oregon",
41049,Morrow,OR,,0,102,-2.6,12186,5261.8,2.32,10.5,45.3,221.1,"Gresham, Oregon",
41051,Multnomah,OR,,0,1266,1.28,815428,1117.1,729.98,1.0,86.1,6.7,"Portland, Oregon",
41059,Umatilla,OR,,0,196,-2.99,80075,8328.1,9.61,9.5,118.7,237.3,"Spokane, Washington",
41065,Wasco,OR,,0,749,-2.96,26670,6168.1,4.32,6.5,49.4,95.9,"Gresham, Oregon",
41071,Yamhill,OR,,0,455,1.74,107722,1854.1,58.1,22.0,0.0,34.0,"Salem, Oregon",
27063,Jackson,MN,,0,13,-12.6,9989,1820.7,5.49,2.9,48.3,131.0,"Sioux Falls, South Dakota",
27065,Kanabec,MN,,0,6,-14.43,16032,1350.9,11.87,25.2,0.0,100.9,"Minneapolis, Minnesota",
27069,Kittson,MN,,0,11,-17.99,4207,2845.9,1.48,31.0,0.0,204.4,"Fargo, North Dakota",
29105,Laclede,MO,,0,70,-3.69,36039,1980.6,18.2,0.5,53.6,76.1,"Springfield, Missouri",
29111,Lewis,MO,,0,45,-6.25,10032,1308.1,7.67,29.8,0.0,140.5,"Columbia, Missouri",
29119,McDonald,MO,,0,295,-2.5,23303,1397.2,16.68,26.6,0.0,118.2,"Springfield, Missouri",
29125,Maries,MO,,0,35,-3.8,8432,1364.9,6.18,24.3,0.0,96.0,"Columbia, Missouri",
29129,Mercer,MO,,0,1,-7.38,3538,1175.4,3.01,33.4,0.0,132.8,"Des Moines, Iowa",
29139,Montgomery,MO,,0,114,-4.95,11322,1388.9,8.15,5.9,33.2,74.4,"Columbia, Missouri",
29141,Morgan,MO,,0,63,-4.42,21006,1547.9,13.57,61.2,0.0,77.7,"Columbia, Missouri",
29147,Nodaway,MO,,0,23,-7.51,21241,2271.3,9.35,40.2,0.0,138.2,"Omaha, Nebraska",
29153,Ozark,MO,,0,84,-2.88,8553,1929.5,4.43,90.5,0.0,101.0,"Springfield, Missouri",
29157,Perry,MO,,0,75,-3.24,18956,1228.6,15.43,3.3,33.0,106.6,"St. Louis, Missouri",
29161,Phelps,MO,,0,188,-3.85,44638,1739.9,25.66,3.3,49.3,123.9,"Columbia, Missouri",
29167,Polk,MO,,0,47,-3.78,31519,1646.0,19.15,40.6,0.0,45.1,"Springfield, Missouri",
37095,Hyde,NC,,0,774,2.88,4589,1586.9,2.89,148.3,0.0,150.0,"Chesapeake, Virginia",
37099,Jackson,NC,,0,768,-2.79,43109,1271.1,33.92,33.9,0.0,95.6,"Knoxville, Tennessee",
37105,Lee,NC,,0,249,0.22,63285,660.3,95.84,43.3,0.0,51.7,"Cary, North Carolina",
37111,McDowell,NC,,0,394,-1.54,44578,1141.2,39.06,3.1,42.1,116.8,"Charlotte, North Carolina",
37115,Madison,NC,,0,535,-2.15,21193,1164.4,18.2,9.3,19.3,115.7,"Knoxville, Tennessee",
37121,Mitchell,NC,,0,148,-3.47,14903,573.5,25.99,33.3,0.0,140.6,"Charlotte, North Carolina",
37129,New Hanover,NC,2021,2,2474,2.51,225702,496.1,454.98,3.8,34.7,6.3,"Wilmington, North Carolina",
37135,Orange,NC,,0,5668,-0.7,148696,1030.7,144.27,1.8,42.3,16.5,"Durham, North Carolina",
37139,Pasquotank,NC,,0,57,0.93,40568,587.6,69.04,51.6,0.0,53.2,"Chesapeake, Virginia",
37143,Perquimans,NC,,0,103,0.93,13005,640.0,20.32,64.8,0.0,66.9,"Chesapeake, Virginia",
37147,Pitt,NC,,0,542,1.22,170243,1688.6,100.82,59.6,0.0,114.9,"Raleigh, North Carolina",
37153,Richmond,NC,,0,671,0.99,42946,1227.2,35.0,2.4,18.5,78.5,"Fayetteville, North Carolina",
42085,Mercer,PA,,0,187,-6.56,110652,1742.0,63.52,8.4,85.6,96.5,"Pittsburgh, Pennsylvania",
42089,Monroe,PA,,0,647,-7.14,168327,1575.5,106.84,0.6,64.8,50.6,"Allentown, Pennsylvania",
42095,Northampton,PA,,0,300,-5.79,312951,957.4,326.86,8.6,19.4,17.5,"Allentown, Pennsylvania",
42101,Philadelphia,PA,2020,5,1100,-2.64,1603797,347.3,4617.63,3.8,60.2,6.1,"Philadelphia, Pennsylvania",
42109,Snyder,PA,,0,79,-5.3,39736,851.3,46.67,30.3,0.0,126.5,"Allentown, Pennsylvania",
42111,Somerset,PA,,0,403,-6.75,74129,2782.6,26.64,3.5,47.1,94.9,"Pittsburgh, Pennsylvania",
42115,Susquehanna,PA,,0,129,-7.85,38434,2132.7,18.02,7.1,43.3,138.0,"Allentown, Pennsylvania",
42119,Union,PA,,0,153,-5.96,42681,818.4,52.15,11.3,23.0,129.5,"Allentown, Pennsylvania",
42121,Venango,PA,,0,341,-6.64,50454,1746.4,28.89,24.0,24.7,85.3,"Erie, Pennsylvania",
42125,Washington,PA,,0,437,-4.85,209349,2219.6,94.32,5.3,99.3,28.9,"Pittsburgh, Pennsylvania",
42133,York,PA,,0,520,-4.49,456438,2341.8,194.91,4.9,64.2,74.0,"Baltimore, Maryland",
49009,Daggett,UT,,0,164,-11.02,935,1805.2,0.52,64.5,0.0,187.7,"Provo, Utah",
49013,Duchesne,UT,,0,196,-11.11,19596,8394.0,2.33,118.1,0.0,126.3,"Provo, Utah",
49019,Grand,UT,,0,4339,-6.83,9669,9509.3,1.02,41.1,101.8,260.4,"Provo, Utah",
49023,Juab,UT,,0,604,-6.79,11786,8786.0,1.34,4.3,75.7,57.5,"Provo, Utah",
48001,Anderson,TX,,0,836,3.64,57922,2752.1,21.05,46.6,0.0,73.6,"Tyler, Texas",
48013,Atascosa,TX,,0,864,6.56,48981,3158.6,15.51,13.9,60.7,43.2,"San Antonio, Texas",
48015,Austin,TX,,0,475,6.42,30167,1674.4,18.02,9.9,25.4,82.7,"Houston, Texas",
48017,Bailey,TX,,0,170,-3.54,6904,2141.4,3.22,84.3,0.0,108.6,"Lubbock, Texas",
48023,Baylor,TX,,0,223,0.35,3465,2246.8,1.54,78.9,0.0,79.6,"Wichita Falls, Texas",
48025,Bee,TX,,0,261,8.15,31047,2279.8,13.62,24.3,0.0,73.7,"Corpus Christi, Texas",
48029,Bexar,TX,,0,20505,5.87,2009324,3211.1,625.74,0.3,266.6,7.7,"San Antonio, Texas",
48033,Borden,TX,,0,243,0.32,631,2324.4,0.27,52.7,0.0,99.4,"Lubbock, Texas",
48035,Bosque,TX,,0,865,2.91,18235,2545.9,7.16,44.2,0.0,53.1,"Waco, Texas",
48039,Brazoria,TX,,0,3656,8.57,372031,3516.4,105.8,30.8,0.0,25.0,"Pearland, Texas",
29171,Putnam,MO,,0,4,-7.51,4681,1339.8,3.49,74.6,0.0,135.5,"Des Moines, Iowa",
29175,Randolph,MO,,0,8,-5.55,24716,1250.1,19.77,50.1,0.0,52.8,"Columbia, Missouri",
29177,Ray,MO,,0,13,-5.49,23158,1473.2,15.72,26.7,0.0,40.9,"Independence, Missouri",
29181,Ripley,MO,,0,31,-2.34,10679,1630.5,6.55,100.0,0.0,178.2,"Memphis, Tennessee",
29186,Ste. Genevieve,MO,,0,159,-3.56,18479,1292.8,14.29,1.2,41.0,77.0,"St. Louis, Missouri",
29187,St. Francois,MO,,0,144,-4.14,66922,1170.4,57.18,29.3,0.0,92.3,"St. Louis, Missouri",
29197,Schuyler,MO,,0,2,-7.32,4032,795.9,5.07,113.1,0.0,156.5,"Des Moines, Iowa",
29203,Shannon,MO,,0,286,-3.7,7031,2599.9,2.7,103.3,0.0,164.4,"Springfield, Missouri",
29207,Stoddard,MO,,0,309,-1.55,28672,2132.1,13.45,38.0,0.0,190.3,"Memphis, Tennessee",
29213,Taney,MO,,0,461,-2.8,56066,1638.0,34.23,64.5,0.0,62.4,"Springfield, Missouri",
29219,Warren,MO,,0,162,-4.66,35532,1110.1,32.01,3.6,27.3,79.6,"St. Louis, Missouri",
29225,Webster,MO,,0,46,-3.92,39085,1534.7,25.47,7.4,32.7,34.4,"Springfield, Missouri",
29510,St. Louis,MO,,0,210,-3.24,301578,160.3,1880.82,1.5,30.5,4.7,"St. Louis, Missouri",
30003,Big Horn,MT,,0,51,-10.03,13124,12938.2,1.01,5.1,128.3,81.6,"Billings, Montana",
37159,Rowan,NC,,0,236,-0.58,146875,1324.5,110.89,1.4,30.0,52.7,"Charlotte, North Carolina",
37163,Sampson,NC,,0,1638,1.22,59036,2446.9,24.13,19.5,31.6,43.5,"Fayetteville, North Carolina",
37169,Stokes,NC,,0,387,-1.17,44520,1162.5,38.3,27.5,0.0,28.1,"Winston-Salem, North Carolina",
37175,Transylvania,NC,,0,1361,-1.79,32986,980.4,33.65,30.2,0.0,135.1,"Knoxville, Tennessee",
39061,Hamilton,OH,1976,3,2012,-3.74,830639,1051.3,790.1,1.6,139.0,8.7,"Cincinnati, Ohio",
39071,Highland,OH,,0,71,-4.33,43317,1432.5,30.24,38.9,0.0,79.7,"Dayton, Ohio",
39077,Huron,OH,,0,66,-5.97,58565,1273.0,46.01,16.6,0.0,84.5,"Cleveland, Ohio",
39081,Jefferson,OH,,0,40,-4.82,65249,1057.6,61.7,33.9,0.0,59.2,"Pittsburgh, Pennsylvania",
39087,Lawrence,OH,,0,130,-3.26,58240,1174.2,49.6,11.8,0.0,168.3,"Columbus, Ohio",
39093,Lorain,OH,,0,414,-5.21,312964,1271.9,246.05,0.1,51.6,36.5,"Cleveland, Ohio",
39099,Mahoning,OH,,0,113,-6.04,228614,1066.1,214.44,2.9,61.3,68.6,"Akron, Ohio",
39101,Marion,OH,,0,50,-5.68,65359,1045.7,62.5,31.1,0.0,70.4,"Columbus, Ohio",
44001,Bristol,RI,,0,68,-3.9,50793,62.6,811.59,6.6,0.0,16.3,"Providence, Rhode Island",
44003,Kent,RI,,0,150,-5.18,170363,436.5,390.31,0.3,24.4,15.4,"Providence, Rhode Island",
44005,Newport,RI,,0,164,-3.61,85643,265.2,322.96,18.3,0.0,33.1,"Providence, Rhode Island",
45001,Abbeville,SC,,0,159,1.62,24295,1270.3,19.12,45.4,0.0,91.6,"Athens-Clarke County, Georgia",
45003,Aiken,SC,,0,975,2.42,168808,2774.0,60.85,10.3,71.4,22.9,"Augusta-Richmond County, Georgia",
45007,Anderson,SC,,0,517,1.4,203718,1852.9,109.94,5.2,55.7,96.3,"Athens-Clarke County, Georgia",
45017,Calhoun,SC,,0,121,2.71,14119,987.2,14.3,6.2,29.3,41.0,"Columbia, South Carolina",
45023,Chester,SC,,0,77,0.72,32294,1503.9,21.47,7.1,30.9,63.6,"Charlotte, North Carolina",
45025,Chesterfield,SC,,0,314,1.16,43273,2069.6,20.91,44.5,0.0,87.6,"Charlotte, North Carolina",
46063,Harding,SD,,0,75,-12.27,1311,6918.8,0.19,123.8,0.0,388.6,"Billings, Montana",
46065,Hughes,SD,,0,429,-12.13,17765,1920.6,9.25,52.7,0.0,300.7,"Sioux Falls, South Dakota",
46069,Hyde,SD,,0,2,-13.01,1262,2228.7,0.57,74.3,0.0,243.2,"Sioux Falls, South Dakota",
46075,Jones,SD,,0,52,-10.79,917,2511.5,0.37,1.1,56.8,320.5,"Sioux Falls, South Dakota",
46079,Lake,SD,,0,9,-12.87,11059,1458.9,7.58,24.4,0.0,58.7,"Sioux Falls, South Dakota",
46085,Lyman,SD,,0,34,-11.11,3718,4252.6,0.87,9.5,82.2,243.8,"Sioux Falls, South Dakota",
46093,Meade,SD,,0,48,-11.04,29852,8989.8,3.32,10.8,41.3,438.7,"Fort Collins, Colorado",
46097,Miner,SD,,0,9,-12.65,2298,1477.1,1.56,38.7,0.0,83.9,"Sioux Falls, South Dakota",
46101,Moody,SD,,0,16,-12.99,6336,1345.2,4.71,8.8,42.2,53.1,"Sioux Falls, South Dakota",
46113,Shannon,SD,,0,47,,,5423.2,,81.1,0.0,364.5,"Fort Collins, Colorado",
46115,Spink,SD,,0,3,-13.8,6361,3895.2,1.63,107.6,0.0,202.3,"Sioux Falls, South Dakota",
46117,Stanley,SD,,0,139,-11.64,2980,3741.1,0.8,51.7,0.0,311.2,"Sioux Falls, South Dakota",
46121,Todd,SD,,0,29,-9.93,9319,3596.3,2.59,70.9,0.0,328.1,"Sioux Falls, South Dakota",
46127,Union,SD,,0,142,-10.84,16811,1192.8,14.09,5.2,57.4,97.1,"Sioux Falls, South Dakota",
30005,Blaine,MT,,0,22,-12.64,7044,10949.3,0.64,211.1,0.0,294.4,"Billings, Montana",
30009,Carbon,MT,,0,358,-9.48,10473,5306.3,1.97,30.5,0.0,68.6,"Billings, Montana",
30015,Chouteau,MT,,0,223,-11.15,5895,10288.7,0.57,86.9,0.0,281.1,"Billings, Montana",
30019,Daniels,MT,,0,4,-16.03,1661,3693.6,0.45,191.4,0.0,405.6,"Billings, Montana",
30023,Deer Lodge,MT,,0,4,-10.46,9421,1907.6,4.94,12.5,22.7,348.0,"Billings, Montana",
30029,Flathead,MT,,0,176,-8.5,104357,13177.0,7.92,121.4,0.0,245.5,"Spokane, Washington",
30035,Glacier,MT,,0,82,-10.41,13778,7759.4,1.78,69.7,0.0,362.3,"Spokane, Washington",
30041,Hill,MT,,0,15,-13.74,16309,7508.3,2.17,156.4,0.0,316.8,"Billings, Montana",
31129,Nuckolls,NE,,0,7,-7.97,4095,1489.6,2.75,78.2,0.0,140.5,"Lincoln, Nebraska",
31133,Pawnee,NE,,0,180,-7.68,2544,1116.5,2.28,60.5,0.0,88.6,"Lincoln, Nebraska",
31141,Platte,NE,,0,23,-9.15,34296,1745.8,19.64,72.2,0.0,92.5,"Lincoln, Nebraska",
19007,Appanoose,IA,,0,9,-7.89,12317,1288.0,9.56,79.2,0.0,114.4,"Des Moines, Iowa",
19011,Benton,IA,,0,15,-10.09,25575,1855.1,13.79,20.9,15.7,30.1,"Cedar Rapids, Iowa",
19015,Boone,IA,,0,137,-9.89,26715,1480.4,18.05,25.5,0.0,53.0,"Des Moines, Iowa",
19019,Buchanan,IA,,0,8,-10.72,20565,1478.9,13.91,19.3,10.6,59.9,"Cedar Rapids, Iowa",
19023,Butler,IA,,0,22,-10.88,14334,1502.5,9.54,49.0,0.0,120.6,"Cedar Rapids, Iowa",
19027,Carroll,IA,,0,4,-10.26,20760,1474.8,14.08,61.3,0.0,114.8,"Des Moines, Iowa",
19033,Cerro Gordo,IA,,0,32,-11.46,43127,1471.9,29.3,8.7,39.3,115.6,"Rochester, Minnesota",
17081,Jefferson,IL,,0,47,-3.4,37113,1479.3,25.09,2.6,81.6,116.8,"St. Louis, Missouri",
17091,Kankakee,IL,,0,248,-6.91,107502,1752.3,61.35,1.2,36.5,46.1,"Joliet, Illinois",
17093,Kendall,IL,,0,52,-7.41,131869,829.7,158.94,15.1,3.7,12.1,"Aurora, Illinois",
17099,LaSalle,IL,,0,168,-7.51,109658,2940.0,37.3,1.3,106.9,65.8,"Aurora, Illinois",
17101,Lawrence,IL,,0,6,-3.71,15280,963.9,15.85,58.8,0.0,85.0,"Evansville, Indiana",
17105,Livingston,IL,,0,29,-7.0,35815,2704.7,13.24,4.9,49.5,81.0,"Joliet, Illinois",
17109,McDonough,IL,,0,25,-6.77,27238,1526.6,17.84,59.2,0.0,94.0,"Peoria, Illinois",
17111,McHenry,IL,,0,193,-8.56,310229,1562.2,198.58,17.6,15.0,26.9,"Elgin, Illinois",
17117,Macoupin,IL,,0,96,-4.71,44967,2234.9,20.12,15.3,18.4,68.9,"Springfield, Illinois",
17125,Mason,IL,,0,167,-6.05,13086,1396.6,9.37,37.3,0.0,52.6,"Peoria, Illinois",
17127,Massac,IL,,0,330,-1.85,14169,614.4,23.06,2.9,23.6,133.8,"Evansville, Indiana",
13185,Lowndes,GA,,0,522,5.21,118251,1284.8,92.04,4.3,51.2,106.4,"Tallahassee, Florida",
13189,McDuffie,GA,,0,93,2.29,21632,666.8,32.44,5.8,18.5,42.3,"Augusta-Richmond County, Georgia",
13195,Madison,GA,,0,93,1.23,30120,731.2,41.19,26.4,0.0,19.9,"Athens-Clarke County, Georgia",
13199,Meriwether,GA,,0,77,1.89,20613,1298.2,15.88,23.5,7.1,68.5,"Columbus, Georgia",
13205,Mitchell,GA,,0,39,4.75,21755,1326.3,16.4,66.1,0.0,87.3,"Tallahassee, Florida",
13209,Montgomery,GA,,0,18,4.03,8610,620.4,13.88,28.7,0.0,134.6,"Savannah, Georgia",
13213,Murray,GA,,0,200,-0.06,39973,892.2,44.8,18.9,0.0,55.5,"Chattanooga, Tennessee",
13221,Oglethorpe,GA,,0,178,1.24,14825,1137.0,13.04,41.7,0.0,19.6,"Athens-Clarke County, Georgia",
13229,Pierce,GA,,0,28,4.88,19716,819.7,24.05,63.3,0.0,122.6,"Jacksonville, Florida",
13231,Pike,GA,,0,27,2.06,18889,559.7,33.75,29.8,0.0,72.0,"Atlanta, Georgia",
13235,Pulaski,GA,,0,42,3.68,9855,645.0,15.28,24.7,0.0,142.8,"Columbus, Georgia",
13241,Rabun,GA,,0,391,-0.76,16883,958.3,17.62,54.8,0.0,103.8,"Athens-Clarke County, Georgia",
13247,Rockdale,GA,,0,252,1.56,93570,336.2,278.35,1.6,12.7,36.0,"Atlanta, Georgia",
13255,Spalding,GA,,0,82,2.02,67306,508.9,132.27,15.2,3.0,55.8,"Atlanta, Georgia",
13257,Stephens,GA,,0,70,1.23,26784,463.9,57.73,18.7,0.0,68.1,"Athens-Clarke County, Georgia",
13267,Tattnall,GA,,0,110,4.49,22842,1241.6,18.4,34.6,0.0,90.2,"Savannah, Georgia",
13269,Taylor,GA,,0,75,2.62,7816,975.6,8.01,43.6,0.0,73.5,"Columbus, Georgia",
20183,Smith,KS,,0,41,-7.68,3570,2319.2,1.54,101.9,0.0,214.2,"Lincoln, Nebraska",
20187,Stanton,KS,,0,51,-6.38,2084,1762.1,1.18,192.2,0.0,260.1,"Pueblo, Colorado",
20189,Stevens,KS,,0,39,-5.82,5250,1883.7,2.79,220.5,0.0,224.7,"Amarillo, Texas",
20197,Wabaunsee,KS,,0,495,-5.88,6877,2057.2,3.34,8.9,39.2,42.6,"Topeka, Kansas",
20207,Woodson,KS,,0,164,-4.23,3115,1289.3,2.42,61.7,0.0,132.3,"Topeka, Kansas",
21191,Pendleton,KY,,0,16,-3.3,14644,717.8,20.4,20.5,0.0,45.4,"Cincinnati, Ohio",
21193,Perry,KY,,0,41,-2.45,28473,879.7,32.37,80.8,0.0,143.7,"Lexington-Fayette, Kentucky",
21201,Robertson,KY,,0,3,-3.5,2193,258.8,8.47,45.7,0.0,66.6,"Lexington-Fayette, Kentucky",
21205,Rowan,KY,,0,176,-3.25,24662,724.7,34.03,1.8,30.2,93.6,"Lexington-Fayette, Kentucky",
21207,Russell,KY,,0,39,-2.23,17991,657.0,27.38,74.6,0.0,123.1,"Lexington-Fayette, Kentucky",
21217,Taylor,KY,,0,28,-2.52,26023,689.8,37.73,47.6,0.0,106.6,"Lexington-Fayette, Kentucky",
21221,Trigg,KY,,0,935,-1.44,14061,1143.3,12.3,9.6,22.4,55.0,"Clarksville, Tennessee",
21231,Wayne,KY,,0,57,-2.1,19555,1186.7,16.48,59.3,0.0,128.2,"Knoxville, Tennessee",
21233,Webster,KY,,0,8,-2.13,13017,859.7,15.14,49.3,0.0,53.5,"Evansville, Indiana",
21237,Wolfe,KY,,0,332,-2.71,6562,575.4,11.4,48.0,0.0,92.9,"Lexington-Fayette, Kentucky",
21239,Woodford,KY,,0,42,-2.79,26871,488.9,54.96,12.7,8.0,19.4,"Lexington-Fayette, Kentucky",
22005,Ascension,LA,,0,277,6.54,126500,751.0,168.43,4.2,34.6,30.1,"Baton Rouge, Louisiana",
22091,St. Helena,LA,,0,57,4.88,10920,1057.8,10.32,15.4,0.0,56.2,"Baton Rouge, Louisiana",
22093,St. James,LA,,0,166,7.02,20192,625.6,32.28,12.4,10.0,62.2,"Baton Rouge, Louisiana",
22097,St. Landry,LA,,0,325,5.87,82540,2392.8,34.49,4.0,51.8,33.0,"Lafayette, Louisiana",
22099,St. Martin,LA,,0,617,6.82,51767,1910.5,27.1,9.2,33.1,17.6,"Lafayette, Louisiana",
22103,St. Tammany,LA,,0,2769,5.96,264570,2190.0,120.81,1.4,98.5,49.5,"New Orleans, Louisiana",
22113,Vermilion,LA,,0,279,7.55,57359,3038.6,18.88,27.6,0.0,28.5,"Lafayette, Louisiana",
22117,Washington,LA,,0,430,4.88,45463,1734.1,26.22,45.0,0.0,98.9,"New Orleans, Louisiana",
21011,Bath,KY,,0,54,-2.96,12750,722.1,17.66,0.8,22.6,67.2,"Lexington-Fayette, Kentucky",
21013,Bell,KY,,0,148,-2.59,24097,929.8,25.92,36.6,0.0,82.9,"Knoxville, Tennessee",
21015,Boone,KY,,0,208,-3.53,135968,638.1,213.09,4.0,51.8,19.5,"Cincinnati, Ohio",
21027,Breckinridge,KY,,0,48,-2.77,20432,1469.0,13.91,50.2,0.0,78.2,"Louisville, Kentucky",
21029,Bullitt,KY,,0,212,-2.52,82217,769.3,106.87,4.1,31.7,27.3,"Louisville, Kentucky",
17133,Monroe,IL,,0,220,-3.24,34962,997.2,35.06,15.6,3.3,29.8,"St. Louis, Missouri",
17137,Morgan,IL,,0,39,-5.47,32915,1473.2,22.34,3.2,35.1,49.6,"Springfield, Illinois",
17141,Ogle,IL,,0,62,-8.74,51788,1964.7,26.36,18.6,42.4,30.1,"Rockford, Illinois",
17143,Peoria,IL,,0,205,-6.91,181830,1603.7,113.38,2.4,54.2,7.3,"Peoria, Illinois",
17147,Piatt,IL,,0,144,-5.98,16673,1137.5,14.66,3.4,40.2,94.0,"Springfield, Illinois",
17153,Pulaski,IL,,0,255,-1.92,5193,515.9,10.07,2.1,31.6,161.6,"Evansville, Indiana",
17159,Richland,IL,,0,84,-3.81,15813,932.4,16.96,53.2,0.0,95.6,"Evansville, Indiana",
17165,Saline,IL,,0,125,-2.61,23768,983.7,24.16,35.4,0.0,87.7,"Evansville, Indiana",
17167,Sangamon,IL,,0,258,-5.44,196343,2248.9,87.31,3.4,115.5,1.3,"Springfield, Illinois",
17177,Stephenson,IL,,0,13,-9.28,44630,1462.1,30.52,52.4,0.0,45.4,"Rockford, Illinois",
17183,Vermilion,IL,,0,177,-6.24,74188,2326.8,31.88,5.2,35.2,133.8,"Indianapolis, Indiana",
17191,Wayne,IL,,0,5,-3.41,16179,1848.8,8.75,15.5,38.8,88.6,"Evansville, Indiana",
17195,Whiteside,IL,,0,49,-8.36,55691,1772.2,31.42,1.7,50.7,68.6,"Davenport, Iowa",
17197,Will,IL,,0,991,-6.97,696355,2167.6,321.26,5.7,122.1,4.9,"Joliet, Illinois",
18001,Adams,IN,,0,7,-5.94,35809,878.1,40.78,29.6,0.0,40.7,"Fort Wayne, Indiana",
13275,Thomas,GA,,0,111,5.08,45798,1410.5,32.47,41.5,0.0,57.5,"Tallahassee, Florida",
13279,Toombs,GA,,0,49,4.19,27030,942.8,28.67,24.0,0.0,119.7,"Savannah, Georgia",
13281,Towns,GA,,0,108,-1.44,12493,431.4,28.96,71.8,0.0,114.9,"Knoxville, Tennessee",
13289,Twiggs,GA,,0,84,3.11,8022,928.2,8.64,5.2,35.0,139.6,"Athens-Clarke County, Georgia",
13295,Walker,GA,,0,426,0.34,67654,1156.1,58.52,16.2,0.0,23.2,"Chattanooga, Tennessee",
13301,Warren,GA,,0,7,2.21,5215,736.3,7.08,9.0,20.4,60.6,"Augusta-Richmond County, Georgia",
20035,Cowley,KS,,0,1941,-3.88,34549,2915.7,11.85,29.8,0.0,64.8,"Wichita, Kansas",
20041,Dickinson,KS,,0,173,-5.61,18402,2193.9,8.39,6.1,36.6,127.0,"Topeka, Kansas",
20047,Edwards,KS,,0,30,-5.84,2907,1610.7,1.8,108.2,0.0,177.7,"Wichita, Kansas",
20051,Ellis,KS,2004,85,2209,-6.71,28934,2330.8,12.41,1.8,49.5,218.5,"Wichita, Kansas",
20053,Ellsworth,KS,,0,605,-5.87,6376,1854.0,3.44,13.5,37.3,141.5,"Wichita, Kansas",
20057,Ford,KS,,0,128,-6.07,34287,2844.5,12.05,138.1,0.0,232.3,"Wichita, Kansas",
20063,Gove,KS,,0,154,-7.23,2718,2775.6,0.98,5.5,59.9,304.1,"Wichita, Kansas",
20073,Greenwood,KS,,0,534,-4.59,6016,2961.1,2.03,40.1,0.0,98.9,"Wichita, Kansas",
20077,Harper,KS,,0,212,-3.94,5485,2075.3,2.64,62.7,0.0,82.0,"Wichita, Kansas",
20079,Harvey,KS,,0,140,-4.89,34024,1398.0,24.34,5.5,33.7,40.3,"Wichita, Kansas",
20087,Jefferson,KS,,0,458,-5.72,18368,1379.4,13.32,22.8,0.0,30.4,"Topeka, Kansas",
22011,Beauregard,LA,,0,124,5.51,36549,2997.5,12.19,53.9,0.0,108.0,"Beaumont, Texas",
22015,Bossier,LA,,0,333,3.07,128746,2175.7,59.17,0.3,59.6,9.4,"Shreveport, Louisiana",
22017,Caddo,LA,,0,603,3.42,237848,2275.4,104.53,0.0,92.9,7.8,"Shreveport, Louisiana",
22023,Cameron,LA,,0,367,7.84,5617,3327.8,1.69,26.5,0.0,89.3,"Beaumont, Texas",
22031,De Soto,LA,,0,109,3.48,26812,2267.7,11.82,11.9,59.4,45.1,"Shreveport, Louisiana",
22035,East Carroll,LA,,0,17,3.47,7459,1089.6,6.85,39.4,0.0,106.7,"Jackson, Mississippi",
22041,Franklin,LA,,0,50,3.79,19774,1617.7,12.22,34.6,0.0,142.7,"Jackson, Mississippi",
22043,Grant,LA,,0,142,4.23,22169,1665.4,13.31,20.7,0.0,153.4,"Lafayette, Louisiana",
22049,Jackson,LA,,0,845,2.81,15031,1474.2,10.2,28.9,0.0,107.0,"Shreveport, Louisiana",
22051,Jefferson,LA,,0,3348,8.37,440781,765.7,575.67,4.2,15.7,7.8,"New Orleans, Louisiana",
22055,Lafayette,LA,,0,755,6.71,241753,696.0,347.36,6.1,36.2,3.6,"Lafayette, Louisiana",
21035,Calloway,KY,,0,174,-1.28,37103,997.2,37.21,41.2,0.0,84.5,"Clarksville, Tennessee",
21039,Carlisle,KY,,0,12,-1.42,4826,490.6,9.84,24.4,0.0,145.1,"Clarksville, Tennessee",
21041,Carroll,KY,,0,60,-3.22,10810,333.0,32.46,3.2,22.9,70.9,"Louisville, Kentucky",
21045,Casey,KY,,0,50,-2.72,15941,1150.6,13.86,52.4,0.0,90.7,"Lexington-Fayette, Kentucky",
21057,Cumberland,KY,,0,2,-1.85,5888,790.4,7.45,65.2,0.0,137.6,"Murfreesboro, Tennessee",
21065,Estill,KY,,0,31,-2.48,14163,655.5,21.61,28.3,0.0,58.2,"Lexington-Fayette, Kentucky",
21067,Fayette,KY,,0,628,-2.95,322570,734.6,439.08,6.7,54.8,2.4,"Lexington-Fayette, Kentucky",
21071,Floyd,KY,,0,20,-2.46,35942,1018.8,35.28,88.9,0.0,163.1,"Lexington-Fayette, Kentucky",
21079,Garrard,KY,,0,160,-2.58,16953,595.9,28.45,23.0,0.0,44.2,"Lexington-Fayette, Kentucky",
21083,Graves,KY,,0,42,-1.35,36649,1429.0,25.65,31.4,0.0,116.8,"Clarksville, Tennessee",
21085,Grayson,KY,,0,34,-2.58,26420,1286.4,20.54,37.0,0.0,99.7,"Louisville, Kentucky",
21091,Hancock,KY,,0,18,-2.39,9095,486.0,18.71,37.0,0.0,67.7,"Evansville, Indiana",
21097,Harrison,KY,,0,41,-3.27,18692,793.5,23.56,22.3,0.0,45.0,"Lexington-Fayette, Kentucky",
21101,Henderson,KY,,0,68,-2.41,44793,1131.0,39.61,12.6,0.0,17.2,"Evansville, Indiana",
21107,Hopkins,KY,,0,84,-1.84,45423,1403.8,32.36,48.9,0.0,74.4,"Evansville, Indiana",
48267,Kimble,TX,,0,917,1.95,4286,3240.0,1.32,0.4,70.7,167.5,"San Antonio, Texas",
48271,Kinney,TX,,0,623,5.1,3129,3522.5,0.89,127.4,0.0,187.4,"San Antonio, Texas",
48277,Lamar,TX,,0,202,1.4,50088,2349.6,21.32,58.8,0.0,115.2,"McKinney, Texas",
48281,Lampasas,TX,,0,198,2.79,21627,1846.2,11.71,56.5,0.0,36.7,"Killeen, Texas",
48285,Lavaca,TX,,0,377,6.74,20337,2511.5,8.1,32.1,0.0,116.9,"Austin, Texas",
48287,Lee,TX,,0,568,5.11,17478,1629.1,10.73,64.2,0.0,72.6,"College Station, Texas",
48291,Liberty,TX,,0,641,6.69,91628,3000.3,30.54,37.6,0.0,58.7,"Pasadena, Texas",
48293,Limestone,TX,,0,178,3.65,22146,2344.7,9.45,34.2,0.0,59.5,"Waco, Texas",
48295,Lipscomb,TX,,0,81,-4.4,3059,2414.3,1.27,129.8,0.0,185.2,"Amarillo, Texas",
48301,Loving,TX,,0,143,-0.07,64,1732.5,0.04,41.8,0.0,117.3,"Odessa, Texas",
48305,Lynn,TX,,0,123,-0.88,5596,2309.9,2.42,48.1,0.0,42.4,"Lubbock, Texas",
48307,McCulloch,TX,,0,324,2.16,7630,2759.9,2.76,81.3,0.0,149.6,"Abilene, Texas",
48317,Martin,TX,,0,139,0.25,5237,2369.7,2.21,4.5,22.3,30.6,"Midland, Texas",
48323,Maverick,TX,,0,265,6.04,57887,3313.3,17.47,123.6,0.0,162.9,"Laredo, Texas",
48327,Menard,TX,,0,258,1.57,1962,2336.2,0.84,40.5,0.0,172.4,"Abilene, Texas",
48331,Milam,TX,,0,742,4.23,24754,2633.8,9.4,50.9,0.0,65.7,"College Station, Texas",
48333,Mills,TX,,0,196,2.35,4456,1938.0,2.3,101.9,0.0,90.4,"Killeen, Texas",
51800,Suffolk,VA,,0,438,0.01,94324,1036.4,91.01,10.9,5.4,23.4,"Chesapeake, Virginia",
51810,Virginia Beach,VA,,0,2580,1.54,459470,644.9,712.41,1.2,27.2,11.4,"Virginia Beach, Virginia",
51840,Winchester,VA,,0,12,-3.86,28120,23.9,1175.91,2.5,0.0,101.8,"Washington, District of Columbia",
53001,Adams,WA,,0,55,-3.8,20613,4985.7,4.13,24.2,74.5,150.4,"Spokane, Washington",
53003,Asotin,WA,,0,114,-3.64,22285,1647.8,13.52,122.7,0.0,143.2,"Spokane, Washington",
53005,Benton,WA,,0,220,-2.24,206873,4404.0,46.97,3.6,99.5,212.2,"Spokane, Washington",
53015,Cowlitz,WA,,0,305,0.67,110730,2952.9,37.5,0.1,55.7,58.1,"Vancouver, Washington",
53017,Douglas,WA,,0,108,-5.53,42938,4711.9,9.11,52.4,0.0,153.6,"Bellevue, Washington",
53019,Ferry,WA,,0,30,-7.32,7178,5706.2,1.26,133.4,0.0,133.9,"Spokane, Washington",
53023,Garfield,WA,,0,63,-3.09,2286,1840.7,1.24,93.7,0.0,131.8,"Spokane, Washington",
53025,Grant,WA,,0,520,-4.15,99123,6939.9,14.28,4.4,88.8,165.0,"Spokane, Washington",
51600,Fairfax,VA,,0,72,-2.29,24146,16.2,1494.28,1.9,0.0,22.6,"Alexandria, Virginia",
55101,Racine,WI,,0,75,-8.23,197727,861.2,229.6,2.3,19.5,34.0,"Milwaukee, Wisconsin",
55107,Rusk,WI,,0,17,-14.18,14188,2366.2,6.0,77.1,0.0,163.2,"St. Paul, Minnesota",
55111,Sauk,WI,,0,409,-10.78,65763,2152.0,30.56,16.4,21.7,56.4,"Madison, Wisconsin",
55113,Sawyer,WI,,0,64,-14.87,18074,3256.4,5.55,109.4,0.0,174.9,"St. Paul, Minnesota",
55119,Taylor,WI,,0,17,-14.03,19913,2524.9,7.89,69.2,0.0,202.1,"Green Bay, Wisconsin",
55123,Vernon,WI,,0,121,-11.27,30714,2050.2,14.98,32.5,0.0,130.1,"Madison, Wisconsin",
55125,Vilas,WI,,0,188,-14.87,23047,2218.6,10.39,123.9,0.0,200.3,"Green Bay, Wisconsin",
55133,Waukesha,WI,,0,449,-9.19,406978,1423.4,285.92,1.6,65.4,26.7,"Milwaukee, Wisconsin",
55139,Winnebago,WI,,0,63,-10.61,171730,1125.3,152.61,59.2,0.0,62.3,"Green Bay, Wisconsin",
56003,Big Horn,WY,,0,157,-11.4,11521,8125.0,1.42,85.0,0.0,129.2,"Billings, Montana",
56009,Converse,WY,,0,57,-10.01,13751,11020.1,1.25,1.2,86.8,249.1,"Fort Collins, Colorado",
56017,Hot Springs,WY,,0,54,-10.95,4621,5190.6,0.89,127.6,0.0,237.2,"Billings, Montana",
56019,Johnson,WY,,0,70,-10.24,8447,10759.2,0.79,1.0,190.5,218.7,"Billings, Montana",
54023,Grant,WV,,0,198,-5.33,10976,1236.4,8.88,55.5,0.0,170.3,"Pittsburgh, Pennsylvania",
54025,Greenbrier,WV,,0,137,-4.86,32977,2640.7,12.49,1.6,57.8,197.8,"Winston-Salem, North Carolina",
54027,Hampshire,WV,,0,196,-4.51,23093,1658.2,13.93,38.3,0.0,142.9,"Washington, District of Columbia",
54033,Harrison,WV,,0,28,-4.14,65921,1077.5,61.18,5.3,35.4,132.4,"Pittsburgh, Pennsylvania",
54037,Jefferson,WV,,0,216,-3.73,57701,543.0,106.27,18.2,0.0,83.1,"Washington, District of Columbia",
54045,Logan,WV,,0,39,-2.46,32567,1175.2,27.71,55.5,0.0,221.3,"Lexington-Fayette, Kentucky",
54051,Marshall,WV,,0,59,-4.6,30591,791.1,38.67,13.4,0.0,82.9,"Pittsburgh, Pennsylvania",
54053,Mason,WV,,0,28,-3.29,25453,1115.6,22.81,27.4,0.0,150.3,"Columbus, Ohio",
54059,Mingo,WV,,0,24,-2.34,23568,1095.8,21.51,77.6,0.0,208.2,"Lexington-Fayette, Kentucky",
54065,Morgan,WV,,0,199,-4.2,17063,593.3,28.76,12.8,8.0,126.5,"Washington, District of Columbia",
54069,Ohio,WV,,0,117,-4.71,42425,274.1,154.79,3.2,19.8,70.0,"Pittsburgh, Pennsylvania",
54075,Pocahontas,WV,,0,346,-6.17,7869,2435.3,3.23,54.0,0.0,240.2,"Richmond, Virginia",
48341,Moore,TX,,0,71,-4.08,21358,2330.2,9.17,80.1,0.0,77.0,"Amarillo, Texas",
54083,Randolph,WV,,0,425,-6.05,27932,2692.8,10.37,49.8,0.0,176.2,"Pittsburgh, Pennsylvania",
54087,Roane,WV,,0,15,-3.48,14028,1252.4,11.2,18.4,21.8,197.5,"Columbus, Ohio",
54091,Taylor,WV,,0,19,-4.1,16705,447.5,37.33,13.3,0.0,123.6,"Pittsburgh, Pennsylvania",
54093,Tucker,WV,,0,519,-6.27,6762,1085.0,6.23,57.6,0.0,152.7,"Pittsburgh, Pennsylvania",
54097,Upshur,WV,,0,70,-4.14,23816,918.5,25.93,18.3,0.0,167.7,"Pittsburgh, Pennsylvania",
54099,Wayne,WV,,0,61,-2.65,38982,1310.5,29.75,14.3,9.4,176.3,"Lexington-Fayette, Kentucky",
54103,Wetzel,WV,,0,20,-4.51,14442,927.4,15.57,47.2,0.0,111.9,"Pittsburgh, Pennsylvania",
54105,Wirt,WV,,0,7,-3.79,5194,602.2,8.63,13.4,0.0,170.3,"Columbus, Ohio",
54107,Wood,WV,,0,63,-3.67,84296,948.6,88.86,2.5,46.0,147.2,"Columbus, Ohio",
55011,Buffalo,WI,,0,61,-12.03,13317,1739.5,7.66,45.4,0.0,71.8,"Rochester, Minnesota",
55013,Burnett,WI,,0,175,-14.4,16526,2128.6,7.76,44.5,0.0,111.9,"St. Paul, Minnesota",
55019,Clark,WI,,0,17,-13.28,34659,3133.4,11.06,55.4,0.0,176.0,"Rochester, Minnesota",
55021,Columbia,WI,,0,134,-10.54,58490,1982.7,29.5,9.4,53.9,43.3,"Madison, Wisconsin",
55023,Crawford,WI,,0,124,-10.53,16113,1478.0,10.9,79.2,0.0,130.2,"Madison, Wisconsin",
53029,Island,WA,,0,194,1.85,86857,539.9,160.88,22.8,0.0,37.7,"Everett, Washington",
49039,Sanpete,UT,,0,234,-9.04,28437,4118.5,6.9,33.2,0.0,95.3,"Provo, Utah",
49043,Summit,UT,,0,307,-11.14,42357,4847.7,8.74,1.8,102.0,35.4,"Salt Lake City, Utah",
49045,Tooele,UT,,0,2461,-6.6,72698,17978.0,4.04,11.0,162.6,33.4,"West Valley City, Utah",
49049,Utah,UT,,0,2946,-7.72,659399,5188.9,127.08,2.8,73.2,9.2,"Provo, Utah",
49057,Weber,UT,,0,436,-7.52,262223,1492.1,175.75,1.2,27.6,53.0,"Salt Lake City, Utah",
50003,Bennington,VT,,0,196,-10.6,37347,1748.2,21.36,48.3,0.0,108.3,"Springfield, Massachusetts",
50007,Chittenden,VT,,0,1348,-10.94,168323,1389.7,121.12,1.3,58.0,214.3,"Manchester, New Hampshire",
50011,Franklin,VT,,0,215,-11.63,49946,1641.3,30.43,5.4,39.8,239.5,"Manchester, New Hampshire",
50015,Lamoille,VT,,0,204,-12.48,25945,1188.3,21.83,26.9,0.0,201.6,"Manchester, New Hampshire",
50021,Rutland,VT,,0,557,-11.04,60572,2408.2,25.15,44.7,0.0,144.9,"Manchester, New Hampshire",
56023,Lincoln,WY,,0,76,-13.24,19581,10557.1,1.85,106.6,0.0,227.3,"Salt Lake City, Utah",
51005,Alleghany,VA,,0,142,-3.55,15223,1153.7,13.19,2.1,55.5,192.8,"Winston-Salem, North Carolina",
51011,Appomattox,VA,,0,168,-1.94,16119,863.7,18.66,66.9,0.0,124.4,"Richmond, Virginia",
51013,Arlington,VA,,0,1067,-1.93,238643,67.3,3547.41,1.2,16.4,6.5,"Washington, District of Columbia",
51015,Augusta,VA,,0,737,-3.75,77487,2504.5,30.94,0.7,63.7,153.8,"Richmond, Virginia",
51019,Bedford,VA,,0,532,-2.12,79462,1950.3,40.74,29.7,0.0,142.4,"Greensboro, North Carolina",
51025,Brunswick,VA,,0,45,-1.11,15849,1466.4,10.81,9.6,32.9,95.4,"Richmond, Virginia",
51031,Campbell,VA,,0,206,-2.1,55696,1305.0,42.68,54.8,0.0,144.0,"Durham, North Carolina",
51033,Caroline,VA,,0,289,-2.3,30887,1366.3,22.61,4.9,24.8,52.5,"Richmond, Virginia",
51036,Charles City,VA,,0,413,-0.27,6773,473.5,14.3,13.5,0.0,34.2,"Richmond, Virginia",
51045,Craig,VA,,0,240,-3.45,4892,853.5,5.73,19.5,0.0,154.2,"Winston-Salem, North Carolina",
51049,Cumberland,VA,,0,253,-2.09,9675,770.4,12.56,46.1,0.0,72.3,"Richmond, Virginia",
51051,Dickenson,VA,,0,73,-2.89,14124,856.1,16.5,60.2,0.0,190.4,"Knoxville, Tennessee",
54081,Raleigh,WV,,0,137,-3.83,74591,1567.9,47.58,1.8,65.3,205.3,"Winston-Salem, North Carolina",
51061,Fauquier,VA,,0,913,-3.03,72972,1676.9,43.52,16.4,33.3,63.8,"Alexandria, Virginia",
51067,Franklin,VA,,0,153,-2.08,54477,1788.2,30.46,28.4,0.0,106.4,"Greensboro, North Carolina",
51069,Frederick,VA,,0,210,-4.08,91419,1071.0,85.36,3.2,40.9,102.9,"Washington, District of Columbia",
51073,Gloucester,VA,,0,423,-0.28,38711,564.1,68.62,15.5,0.0,32.8,"Newport News, Virginia",
51081,Greensville,VA,,0,83,-0.74,11391,764.6,14.9,0.0,25.4,92.0,"Richmond, Virginia",
51085,Hanover,VA,,0,497,-2.08,109979,1213.5,90.63,2.6,33.2,16.5,"Richmond, Virginia",
51091,Highland,VA,,0,385,-5.61,2232,1075.2,2.08,54.0,0.0,208.5,"Richmond, Virginia",
51095,James City,VA,,0,962,-0.17,78254,368.9,212.12,5.9,13.0,34.6,"Newport News, Virginia",
51103,Lancaster,VA,,0,161,-0.96,10919,345.1,31.64,45.6,0.0,69.2,"Newport News, Virginia",
49037,San Juan,UT,,0,4948,-5.19,14518,20253.7,0.72,158.6,0.0,354.2,"Provo, Utah",
51119,Middlesex,VA,,0,76,-0.78,10625,337.5,31.48,33.3,0.0,57.7,"Newport News, Virginia",
50025,Windham,VT,,0,355,-10.18,45905,2033.9,22.57,7.5,60.9,95.2,"Springfield, Massachusetts",
53037,Kittitas,WA,,0,789,-4.82,44337,5949.9,7.45,1.4,164.2,127.5,"Kent, Washington",
53039,Klickitat,WA,,0,863,-2.99,22735,4846.7,4.69,16.3,1.7,105.5,"Gresham, Oregon",
53059,Skamania,WA,,0,321,-1.79,12036,4288.2,2.81,4.5,12.8,44.0,"Gresham, Oregon",
53075,Whitman,WA,,0,322,-3.03,47973,5592.0,8.58,80.1,0.0,97.0,"Spokane, Washington",
54017,Doddridge,WV,,0,15,-4.23,7808,828.1,9.43,33.8,0.0,143.3,"Pittsburgh, Pennsylvania",
54029,Hancock,WV,,0,34,-4.8,29095,214.0,135.99,25.4,0.0,48.3,"Pittsburgh, Pennsylvania",
54043,Lincoln,WV,,0,44,-2.51,20463,1131.9,18.08,25.3,0.0,212.4,"Lexington-Fayette, Kentucky",
54055,Mercer,WV,,0,69,-3.71,59664,1085.2,54.98,7.0,38.1,161.1,"Winston-Salem, North Carolina",
54073,Pleasants,WV,,0,21,-4.2,7653,337.0,22.71,20.3,0.0,155.9,"Pittsburgh, Pennsylvania",
54085,Ritchie,WV,,0,19,-4.09,8444,1170.7,7.21,38.1,0.0,163.2,"Pittsburgh, Pennsylvania",
54095,Tyler,WV,,0,26,-4.28,8313,663.8,12.52,43.3,0.0,130.5,"Pittsburgh, Pennsylvania",
51057,Essex,VA,,0,159,-1.64,10599,665.9,15.92,46.9,0.0,62.3,"Richmond, Virginia",
51115,Mathews,VA,,0,60,-0.18,8533,222.6,38.34,33.2,0.0,41.7,"Newport News, Virginia",
22095,St. John the Baptist,LA,,0,367,6.95,42477,551.9,76.97,3.9,48.4,44.5,"New Orleans, Louisiana",
22111,Union,LA,,0,137,2.51,21107,2271.4,9.29,28.8,0.0,129.5,"Shreveport, Louisiana",
21001,Adair,KY,,0,15,-2.36,18903,1049.7,18.01,58.7,0.0,124.7,"Lexington-Fayette, Kentucky",
21005,Anderson,KY,,0,24,-2.9,23852,522.7,45.63,13.8,0.0,36.7,"Lexington-Fayette, Kentucky",
21007,Ballard,KY,,0,29,-1.59,7728,638.8,12.1,16.5,0.3,154.2,"Clarksville, Tennessee",
21019,Boyd,KY,,0,37,-3.12,48261,414.0,116.56,6.1,17.0,165.2,"Lexington-Fayette, Kentucky",
21037,Campbell,KY,,0,268,-3.34,93076,391.9,237.51,2.0,9.8,10.1,"Cincinnati, Ohio",
21049,Clark,KY,,0,41,-2.85,36972,653.9,56.54,2.6,23.9,28.6,"Lexington-Fayette, Kentucky",
21061,Edmonson,KY,,0,297,-1.98,12126,784.5,15.46,17.1,4.5,122.7,"Clarksville, Tennessee",
21069,Fleming,KY,,0,16,-3.36,15082,902.7,16.71,26.7,0.0,79.2,"Lexington-Fayette, Kentucky",
21081,Grant,KY,,0,15,-3.35,24941,668.1,37.33,0.5,36.7,47.0,"Cincinnati, Ohio",
21093,Hardin,KY,,0,97,-2.76,110702,1614.3,68.58,8.4,38.3,58.7,"Louisville, Kentucky",
21109,Jackson,KY,,0,52,-2.78,12955,894.1,14.49,26.4,0.0,84.5,"Lexington-Fayette, Kentucky",
21125,Laurel,KY,,0,156,-2.51,62613,1123.9,55.71,0.6,38.7,112.4,"Lexington-Fayette, Kentucky",
21131,Leslie,KY,,0,20,-2.46,10513,1038.2,10.13,63.3,0.0,138.1,"Knoxville, Tennessee",
40037,Creek,OK,,0,375,-1.78,71754,2460.9,29.16,0.9,62.1,28.9,"Tulsa, Oklahoma",
40047,Garfield,OK,,0,211,-2.74,62846,2741.4,22.92,50.4,0.0,109.3,"Oklahoma City, Oklahoma",
37183,Wake,NC,,0,10676,0.1,1129410,2163.2,522.1,4.7,44.5,4.1,"Raleigh, North Carolina",
37187,Washington,NC,,0,217,1.39,11003,901.7,12.2,103.6,0.0,106.4,"Chesapeake, Virginia",
38003,Barnes,ND,,0,18,-16.14,10853,3863.1,2.81,1.9,58.5,95.1,"Fargo, North Dakota",
38013,Burke,ND,,0,4,-16.68,2201,2858.2,0.77,206.8,0.0,480.9,"Fargo, North Dakota",
38025,Dunn,ND,,0,25,-14.2,4095,5201.9,0.79,50.0,0.0,449.0,"Fargo, North Dakota",
38041,Hettinger,ND,,0,0,-13.7,2489,2932.4,0.85,46.4,0.0,445.8,"Fargo, North Dakota",
38055,McLean,ND,,0,12,-14.85,9771,5467.1,1.79,73.1,0.0,345.5,"Fargo, North Dakota",
38069,Pierce,ND,,0,2,-17.5,3990,2638.2,1.51,160.9,0.0,290.1,"Fargo, North Dakota",
38087,Slope,ND,,0,32,-12.85,706,3146.6,0.22,52.3,0.0,400.0,"Billings, Montana",
38095,Towner,ND,,0,0,-18.24,2162,2653.6,0.81,150.6,0.0,263.1,"Fargo, North Dakota",
39009,Athens,OH,,0,500,-4.2,62431,1304.3,47.87,50.9,0.0,103.2,"Columbus, Ohio",
39021,Champaign,OH,,0,350,-5.43,38714,1110.2,34.87,22.2,0.0,54.8,"Dayton, Ohio",
54109,Wyoming,WV,,0,43,-3.22,21382,1293.6,16.53,33.9,0.0,207.3,"Winston-Salem, North Carolina",
55015,Calumet,WI,,0,14,-10.33,52442,824.2,63.63,39.3,0.0,45.2,"Green Bay, Wisconsin",
55027,Dodge,WI,,0,102,-10.28,89396,2267.9,39.42,38.8,0.0,68.8,"Madison, Wisconsin",
49027,Millard,UT,,0,1193,-6.76,12975,17022.5,0.76,22.5,111.0,134.6,"Provo, Utah",
49033,Rich,UT,,0,47,-11.48,2510,2664.5,0.94,62.6,0.0,124.3,"Salt Lake City, Utah",
49041,Sevier,UT,,0,527,-8.18,21522,4948.4,4.35,4.3,136.0,167.1,"Provo, Utah",
49055,Wayne,UT,,0,1271,-6.21,2486,6373.1,0.39,44.1,0.0,210.4,"Provo, Utah",
50013,Grand Isle,VT,,0,174,-10.79,7293,211.9,34.42,12.0,0.0,249.2,"Manchester, New Hampshire",
51003,Albemarle,VA,,0,1522,-2.32,112395,1866.6,60.21,4.8,47.9,110.5,"Richmond, Virginia",
51009,Amherst,VA,,0,302,-2.52,31307,1227.5,25.51,37.6,0.0,146.0,"Richmond, Virginia",
51023,Botetourt,VA,,0,338,-2.52,33596,1401.7,23.97,1.0,41.6,154.0,"Greensboro, North Carolina",
51035,Carroll,VA,,0,77,-3.18,29155,1229.4,23.71,2.3,38.4,82.7,"Winston-Salem, North Carolina",
51053,Dinwiddie,VA,,0,142,-1.2,27947,1304.6,21.42,2.5,41.0,46.7,"Richmond, Virginia",
51065,Fluvanna,VA,,0,154,-2.33,27249,740.8,36.79,12.2,2.7,85.1,"Richmond, Virginia",
01003,Baldwin,AL,,0,2740,5.91,231767,4117.5,56.29,12.9,95.1,31.9,"Mobile, Alabama",
01027,Clay,AL,,0,260,1.09,14236,1564.3,9.1,35.1,0.0,95.1,"Birmingham, Alabama",
01041,Crenshaw,AL,,0,47,3.04,13194,1576.9,8.37,32.8,0.0,69.0,"Montgomery, Alabama",
01057,Fayette,AL,,0,37,1.41,16321,1625.6,10.04,65.4,0.0,91.8,"Birmingham, Alabama",
01073,Jefferson,AL,,0,2187,1.67,674721,2878.2,234.43,1.0,200.1,0.9,"Birmingham, Alabama",
01091,Marengo,AL,,0,80,3.09,19323,2530.1,7.64,48.5,0.0,140.8,"Montgomery, Alabama",
01103,Morgan,AL,,0,496,0.56,123421,1500.5,82.25,3.7,31.1,39.7,"Huntsville, Alabama",
01115,St. Clair,AL,,0,386,1.37,91103,1636.6,55.67,6.1,76.9,42.4,"Birmingham, Alabama",
01129,Washington,AL,,0,127,4.09,15388,2797.7,5.5,59.5,0.0,81.2,"Mobile, Alabama",
21147,McCreary,KY,,0,315,-2.21,16888,1105.4,15.28,24.5,0.0,96.4,"Knoxville, Tennessee",
21165,Menifee,KY,,0,190,-2.85,6113,527.3,11.59,24.0,0.0,79.7,"Lexington-Fayette, Kentucky",
21181,Nicholas,KY,,0,16,-3.34,7537,505.5,14.91,27.9,0.0,52.5,"Lexington-Fayette, Kentucky",
19041,Clay,IA,,0,18,-11.76,16384,1469.1,11.15,57.0,0.0,135.1,"Sioux Falls, South Dakota",
19043,Clayton,IA,,0,49,-10.61,17043,2016.4,8.45,81.3,0.0,102.6,"Cedar Rapids, Iowa",
19049,Dallas,IA,,0,66,-9.3,99678,1524.1,65.4,8.8,35.5,24.3,"Des Moines, Iowa",
19057,Des Moines,IA,,0,30,-7.43,38910,1077.8,36.1,69.0,0.0,90.3,"Davenport, Iowa",
19073,Greene,IA,,0,16,-10.05,8771,1475.2,5.95,59.2,0.0,79.6,"Des Moines, Iowa",
19081,Hancock,IA,,0,5,-11.69,10795,1478.9,7.3,28.2,0.0,142.2,"Rochester, Minnesota",
19091,Humboldt,IA,,0,5,-11.23,9597,1125.0,8.53,57.2,0.0,137.5,"Des Moines, Iowa",
19099,Jasper,IA,,0,69,-9.1,37813,1891.8,19.99,0.9,49.0,45.3,"Des Moines, Iowa",
19115,Louisa,IA,,0,41,-8.03,10837,1040.6,10.41,47.5,0.0,65.9,"Davenport, Iowa",
19131,Mitchell,IA,,0,2,-11.84,10565,1215.0,8.7,37.6,0.0,80.0,"Rochester, Minnesota",
19147,Palo Alto,IA,,0,35,-11.63,8996,1460.4,6.16,63.4,0.0,172.1,"Sioux Falls, South Dakota",
19157,Poweshiek,IA,,0,8,-9.41,18662,1515.0,12.32,2.7,38.3,82.3,"Des Moines, Iowa",
19165,Shelby,IA,,0,5,-9.74,11746,1530.1,7.68,19.2,0.0,72.4,"Omaha, Nebraska",
19179,Wapello,IA,,0,15,-8.07,35437,1118.4,31.68,75.0,0.0,118.5,"Des Moines, Iowa",
19187,Webster,IA,,0,13,-10.69,36999,1853.4,19.96,49.1,0.0,109.1,"Des Moines, Iowa",
19197,Wright,IA,,0,3,-11.24,12943,1503.3,8.61,23.9,9.2,127.2,"Des Moines, Iowa",
39031,Coshocton,OH,,0,150,-5.39,36612,1460.5,25.07,24.8,0.0,93.1,"Akron, Ohio",
39045,Fairfield,OH,,0,177,-4.7,158921,1306.4,121.65,16.3,3.6,33.0,"Columbus, Ohio",
35013,Doña Ana,NM,,0,8896,-1.13,219561,9861.4,22.26,1.0,170.1,8.6,"Las Cruces, New Mexico",
35017,Grant,NM,,0,4471,-2.96,28185,10260.6,2.75,62.9,32.7,147.4,"Las Cruces, New Mexico",
35037,Quay,NM,,0,675,-3.91,8746,7444.5,1.17,0.7,105.0,165.4,"Amarillo, Texas",
35059,Union,NM,,0,677,-6.64,4079,9903.5,0.41,109.9,0.0,189.6,"Amarillo, Texas",
36017,Chenango,NY,,0,90,-8.75,47220,2314.3,20.4,22.8,19.5,78.9,"Syracuse, New York",
36031,Essex,NY,,0,423,-12.29,37381,4647.0,8.04,7.3,86.0,221.4,"Manchester, New Hampshire",
36049,Lewis,NY,,0,42,-11.96,26582,3301.4,8.05,44.5,0.0,100.0,"Syracuse, New York",
36065,Oneida,NY,,0,161,-9.65,232125,3140.2,73.92,6.5,36.8,65.0,"Syracuse, New York",
36077,Otsego,NY,,0,78,-9.3,58524,2594.4,22.56,11.6,65.5,103.6,"Syracuse, New York",
51079,Greene,VA,,0,178,-3.08,20552,404.7,50.79,24.7,0.0,116.9,"Richmond, Virginia",
12129,Wakulla,FL,,0,3171,6.05,33764,1570.6,21.5,32.3,0.0,28.3,"Tallahassee, Florida",
13011,Banks,GA,,0,75,1.31,18035,601.1,30.0,10.5,9.7,46.5,"Athens-Clarke County, Georgia",
13019,Berrien,GA,,0,97,4.74,18160,1170.4,15.52,19.5,0.0,132.1,"Tallahassee, Florida",
13027,Brooks,GA,,0,69,5.15,16301,1277.0,12.77,18.9,0.0,83.6,"Tallahassee, Florida",
13033,Burke,GA,,0,2664,2.94,24596,2141.8,11.48,33.6,0.0,41.3,"Augusta-Richmond County, Georgia",
13039,Camden,GA,,0,644,6.35,54768,1587.7,34.49,3.4,43.7,53.4,"Jacksonville, Florida",
13051,Chatham,GA,,0,2329,5.34,295291,1104.5,267.36,2.0,57.0,5.7,"Savannah, Georgia",
13061,Clay,GA,,0,11,4.2,2848,506.0,5.63,86.3,0.0,92.1,"Columbus, Georgia",
05149,Yell,AR,,0,157,-0.03,20263,2408.6,8.41,23.2,0.0,99.6,"Little Rock, Arkansas",
06011,Colusa,CA,,0,597,3.29,21839,2980.4,7.33,4.4,55.0,81.7,"Sacramento, California",
06027,Inyo,CA,,0,13163,0.62,19016,26368.4,0.72,200.7,0.0,130.7,"Visalia, California",
06047,Merced,CA,,0,611,4.18,281202,5011.6,56.11,38.4,52.1,52.0,"Modesto, California",
06063,Plumas,CA,,0,1829,-4.27,19790,6612.4,2.99,76.1,0.0,99.4,"Reno, Nevada",
06077,San Joaquin,CA,,0,1903,4.34,779233,3603.5,216.24,0.0,120.6,3.8,"Stockton, California",
06091,Sierra,CA,,0,729,-4.19,3236,2468.8,1.31,30.3,1.9,52.5,"Reno, Nevada",
06107,Tulare,CA,,0,4353,-0.59,473117,12494.7,37.87,69.5,0.0,9.9,"Visalia, California",
08011,Bent,CO,,0,569,-7.49,5650,3918.3,1.44,126.7,0.0,126.9,"Pueblo, Colorado",
08019,Clear Creek,CO,,0,23,-11.2,9397,1023.6,9.18,3.3,48.2,38.3,"Lakewood, Colorado",
08027,Custer,CO,,0,136,-10.63,4704,1913.0,2.46,54.0,0.0,68.5,"Pueblo, Colorado",
20013,Brown,KS,,0,154,-6.92,9508,1478.6,6.43,42.5,0.0,84.8,"Topeka, Kansas",
20023,Cheyenne,KS,,0,168,-7.68,2616,2641.5,0.99,49.3,0.0,262.7,"Aurora, Colorado",
27071,Koochiching,MN,,0,18,-18.26,12062,8039.5,1.5,214.8,0.0,307.8,"Fargo, North Dakota",
27079,Le Sueur,MN,,0,31,-12.38,28674,1162.3,24.67,33.4,0.0,73.9,"Minneapolis, Minnesota",
27087,Mahnomen,MN,,0,11,-17.1,5411,1444.9,3.74,78.8,0.0,86.4,"Fargo, North Dakota",
27101,Murray,MN,,0,6,-12.78,8179,1825.2,4.48,38.1,0.0,93.2,"Sioux Falls, South Dakota",
27107,Norman,MN,,0,19,-16.47,6441,2260.5,2.85,40.6,0.0,53.1,"Fargo, North Dakota",
27125,Red Lake,MN,,0,0,-17.34,3935,1119.9,3.51,72.2,0.0,121.1,"Fargo, North Dakota",
27131,Rice,MN,,0,162,-12.37,67097,1283.8,52.26,2.6,39.2,66.1,"St. Paul, Minnesota",
27143,Sibley,MN,,0,6,-12.72,14836,1524.9,9.73,64.9,0.0,83.7,"Minneapolis, Minnesota",
27159,Wadena,MN,,0,12,-16.0,14065,1388.9,10.13,77.4,0.0,139.4,"Fargo, North Dakota",
27169,Winona,MN,,0,171,-11.65,49671,1621.9,30.63,8.4,67.9,60.9,"Rochester, Minnesota",
28007,Attala,MS,,0,33,2.19,17889,1903.6,9.4,26.6,0.0,102.0,"Jackson, Mississippi",
28023,Clarke,MS,,0,38,3.17,15615,1791.1,8.72,14.8,21.5,138.8,"Jackson, Mississippi",
28035,Forrest,MS,,0,570,4.27,78158,1207.7,64.71,6.3,24.1,137.0,"Mobile, Alabama",
28043,Grenada,MS,,0,140,1.8,21629,1093.3,19.78,3.0,25.2,156.1,"Memphis, Tennessee",
36091,Saratoga,NY,,0,556,-9.42,235509,2097.9,112.26,1.4,57.9,140.6,"Springfield, Massachusetts",
36101,Steuben,NY,,0,236,-8.26,93584,3601.5,25.98,6.0,111.0,102.9,"Rochester, New York",
36113,Warren,NY,,0,378,-11.17,65737,2245.4,29.28,0.5,56.8,170.8,"Springfield, Massachusetts",
42011,Berks,PA,,0,640,-4.85,428849,2218.3,193.32,6.4,81.8,44.7,"Allentown, Pennsylvania",
42019,Butler,PA,,0,539,-5.89,193763,2042.5,94.87,12.1,52.6,42.7,"Pittsburgh, Pennsylvania",
42025,Carbon,PA,,0,592,-6.99,64749,988.0,65.54,3.9,54.5,34.7,"Allentown, Pennsylvania",
42037,Columbia,PA,,0,147,-6.43,64727,1251.2,51.73,0.6,30.3,89.3,"Allentown, Pennsylvania",
42053,Forest,PA,,0,359,-7.12,6973,1106.4,6.3,33.6,0.0,101.1,"Erie, Pennsylvania",
42057,Fulton,PA,,0,106,-4.95,14556,1133.3,12.84,11.8,62.6,143.8,"Baltimore, Maryland",
42075,Lebanon,PA,,0,228,-4.85,143257,937.1,152.87,11.1,47.7,85.5,"Allentown, Pennsylvania",
42081,Lycoming,PA,,0,474,-7.16,114188,3182.0,35.89,0.9,34.9,143.7,"Allentown, Pennsylvania",
42099,Perry,PA,,0,206,-4.51,45842,1428.2,32.1,17.9,0.0,133.7,"Baltimore, Maryland",
42117,Tioga,PA,,0,218,-8.24,41045,2936.5,13.98,39.2,0.0,154.0,"Rochester, New York",
42131,Wyoming,PA,,0,311,-7.16,26069,1029.1,25.33,22.1,0.0,110.7,"Allentown, Pennsylvania",
01005,Barbour,AL,,0,290,3.72,25223,2291.8,11.01,71.6,0.0,74.8,"Columbus, Georgia",
01013,Butler,AL,,0,118,3.24,19051,2012.0,9.47,2.8,54.5,73.7,"Montgomery, Alabama",
01019,Cherokee,AL,,0,275,1.06,24971,1434.1,17.41,25.1,0.0,101.0,"Chattanooga, Tennessee",
06041,Marin,CA,,0,10250,6.14,262321,1347.6,194.66,1.6,5.3,18.2,"Richmond, California",
06053,Monterey,CA,,0,11821,3.32,439035,8496.7,51.67,77.6,0.0,7.1,"Salinas, California",
06061,Placer,CA,,0,2795,-0.16,404739,3644.1,111.07,2.6,101.1,12.5,"Roseville, California",
08041,El Paso,CO,,0,2937,-8.64,730395,5508.4,132.6,7.0,74.3,7.7,"Colorado Springs, Colorado",
08049,Grand,CO,,0,68,-13.21,15717,4782.0,3.29,41.1,0.0,60.0,"Boulder, Colorado",
12085,Martin,FL,,0,2610,13.31,158431,1407.6,112.56,3.9,31.7,17.9,"Port St. Lucie, Florida",
12093,Okeechobee,FL,,0,762,11.67,39644,1991.5,19.91,45.0,0.0,46.4,"Port St. Lucie, Florida",
12105,Polk,FL,,0,5640,10.81,725046,4656.4,155.71,13.0,50.3,16.1,"Lakeland, Florida",
12121,Suwannee,FL,,0,394,5.9,43474,1783.3,24.38,12.1,47.5,89.1,"Gainesville, Florida",
12133,Washington,FL,,0,343,5.46,25318,1509.5,16.77,12.1,24.0,130.7,"Tallahassee, Florida",
13007,Baker,GA,,0,361,4.66,2876,885.6,3.25,83.2,0.0,98.1,"Tallahassee, Florida",
13021,Bibb,GA,,0,550,2.47,157346,646.9,243.24,2.0,64.3,120.8,"Atlanta, Georgia",
13035,Butts,GA,,0,65,1.62,25434,477.6,53.26,11.3,10.0,63.6,"Atlanta, Georgia",
13047,Catoosa,GA,,0,145,0.41,67872,420.0,161.6,1.8,20.3,18.1,"Chattanooga, Tennessee",
13065,Clinch,GA,,0,118,5.23,6749,2072.6,3.26,58.4,0.0,129.2,"Jacksonville, Florida",
13075,Cook,GA,,0,43,4.81,17229,588.3,29.28,1.6,34.1,113.7,"Tallahassee, Florida",
28057,Itawamba,MS,,0,22,0.96,23863,1379.9,17.29,136.2,0.0,170.3,"Birmingham, Alabama",
28069,Kemper,MS,,0,14,2.3,8988,1984.4,4.53,41.7,0.0,150.5,"Jackson, Mississippi",
22119,Webster,LA,,0,99,2.73,36967,1535.9,24.07,11.7,25.6,43.1,"Shreveport, Louisiana",
22125,West Feliciana,LA,,0,274,5.3,15310,1044.3,14.66,49.9,0.0,55.8,"Baton Rouge, Louisiana",
23017,Oxford,ME,,0,329,-12.41,57777,5379.0,10.74,38.1,0.0,158.4,"Manchester, New Hampshire",
24015,Cecil,MD,,0,444,-2.85,103725,896.8,115.66,3.0,29.0,68.1,"Baltimore, Maryland",
24027,Howard,MD,,0,1250,-3.2,332317,649.4,511.72,6.9,48.5,22.2,"Baltimore, Maryland",
25001,Barnstable,MA,,0,703,-3.12,228996,1019.7,224.56,34.6,0.0,90.7,"Providence, Rhode Island",
25003,Berkshire,MA,,0,452,-8.94,129026,2400.5,53.75,16.7,35.7,65.1,"Springfield, Massachusetts",
25027,Worcester,MA,,0,1747,-7.64,862111,3912.9,220.33,0.9,171.1,4.6,"Worcester, Massachusetts",
26025,Calhoun,MI,,0,84,-7.27,134310,1829.1,73.43,0.2,95.5,66.9,"Lansing, Michigan",
26039,Crawford,MI,,0,171,-10.29,12988,1440.8,9.01,2.4,40.5,205.2,"Grand Rapids, Michigan",
26049,Genesee,MI,,0,100,-7.56,406211,1649.8,246.22,0.1,98.5,71.7,"Sterling Heights, Michigan",
44007,Providence,RI,,0,346,-5.75,660741,1060.6,622.98,3.4,60.7,4.8,"Providence, Rhode Island",
45021,Cherokee,SC,,0,101,-0.11,56216,1017.0,55.28,2.1,36.9,74.6,"Charlotte, North Carolina",
45033,Dillon,SC,,0,35,1.95,28292,1048.6,26.98,5.2,36.6,85.7,"Fayetteville, North Carolina",
45045,Greenville,SC,,0,2496,0.92,525534,2033.5,258.44,0.9,87.4,136.9,"Athens-Clarke County, Georgia",
47009,Blount,TN,,0,1185,-0.56,135280,1447.0,93.49,9.3,6.9,23.7,"Knoxville, Tennessee",
47019,Carter,TN,,0,343,-2.73,56356,883.7,63.77,11.3,5.1,158.3,"Knoxville, Tennessee",
47037,Davidson,TN,,0,1852,-0.58,715884,1305.4,548.39,1.3,118.6,4.3,"Nashville, Tennessee",
47051,Franklin,TN,,0,361,-0.48,42774,1436.3,29.78,21.5,0.0,68.3,"Huntsville, Alabama",
47063,Hamblen,TN,,0,33,-1.11,64499,417.5,154.51,7.4,16.7,62.5,"Knoxville, Tennessee",
47075,Haywood,TN,,0,68,0.19,17864,1380.8,12.94,5.6,38.5,85.7,"Memphis, Tennessee",
47085,Humphreys,TN,,0,227,-1.08,18990,1375.2,13.81,21.7,21.8,63.3,"Clarksville, Tennessee",
47099,Lawrence,TN,,0,123,-0.76,44159,1598.4,27.63,41.8,0.0,89.7,"Huntsville, Alabama",
47113,Madison,TN,,0,170,-0.2,98823,1442.9,68.49,1.4,44.5,123.9,"Memphis, Tennessee",
47127,Moore,TN,,0,9,-0.52,6461,334.7,19.3,31.8,0.0,61.6,"Murfreesboro, Tennessee",
06019,Fresno,CA,,0,4085,-0.02,1008654,15431.1,65.36,65.5,106.9,0.7,"Fresno, California",
06023,Humboldt,CA,,0,6561,2.87,136463,9241.1,14.77,139.6,0.0,284.8,"Santa Rosa, California",
06035,Lassen,CA,,0,8406,-5.48,32730,11761.6,2.78,110.4,0.0,116.8,"Reno, Nevada",
06037,Los Angeles,CA,2010,1128,78147,4.69,10014009,10509.9,952.82,0.4,456.0,1.8,"Los Angeles, California",
13085,Dawson,GA,,0,226,0.1,26798,546.0,49.08,26.6,0.0,77.4,"Atlanta, Georgia",
13099,Early,GA,,0,73,4.67,10854,1327.6,8.18,72.3,0.0,116.9,"Tallahassee, Florida",
13117,Forsyth,GA,,0,395,0.74,251283,580.2,433.09,18.4,0.0,53.9,"Atlanta, Georgia",
08051,Gunnison,CO,,0,291,-13.41,16918,8389.2,2.02,104.7,0.0,183.8,"Colorado Springs, Colorado",
08055,Huerfano,CO,,0,564,-8.12,6820,4120.7,1.66,9.9,48.5,75.9,"Pueblo, Colorado",
08065,Lake,CO,,0,15,-14.39,7436,976.2,7.62,31.0,0.0,116.5,"Lakewood, Colorado",
08079,Mineral,CO,,0,48,-13.72,865,2268.0,0.38,183.9,0.0,209.7,"Pueblo, Colorado",
08089,Otero,CO,,0,1851,-7.36,18690,3268.5,5.72,86.4,0.0,86.7,"Pueblo, Colorado",
08101,Pueblo,CO,,0,1060,-7.14,168162,6180.0,27.21,3.4,76.8,3.5,"Pueblo, Colorado",
08117,Summit,CO,,0,37,-13.29,31055,1575.6,19.71,4.7,39.5,83.1,"Boulder, Colorado",
09005,Litchfield,CT,,0,599,-7.79,185186,2384.2,77.67,21.7,0.0,22.1,"Waterbury, Connecticut",
12007,Bradford,FL,,0,276,6.97,28303,761.4,37.17,35.9,0.0,38.1,"Gainesville, Florida",
12019,Clay,FL,,0,1042,7.64,218245,1565.3,139.43,12.4,3.9,30.5,"Jacksonville, Florida",
12027,DeSoto,FL,,0,196,10.89,33976,1650.0,20.59,25.3,0.0,69.1,"Cape Coral, Florida",
12035,Flagler,FL,,0,1084,9.42,115378,1257.3,91.76,1.8,28.5,99.2,"Jacksonville, Florida",
26059,Hillsdale,MI,,0,91,-7.25,45746,1549.2,29.53,29.2,0.0,81.7,"Ann Arbor, Michigan",
26063,Huron,MI,,0,137,-7.79,31407,2164.5,14.51,75.2,0.0,139.8,"Sterling Heights, Michigan",
26113,Missaukee,MI,,0,38,-9.92,15052,1462.6,10.29,46.8,0.0,155.1,"Grand Rapids, Michigan",
26119,Montmorency,MI,,0,67,-10.38,9153,1415.9,6.46,43.0,0.0,255.0,"Lansing, Michigan",
26129,Ogemaw,MI,,0,57,-9.86,20770,1459.4,14.23,9.3,23.7,176.8,"Lansing, Michigan",
26137,Otsego,MI,,0,85,-10.58,25091,1333.8,18.81,1.8,40.5,241.5,"Grand Rapids, Michigan",
26149,St. Joseph,MI,,0,45,-6.87,60939,1296.5,47.0,15.8,0.0,64.3,"South Bend, Indiana",
27005,Becker,MN,,0,46,-16.69,35183,3406.4,10.33,51.1,0.0,77.3,"Fargo, North Dakota",
27013,Blue Earth,MN,,0,73,-12.31,69112,1936.9,35.68,52.5,0.0,110.4,"Minneapolis, Minnesota",
27023,Chippewa,MN,,0,20,-13.76,12598,1505.1,8.37,99.1,0.0,181.1,"Sioux Falls, South Dakota",
27033,Cottonwood,MN,,0,38,-12.59,11517,1654.0,6.96,33.4,0.0,136.4,"Sioux Falls, South Dakota",
27047,Freeborn,MN,,0,9,-12.25,30895,1831.3,16.87,2.7,88.7,80.6,"Rochester, Minnesota",
27061,Itasca,MN,,0,52,-17.1,45014,6909.4,6.51,107.2,0.0,254.0,"Fargo, North Dakota",
29095,Jackson,MO,,0,591,-4.98,717204,1565.6,458.12,4.2,105.5,9.4,"Independence, Missouri",
47133,Overton,TN,,0,41,-1.49,22511,1122.7,20.05,22.9,0.0,110.3,"Murfreesboro, Tennessee",
47145,Roane,TN,,0,172,-0.58,53404,934.2,57.16,0.6,38.3,54.5,"Knoxville, Tennessee",
47159,Smith,TN,,0,39,-0.91,19904,814.0,24.45,6.8,26.5,58.2,"Murfreesboro, Tennessee",
47165,Sumner,TN,,0,270,-0.95,196281,1371.3,143.14,15.0,8.1,34.1,"Nashville, Tennessee",
45047,Greenwood,SC,,0,289,1.68,69351,1177.7,58.89,41.1,0.0,82.7,"Augusta-Richmond County, Georgia",
45051,Horry,SC,,0,1637,2.8,351029,2936.8,119.53,83.2,0.0,103.8,"Wilmington, North Carolina",
45059,Laurens,SC,,0,145,1.19,67539,1848.7,36.53,5.5,63.7,107.4,"Columbia, South Carolina",
45069,Marlboro,SC,,0,38,1.59,26667,1242.4,21.46,21.8,1.8,85.6,"Fayetteville, North Carolina",
45087,Union,SC,,0,43,0.63,27244,1331.7,20.46,28.1,0.0,90.0,"Charlotte, North Carolina",
46015,Brule,SD,,0,17,-11.1,5247,2116.6,2.48,1.7,48.2,199.1,"Sioux Falls, South Dakota",
46025,Clark,SD,,0,8,-14.0,3837,2480.2,1.55,52.5,0.0,162.7,"Sioux Falls, South Dakota",
46037,Day,SD,,0,28,-14.76,5449,2662.2,2.05,36.4,0.0,176.6,"Fargo, North Dakota",
46049,Faulk,SD,,0,4,-13.54,2125,2542.7,0.84,139.1,0.0,253.1,"Sioux Falls, South Dakota",
46057,Hamlin,SD,,0,9,-14.17,6164,1313.7,4.69,23.3,8.6,127.2,"Sioux Falls, South Dakota",
46067,Hutchinson,SD,,0,75,-11.24,7427,2105.4,3.53,36.5,0.0,85.0,"Sioux Falls, South Dakota",
46077,Kingsbury,SD,,0,3,-13.4,5187,2155.5,2.41,49.5,0.0,107.5,"Sioux Falls, South Dakota",
51097,King and Queen,VA,,0,171,-1.54,6608,816.2,8.1,23.7,0.0,50.8,"Richmond, Virginia",
51109,Louisa,VA,,0,307,-2.74,37596,1285.4,29.25,10.5,33.1,68.1,"Richmond, Virginia",
01035,Conecuh,AL,,0,85,3.96,11597,2201.9,5.27,1.0,49.5,124.6,"Montgomery, Alabama",
01039,Covington,AL,,0,1194,3.8,37570,2668.9,14.08,52.9,0.0,121.0,"Montgomery, Alabama",
01049,DeKalb,AL,,0,529,0.65,71608,2012.7,35.58,5.7,68.3,76.5,"Huntsville, Alabama",
01053,Escambia,AL,,0,554,4.49,36757,2447.7,15.02,13.4,42.8,84.4,"Mobile, Alabama",
01063,Greene,AL,,0,70,2.57,7730,1676.0,4.61,3.2,44.1,129.2,"Birmingham, Alabama",
01069,Houston,AL,,0,349,5.04,107202,1501.7,71.39,50.1,0.0,136.4,"Tallahassee, Florida",
01075,Lamar,AL,,0,27,1.42,13972,1566.5,8.92,82.7,0.0,123.3,"Birmingham, Alabama",
01077,Lauderdale,AL,,0,282,-0.09,93564,1729.3,54.1,61.9,0.0,94.0,"Huntsville, Alabama",
12047,Hamilton,FL,,0,208,5.6,14004,1330.7,10.52,1.6,43.4,114.5,"Gainesville, Florida",
12067,Lafayette,FL,,0,216,5.93,8226,1407.4,5.84,31.3,0.0,94.1,"Gainesville, Florida",
12077,Liberty,FL,,0,2186,5.6,7974,2164.1,3.68,25.5,0.0,60.2,"Tallahassee, Florida",
04001,Apache,AZ,,0,2630,-6.55,66021,29001.5,2.28,32.7,84.5,258.7,"Albuquerque, New Mexico",
04007,Gila,AZ,,0,2699,-0.13,53272,12323.0,4.32,100.6,0.0,89.2,"Mesa, Arizona",
04019,Pima,AZ,,0,38262,3.59,1043433,23794.3,43.85,1.6,156.2,3.0,"Tucson, Arizona",
05011,Bradley,AR,,0,34,1.83,10545,1681.5,6.27,71.8,0.0,132.1,"Little Rock, Arkansas",
05023,Cleburne,AR,,0,238,-0.4,24711,1434.1,17.23,56.7,0.0,88.1,"Little Rock, Arkansas",
05037,Cross,AR,,0,83,0.91,16833,1596.4,10.54,22.5,0.0,66.7,"Memphis, Tennessee",
05039,Dallas,AR,,0,66,0.97,6482,1728.5,3.75,57.9,0.0,100.9,"Little Rock, Arkansas",
05055,Greene,AR,,0,337,-0.48,45736,1496.2,30.57,57.0,0.0,111.6,"Memphis, Tennessee",
05065,Izard,AR,,0,99,-1.73,13577,1503.7,9.03,121.9,0.0,157.6,"Little Rock, Arkansas",
05079,Lincoln,AR,,0,54,1.98,12941,1454.3,8.9,32.5,0.0,99.7,"Little Rock, Arkansas",
29099,Jefferson,MO,,0,1228,-3.66,226739,1700.7,133.32,6.6,43.7,40.0,"St. Louis, Missouri",
29115,Linn,MO,,0,29,-6.19,11874,1594.3,7.45,90.1,0.0,113.5,"Columbia, Missouri",
29121,Macon,MO,,0,31,-6.18,15209,2075.2,7.33,92.7,0.0,95.8,"Columbia, Missouri",
29135,Moniteau,MO,,0,45,-4.3,15473,1074.9,14.39,34.2,0.0,43.5,"Columbia, Missouri",
29145,Newton,MO,,0,225,-2.67,58648,1618.1,36.24,14.2,18.1,103.9,"Springfield, Missouri",
29163,Pike,MO,,0,90,-5.1,17587,1736.4,10.13,39.9,0.0,110.6,"Columbia, Missouri",
29173,Ralls,MO,,0,35,-5.4,10355,1216.7,8.51,17.1,0.0,102.1,"Columbia, Missouri",
29185,St. Clair,MO,,0,88,-3.77,9284,1735.2,5.35,98.5,0.0,103.6,"Springfield, Missouri",
29201,Scott,MO,,0,58,-1.67,38059,1087.8,34.99,2.9,45.3,188.6,"St. Louis, Missouri",
29215,Texas,MO,,0,229,-3.63,24487,3049.1,8.03,57.3,0.0,117.3,"Springfield, Missouri",
29223,Wayne,MO,,0,192,-3.14,10974,1966.3,5.58,84.0,0.0,172.4,"St. Louis, Missouri",
30007,Broadwater,MT,,0,20,-9.26,6774,3088.7,2.19,38.7,8.7,242.3,"Billings, Montana",
30021,Dawson,MT,,0,36,-13.42,8940,6143.1,1.46,2.6,71.9,325.6,"Billings, Montana",
30031,Gallatin,MT,,0,173,-10.88,118960,6740.9,17.65,4.8,69.9,205.0,"Billings, Montana",
46091,Marshall,SD,,0,30,-14.65,4306,2170.6,1.98,50.9,0.0,140.0,"Fargo, North Dakota",
46107,Potter,SD,,0,7,-13.25,2472,2230.3,1.11,130.7,0.0,307.5,"Sioux Falls, South Dakota",
46119,Sully,SD,,0,23,-12.72,1446,2607.6,0.55,88.6,0.0,300.7,"Sioux Falls, South Dakota",
46129,Walworth,SD,,0,8,-13.52,5315,1835.3,2.9,146.2,0.0,311.3,"Fargo, North Dakota",
40057,Harmon,OK,,0,309,-1.85,2488,1391.3,1.79,59.8,0.0,155.1,"Wichita Falls, Texas",
40061,Haskell,OK,,0,70,-0.29,11561,1493.2,7.74,27.3,0.0,110.1,"Broken Arrow, Oklahoma",
40069,Johnston,OK,,0,383,0.18,10272,1665.2,6.17,45.9,0.0,119.0,"McKinney, Texas",
40075,Kiowa,OK,,0,187,-1.48,8509,2629.4,3.24,57.7,0.0,124.0,"Wichita Falls, Texas",
40093,Major,OK,,0,264,-3.31,7782,2473.4,3.15,85.1,0.0,124.0,"Oklahoma City, Oklahoma",
40103,Noble,OK,,0,203,-2.51,10924,1895.6,5.76,7.9,49.1,99.2,"Oklahoma City, Oklahoma",
40115,Ottawa,OK,,0,94,-2.19,30285,1219.4,24.84,1.8,50.4,123.6,"Broken Arrow, Oklahoma",
40133,Seminole,OK,,0,712,-1.09,23556,1639.0,14.37,21.9,30.3,73.1,"Norman, Oklahoma",
40141,Tillman,OK,,0,150,-0.8,6968,2256.2,3.09,48.8,0.0,68.2,"Wichita Falls, Texas",
41009,Columbia,OR,,0,1379,1.09,52589,1702.5,30.89,12.5,1.4,34.8,"Vancouver, Washington",
06067,Sacramento,CA,,0,3160,4.33,1585055,2498.4,634.42,6.2,85.2,9.9,"Sacramento, California",
06071,San Bernardino,CA,,0,42568,3.93,2181654,51947.3,42.0,0.2,588.3,9.5,"Rialto, California",
06111,Ventura,CA,,0,11413,3.16,843843,4773.7,176.77,44.5,0.0,14.8,"Oxnard, California",
08005,Arapahoe,CO,,0,879,-8.71,655070,2067.1,316.91,1.2,89.6,8.1,"Centennial, Colorado",
05109,Pike,AR,,0,204,0.21,10171,1555.6,6.54,43.6,0.0,137.0,"Little Rock, Arkansas",
05117,Prairie,AR,,0,43,1.33,8282,1678.2,4.94,4.9,30.5,69.2,"Little Rock, Arkansas",
05135,Sharp,AR,,0,54,-1.75,17271,1565.5,11.03,141.1,0.0,174.6,"Little Rock, Arkansas",
13307,Webster,GA,,0,7,3.28,2348,541.6,4.34,52.0,0.0,60.6,"Columbus, Georgia",
13311,White,GA,,0,271,-0.16,28003,623.4,44.92,34.2,0.0,80.6,"Athens-Clarke County, Georgia",
13315,Wilcox,GA,,0,19,4.08,8766,978.3,8.96,32.2,0.0,157.6,"Columbus, Georgia",
16005,Bannock,ID,,0,900,-7.93,87018,2880.0,30.21,0.3,94.5,240.2,"Salt Lake City, Utah",
16027,Canyon,ID,,0,288,-4.05,231105,1521.3,151.91,2.8,34.0,33.0,"Boise City, Idaho",
16039,Elmore,ID,,0,389,-6.29,28666,7963.5,3.6,3.5,93.6,70.4,"Boise City, Idaho",
16063,Lincoln,ID,,0,60,-7.9,5127,3111.6,1.65,32.8,0.0,168.2,"Boise City, Idaho",
16075,Payette,ID,,0,6,-4.16,25386,1053.8,24.09,4.0,26.9,70.4,"Boise City, Idaho",
17001,Adams,IL,,0,59,-5.87,65737,2215.0,29.68,0.8,30.0,140.5,"Columbia, Missouri",
17017,Cass,IL,,0,31,-5.77,13042,973.4,13.4,31.3,0.0,61.1,"Springfield, Illinois",
30047,Lake,MT,,0,193,-6.89,31134,3859.5,8.07,64.0,0.0,250.0,"Spokane, Washington",
31123,Morrill,NE,,0,26,-8.99,4555,3687.7,1.24,55.1,0.0,203.5,"Fort Collins, Colorado",
31127,Nemaha,NE,,0,55,-7.57,7074,1055.1,6.7,22.1,0.0,85.4,"Lincoln, Nebraska",
31143,Polk,NE,,0,10,-8.62,5214,1135.3,4.59,39.5,0.0,82.5,"Lincoln, Nebraska",
31153,Sarpy,NE,,0,228,-8.21,190604,619.0,307.93,6.6,24.6,11.8,"Omaha, Nebraska",
31167,Stanton,NE,,0,11,-9.57,5842,1108.4,5.27,84.9,0.0,132.4,"Omaha, Nebraska",
31179,Wayne,NE,,0,11,-10.08,9697,1147.1,8.45,55.9,0.0,139.5,"Omaha, Nebraska",
31185,York,NE,,0,7,-8.24,14125,1482.8,9.53,4.8,38.3,77.0,"Lincoln, Nebraska",
32011,Eureka,NV,,0,313,-8.04,1855,10815.0,0.17,78.4,40.4,309.7,"Reno, Nevada",
32027,Pershing,NV,,0,782,-5.3,6650,15634.6,0.43,1.4,120.8,157.2,"Reno, Nevada",
33005,Cheshire,NH,,0,393,-9.45,76458,1830.2,41.77,20.5,0.0,66.3,"Manchester, New Hampshire",
33017,Strafford,NH,,0,192,-8.89,130889,955.6,136.96,23.0,0.0,49.2,"Manchester, New Hampshire",
34027,Morris,NJ,,0,1227,-5.45,509285,1191.9,427.3,3.8,75.1,28.2,"Paterson, New Jersey",
34037,Sussex,NJ,,0,635,-6.48,144221,1344.2,107.29,20.9,2.3,44.8,"Paterson, New Jersey",
41023,Grant,OR,,0,283,-6.12,7233,11728.9,0.62,100.6,0.0,241.3,"Boise City, Idaho",
41047,Marion,OR,,0,656,0.38,345920,3062.2,112.96,3.1,63.4,6.5,"Salem, Oregon",
41061,Union,OR,,0,253,-5.22,26196,5274.8,4.97,3.1,65.9,239.4,"Boise City, Idaho",
42009,Bedford,PA,,0,228,-5.41,47577,2621.8,18.15,1.8,78.2,135.2,"Pittsburgh, Pennsylvania",
48355,Nueces,TX,,0,6877,9.73,353178,2171.7,162.63,6.8,28.3,8.6,"Corpus Christi, Texas",
48363,Palo Pinto,TX,,0,1338,1.5,28409,2465.1,11.52,17.5,33.3,77.6,"Fort Worth, Texas",
48373,Polk,TX,,0,534,5.22,50123,2737.9,18.31,55.8,0.0,106.5,"Beaumont, Texas",
48389,Reeves,TX,,0,1435,0.57,14748,6825.6,2.16,1.7,140.8,120.8,"Odessa, Texas",
48405,San Augustine,TX,,0,178,4.06,7918,1374.4,5.76,86.4,0.0,126.6,"Shreveport, Louisiana",
48413,Schleicher,TX,,0,426,1.24,2451,3394.5,0.72,31.7,0.0,188.5,"Midland, Texas",
48421,Sherman,TX,,0,65,-4.88,2782,2390.7,1.16,127.1,0.0,125.4,"Amarillo, Texas",
48439,Tarrant,TX,,0,14429,2.91,2110640,2236.7,943.62,1.5,166.2,7.8,"Fort Worth, Texas",
48455,Trinity,TX,,0,250,4.61,13602,1796.4,7.57,44.1,0.0,111.9,"College Station, Texas",
48471,Walker,TX,,0,984,5.34,76400,2031.0,37.62,2.9,52.2,76.8,"College Station, Texas",
13083,Dade,GA,,0,212,0.19,16251,450.6,36.06,1.4,36.9,25.1,"Chattanooga, Tennessee",
13089,DeKalb,GA,,0,2358,1.6,764382,693.0,1102.95,0.0,86.1,13.7,"Atlanta, Georgia",
13097,Douglas,GA,,0,446,1.27,144237,518.2,278.36,1.5,28.9,32.1,"Atlanta, Georgia",
13105,Elbert,GA,,0,28,1.14,19637,909.2,21.6,41.9,0.0,48.0,"Athens-Clarke County, Georgia",
13111,Fannin,GA,,0,199,-1.44,25319,1001.6,25.28,58.0,0.0,91.7,"Chattanooga, Tennessee",
13121,Fulton,GA,,0,3001,1.44,1066710,1364.0,782.06,0.2,105.6,9.4,"Atlanta, Georgia",
08067,La Plata,CO,,0,525,-9.15,55638,4382.5,12.7,207.5,0.0,266.6,"Albuquerque, New Mexico",
08071,Las Animas,CO,,0,1108,-6.96,14555,12361.2,1.18,0.0,61.8,119.4,"Pueblo, Colorado",
05095,Monroe,AR,,0,170,1.68,6799,1572.4,4.32,12.1,21.6,97.0,"Little Rock, Arkansas",
17025,Clay,IL,,0,3,-3.99,13288,1212.9,10.96,28.0,0.0,115.4,"Evansville, Indiana",
17039,De Witt,IL,,0,38,-6.33,15516,1029.6,15.07,21.9,8.5,76.2,"Springfield, Illinois",
17045,Edgar,IL,,0,9,-5.4,16866,1614.5,10.45,23.6,0.0,133.0,"Indianapolis, Indiana",
17061,Greene,IL,,0,21,-4.88,11985,1406.4,8.52,34.5,0.0,76.9,"Springfield, Illinois",
17069,Hardin,IL,,0,49,-2.26,3649,459.8,7.94,44.5,0.0,84.0,"Evansville, Indiana",
18049,Fulton,IN,,0,16,-6.6,20480,954.1,21.46,73.4,0.0,69.1,"South Bend, Indiana",
18053,Grant,IN,,0,74,-5.78,66674,1072.4,62.17,7.7,32.1,75.1,"Fort Wayne, Indiana",
18063,Hendricks,IN,,0,102,-5.6,174788,1053.9,165.85,8.8,46.5,21.5,"Indianapolis, Indiana",
18075,Jay,IN,,0,8,-5.77,20478,994.3,20.6,43.4,0.0,73.2,"Fort Wayne, Indiana",
18093,Lawrence,IN,,0,170,-4.49,45011,1163.3,38.69,54.7,0.0,92.2,"Louisville, Kentucky",
18099,Marshall,IN,,0,55,-6.9,46095,1149.0,40.12,41.4,0.0,36.8,"South Bend, Indiana",
18113,Noble,IN,,0,66,-6.87,47457,1064.1,44.6,25.9,0.0,43.0,"Fort Wayne, Indiana",
18119,Owen,IN,,0,94,-4.93,21321,997.9,21.37,25.0,0.0,74.6,"Indianapolis, Indiana",
18133,Putnam,IN,,0,55,-5.62,36726,1244.6,29.51,11.6,32.0,59.1,"Indianapolis, Indiana",
18145,Shelby,IN,,0,35,-4.64,45055,1064.9,42.31,2.3,42.0,40.8,"Indianapolis, Indiana",
18157,Tippecanoe,IN,,0,252,-6.18,186251,1294.5,143.88,4.0,37.7,95.4,"Indianapolis, Indiana",
35011,De Baca,NM,,0,606,-3.54,1698,6015.6,0.28,64.1,0.0,225.1,"Albuquerque, New Mexico",
30049,Lewis and Clark,MT,,0,79,-9.31,70973,8958.3,7.92,0.9,82.0,288.4,"Billings, Montana",
30053,Lincoln,MT,,0,63,-7.5,19677,9357.4,2.1,121.9,0.0,179.7,"Spokane, Washington",
30075,Powder River,MT,,0,51,-11.29,1694,8540.0,0.2,103.6,0.0,233.8,"Billings, Montana",
30085,Roosevelt,MT,,0,16,-15.19,10794,6098.9,1.77,118.2,0.0,361.8,"Billings, Montana",
31001,Adams,NE,,0,19,-8.37,31205,1458.9,21.39,24.2,0.0,147.4,"Lincoln, Nebraska",
31005,Arthur,NE,,0,12,-8.99,434,1852.8,0.23,50.9,0.0,304.5,"Fort Collins, Colorado",
31017,Brown,NE,,0,85,-9.85,2903,3163.2,0.92,143.2,0.0,276.4,"Sioux Falls, South Dakota",
31027,Cedar,NE,,0,26,-10.31,8380,1917.4,4.37,43.3,0.0,116.0,"Sioux Falls, South Dakota",
31041,Custer,NE,,0,29,-9.42,10545,6670.6,1.58,65.8,0.0,257.2,"Lincoln, Nebraska",
31059,Fillmore,NE,,0,2,-8.0,5551,1490.2,3.72,31.3,0.0,81.5,"Lincoln, Nebraska",
31069,Garden,NE,,0,171,-9.43,1874,4414.1,0.42,40.5,0.0,249.0,"Fort Collins, Colorado",
31077,Greeley,NE,,0,4,-9.49,2188,1475.8,1.48,82.5,0.0,171.6,"Lincoln, Nebraska",
31089,Holt,NE,,0,40,-10.06,10127,6248.1,1.62,139.4,0.0,203.2,"Sioux Falls, South Dakota",
48481,Wharton,TX,,0,448,7.49,41570,2813.1,14.78,53.3,0.0,92.0,"Pearland, Texas",
48493,Wilson,TX,,0,1074,6.34,49753,2081.7,23.9,26.0,0.0,40.2,"San Antonio, Texas",
48503,Young,TX,,0,129,0.82,17867,2368.5,7.54,74.8,0.0,84.6,"Wichita Falls, Texas",
49005,Cache,UT,,0,502,-8.44,133154,3016.9,44.14,23.5,0.0,110.3,"Salt Lake City, Utah",
49017,Garfield,UT,,0,1729,-6.88,5083,13403.5,0.38,60.0,0.0,279.2,"Provo, Utah",
47183,Weakley,TN,,0,115,-0.8,32902,1503.1,21.89,54.5,0.0,128.4,"Clarksville, Tennessee",
47187,Williamson,TN,,0,663,-0.93,247726,1508.9,164.17,2.1,38.3,28.6,"Nashville, Tennessee",
48003,Andrews,TX,,0,900,-0.51,18610,3886.8,4.79,54.9,0.0,55.4,"Odessa, Texas",
48019,Bandera,TX,,0,1630,4.09,20851,2048.6,10.18,28.7,0.0,60.6,"San Antonio, Texas",
48027,Bell,TX,,0,2229,3.69,370647,2722.1,136.16,12.7,57.0,13.5,"Killeen, Texas",
48041,Brazos,TX,,0,5022,4.99,233849,1516.3,154.22,57.2,0.0,0.7,"College Station, Texas",
48059,Callahan,TX,,0,329,1.45,13708,2329.4,5.88,6.4,48.7,28.4,"Abilene, Texas",
48075,Childress,TX,,0,121,-1.47,6664,1803.7,3.69,89.6,0.0,168.4,"Wichita Falls, Texas",
48083,Coleman,TX,,0,232,1.82,7684,3268.4,2.35,65.6,0.0,77.0,"Abilene, Texas",
48089,Colorado,TX,,0,773,6.72,20557,2487.1,8.27,3.2,51.0,108.7,"College Station, Texas",
06001,Alameda,CA,,0,7704,4.97,1682353,1914.0,878.95,0.6,140.3,4.5,"Hayward, California",
01105,Perry,AL,,0,474,2.68,8511,1863.9,4.57,59.3,0.0,102.9,"Montgomery, Alabama",
01111,Randolph,AL,,0,163,0.95,21967,1503.6,14.61,43.1,0.0,98.6,"Columbus, Georgia",
01113,Russell,AL,,0,280,3.22,59183,1660.5,35.64,8.7,0.0,8.1,"Columbus, Georgia",
01123,Tallapoosa,AL,,0,201,1.58,41311,1855.8,22.26,44.4,0.0,67.7,"Montgomery, Alabama",
18165,Vermillion,IN,,0,24,-5.62,15439,665.3,23.21,34.9,10.6,108.8,"Indianapolis, Indiana",
19003,Adams,IA,,0,51,-8.93,3704,1096.7,3.38,54.4,0.0,110.8,"Omaha, Nebraska",
19013,Black Hawk,IA,,0,59,-10.61,131144,1465.3,89.5,10.1,20.2,81.5,"Cedar Rapids, Iowa",
19025,Calhoun,IA,,0,4,-10.63,9927,1476.2,6.72,85.9,0.0,122.1,"Des Moines, Iowa",
19035,Cherokee,IA,,0,5,-11.16,11658,1494.2,7.8,71.2,0.0,127.9,"Sioux Falls, South Dakota",
17071,Henderson,IL,,0,17,-7.31,6387,981.3,6.51,53.1,0.0,84.0,"Davenport, Iowa",
17075,Iroquois,IL,,0,153,-6.76,27077,2893.8,9.36,14.1,61.9,87.8,"Joliet, Illinois",
17087,Johnson,IL,,0,1808,-2.34,13308,890.7,14.94,0.8,42.8,127.1,"Evansville, Indiana",
17095,Knox,IL,,0,15,-7.58,49967,1855.5,26.93,0.1,54.5,67.6,"Peoria, Illinois",
17113,McLean,IL,,0,172,-6.72,170954,3064.9,55.78,5.1,135.5,57.8,"Peoria, Illinois",
17123,Marshall,IL,,0,18,-7.27,11742,1001.8,11.72,20.6,20.4,45.3,"Peoria, Illinois",
17135,Montgomery,IL,,0,29,-4.8,28288,1822.5,15.52,12.5,43.0,66.5,"Springfield, Illinois",
17151,Pope,IL,,0,288,-2.2,3763,955.1,3.94,20.2,0.0,107.2,"Evansville, Indiana",
17163,St. Clair,IL,,0,309,-3.38,257400,1703.6,151.09,5.5,75.5,20.1,"St. Louis, Missouri",
17187,Warren,IL,,0,3,-7.62,16835,1404.8,11.98,26.3,0.0,71.0,"Davenport, Iowa",
17199,Williamson,IL,,0,157,-2.77,67153,1088.2,61.71,2.5,31.8,124.9,"Evansville, Indiana",
31107,Knox,NE,,0,60,-10.05,8391,2870.6,2.92,81.7,0.0,133.5,"Sioux Falls, South Dakota",
28077,Lawrence,MS,,0,19,3.94,12016,1115.4,10.77,34.8,0.0,83.3,"Jackson, Mississippi",
28081,Lee,MS,,0,30,1.23,83343,1165.4,71.52,110.1,0.0,156.3,"Memphis, Tennessee",
28085,Lincoln,MS,,0,46,3.93,34907,1518.0,22.99,2.1,39.9,87.4,"Jackson, Mississippi",
28087,Lowndes,MS,,0,84,1.95,58879,1309.3,44.97,81.2,0.0,146.4,"Birmingham, Alabama",
28107,Panola,MS,,0,85,1.5,33208,1774.5,18.71,2.2,44.2,90.5,"Memphis, Tennessee",
28123,Scott,MS,,0,52,2.48,27990,1577.8,17.74,6.8,39.1,62.4,"Jackson, Mississippi",
28133,Sunflower,MS,,0,13,2.74,25971,1807.2,14.37,70.8,0.0,149.1,"Jackson, Mississippi",
28145,Union,MS,,0,11,0.86,27777,1076.4,25.81,81.1,0.0,120.1,"Memphis, Tennessee",
28159,Winston,MS,,0,138,2.05,17714,1572.8,11.26,72.3,0.0,138.0,"Jackson, Mississippi",
29003,Andrew,MO,,0,25,-6.63,18135,1120.7,16.18,5.4,32.1,91.7,"Kansas City, Kansas",
29015,Benton,MO,,0,52,-4.41,19394,1823.5,10.64,74.5,0.0,111.4,"Columbia, Missouri",
29027,Callaway,MO,,0,142,-4.67,44283,2161.5,20.49,16.7,44.3,33.7,"Columbia, Missouri",
29039,Cedar,MO,,0,35,-3.34,14188,1228.9,11.55,69.6,0.0,81.7,"Springfield, Missouri",
29049,Clinton,MO,,0,17,-6.04,21184,1085.1,19.52,8.6,34.1,57.5,"Independence, Missouri",
29059,Dallas,MO,,0,67,-4.02,17071,1400.6,12.19,24.4,0.0,52.6,"Springfield, Missouri",
29071,Franklin,MO,,0,617,-4.48,104682,2389.7,43.8,6.6,54.9,72.3,"St. Louis, Missouri",
48107,Crosby,TX,,0,460,-1.23,5133,2331.5,2.2,44.1,0.0,46.8,"Lubbock, Texas",
48119,Delta,TX,,0,97,1.98,5230,665.2,7.86,28.0,0.0,88.8,"McKinney, Texas",
48131,Duval,TX,,0,355,8.59,9831,4645.1,2.12,69.5,0.0,98.7,"Corpus Christi, Texas",
48143,Erath,TX,,0,723,1.95,42545,2805.1,15.17,36.3,9.1,103.3,"Fort Worth, Texas",
48153,Floyd,TX,,0,87,-2.09,5402,2569.6,2.1,35.8,0.0,67.9,"Lubbock, Texas",
48163,Frio,TX,,0,514,5.99,18385,2935.8,6.26,1.5,57.5,88.2,"San Antonio, Texas",
48171,Gillespie,TX,,0,1427,3.09,26725,2740.8,9.75,26.6,9.2,102.4,"San Antonio, Texas",
48173,Glasscock,TX,,0,113,0.69,1116,2331.6,0.48,39.7,0.0,54.8,"Midland, Texas",
48175,Goliad,TX,,0,637,7.69,7012,2206.7,3.18,74.6,0.0,100.6,"Corpus Christi, Texas",
48183,Gregg,TX,,0,257,3.41,124239,707.9,175.52,7.4,27.0,50.5,"Tyler, Texas",
48187,Guadalupe,TX,,0,1690,5.72,172706,1842.3,93.75,7.7,59.5,42.3,"San Antonio, Texas",
48205,Hartley,TX,,0,124,-5.03,5382,3786.7,1.42,81.3,0.0,105.4,"Amarillo, Texas",
48209,Hays,TX,,0,5823,4.93,241067,1756.0,137.29,5.8,39.8,33.6,"Austin, Texas",
48219,Hockley,TX,,0,170,-2.18,21537,2352.7,9.15,46.1,0.0,44.1,"Lubbock, Texas",
48231,Hunt,TX,,0,373,2.36,99956,2176.4,45.93,1.3,47.2,51.3,"McKinney, Texas",
48241,Jasper,TX,,0,842,4.93,32980,2431.6,13.56,66.7,0.0,73.5,"Beaumont, Texas",
48255,Karnes,TX,,0,167,6.98,14710,1936.2,7.6,42.9,0.0,87.3,"San Antonio, Texas",
48269,King,TX,,0,215,-0.35,265,2359.1,0.11,128.4,0.0,143.3,"Abilene, Texas",
48279,Lamb,TX,,0,100,-3.21,13045,2631.9,4.96,43.6,0.0,66.3,"Lubbock, Texas",
48289,Leon,TX,,0,570,3.94,15719,2779.5,5.66,4.6,46.0,78.6,"College Station, Texas",
08033,Dolores,CO,,0,57,-9.43,2326,2763.7,0.84,144.6,0.0,354.2,"Albuquerque, New Mexico",
08039,Elbert,CO,,0,87,-9.58,26062,4793.7,5.44,28.6,43.4,37.1,"Centennial, Colorado",
08045,Garfield,CO,,0,601,-9.16,61685,7634.2,8.08,6.4,100.4,201.6,"Boulder, Colorado",
06079,San Luis Obispo,CA,,0,9665,3.31,282424,8543.3,33.06,94.4,0.0,48.2,"Santa Maria, California",
06093,Siskiyou,CA,,0,3094,-2.41,44076,16259.7,2.71,0.6,107.7,281.2,"Eugene, Oregon",
06097,Sonoma,CA,,0,13068,4.45,488863,4081.4,119.78,51.6,0.0,3.2,"Santa Rosa, California",
06105,Trinity,CA,,0,1455,-0.2,16112,8234.2,1.96,61.3,0.0,247.5,"Santa Rosa, California",
06017,El Dorado,CA,,0,3012,0.23,191185,4423.4,43.22,32.1,0.0,45.4,"Roseville, California",
18005,Bartholomew,IN,,0,90,-4.19,82208,1053.9,78.0,4.2,35.6,65.7,"Indianapolis, Indiana",
18017,Cass,IN,,0,12,-6.21,37870,1067.5,35.48,52.0,0.0,104.3,"South Bend, Indiana",
18027,Daviess,IN,,0,22,-4.15,33381,1112.4,30.01,55.8,0.0,91.2,"Evansville, Indiana",
18041,Fayette,IN,,0,44,-5.16,23398,556.9,42.02,24.3,0.0,81.0,"Cincinnati, Ohio",
18043,Floyd,IN,,0,188,-3.19,80484,383.2,210.06,1.0,25.8,11.6,"Louisville, Kentucky",
13127,Glynn,GA,,0,1931,6.21,84499,1087.2,77.72,3.9,28.8,98.1,"Jacksonville, Florida",
13133,Greene,GA,,0,146,1.63,18915,1003.5,18.85,0.9,23.8,49.4,"Athens-Clarke County, Georgia",
13143,Haralson,GA,,0,20,0.61,29919,730.8,40.94,8.4,14.2,73.3,"Atlanta, Georgia",
13153,Houston,GA,,0,154,3.15,163633,972.6,168.23,7.4,25.9,124.3,"Columbus, Georgia",
13163,Jefferson,GA,,0,39,2.78,15709,1363.6,11.52,48.4,0.0,58.3,"Augusta-Richmond County, Georgia",
13183,Long,GA,,0,145,4.99,16168,1036.8,15.59,32.8,0.0,68.6,"Savannah, Georgia",
13193,Macon,GA,,0,25,2.94,12082,1037.7,11.64,25.6,0.0,90.0,"Columbus, Georgia",
13207,Monroe,GA,,0,95,1.84,27957,1024.8,27.28,0.9,45.5,91.0,"Atlanta, Georgia",
13219,Oconee,GA,,0,298,1.59,41799,477.3,87.57,34.6,0.0,12.9,"Athens-Clarke County, Georgia",
13227,Pickens,GA,,0,185,0.19,33216,601.0,55.27,7.7,1.2,79.1,"Atlanta, Georgia",
13237,Putnam,GA,,0,119,1.82,22047,892.6,24.7,23.9,0.0,70.6,"Athens-Clarke County, Georgia",
13249,Schley,GA,,0,15,3.07,4547,432.3,10.52,51.4,0.0,68.3,"Columbus, Georgia",
29083,Henry,MO,,0,37,-4.26,21946,1805.1,12.16,67.0,0.0,97.5,"Independence, Missouri",
29093,Iron,MO,,0,306,-4.43,9537,1425.2,6.69,63.2,0.0,125.8,"St. Louis, Missouri",
37003,Alexander,NC,,0,835,-0.95,36444,673.4,54.12,19.1,0.0,80.5,"Charlotte, North Carolina",
37007,Anson,NC,,0,198,1.02,22055,1376.5,16.02,29.0,0.0,72.0,"Charlotte, North Carolina",
37009,Ashe,NC,,0,237,-3.99,26577,1103.7,24.08,45.5,0.0,116.2,"Winston-Salem, North Carolina",
37033,Caswell,NC,,0,52,-0.99,22736,1100.5,20.66,37.0,0.0,53.1,"Greensboro, North Carolina",
37045,Cleveland,NC,,0,126,-0.58,99519,1202.4,82.77,15.3,12.1,61.1,"Charlotte, North Carolina",
37063,Durham,NC,,0,4440,-0.81,324833,740.7,438.57,1.9,46.5,0.9,"Durham, North Carolina",
37073,Gates,NC,,0,287,-0.02,10478,881.7,11.88,43.9,0.0,50.4,"Chesapeake, Virginia",
37085,Harnett,NC,,0,615,0.71,133568,1541.0,86.68,22.4,14.7,33.7,"Fayetteville, North Carolina",
37097,Iredell,NC,,0,918,-0.96,186693,1486.2,125.62,0.8,99.1,52.4,"Charlotte, North Carolina",
37109,Lincoln,NC,,0,190,-0.46,86810,771.7,112.5,23.0,0.0,40.8,"Charlotte, North Carolina",
37123,Montgomery,NC,,0,600,0.64,25751,1273.7,20.22,44.3,0.0,69.6,"High Point, North Carolina",
37133,Onslow,NC,,0,896,1.98,204576,1975.5,103.56,48.2,0.0,75.2,"Wilmington, North Carolina",
37145,Person,NC,,0,196,-1.46,39097,1016.1,38.48,32.4,0.0,42.8,"Durham, North Carolina",
48299,Llano,TX,,0,1819,3.13,21243,2419.1,8.78,78.4,0.0,81.7,"Round Rock, Texas",
48313,Madison,TX,,0,59,4.55,13455,1207.1,11.15,2.1,30.1,55.2,"College Station, Texas",
48325,Medina,TX,,0,1022,5.32,50748,3432.7,14.78,17.5,19.4,46.3,"San Antonio, Texas",
48335,Mitchell,TX,,0,246,0.52,8990,2359.7,3.81,1.8,50.9,106.0,"Abilene, Texas",
48343,Morris,TX,,0,199,2.69,11973,652.6,18.35,22.6,10.2,96.9,"Tyler, Texas",
51127,New Kent,VA,,0,372,-1.09,22945,543.2,42.24,0.0,33.4,34.9,"Richmond, Virginia",
51133,Northumberland,VA,,0,140,-1.26,11839,495.5,23.9,62.9,0.0,90.0,"Newport News, Virginia",
51167,Russell,VA,,0,195,-2.97,25781,1227.2,21.01,27.6,0.0,188.4,"Winston-Salem, North Carolina",
51179,Stafford,VA,,0,582,-2.39,156927,696.6,225.28,1.2,26.4,55.8,"Alexandria, Virginia",
51515,Bedford,VA,,0,6,,,17.8,,26.7,0.0,143.5,"Greensboro, North Carolina",
51590,Danville,VA,,0,46,-1.27,42590,111.2,383.01,58.6,0.0,67.4,"Greensboro, North Carolina",
51620,Franklin,VA,,0,4,-0.59,8180,21.3,384.88,46.9,0.0,58.3,"Chesapeake, Virginia",
51680,Lynchburg,VA,,0,223,-2.23,79009,127.2,620.94,41.8,0.0,154.6,"Richmond, Virginia",
51720,Norton,VA,,0,17,-3.02,3687,19.4,190.29,42.9,0.0,158.9,"Knoxville, Tennessee",
51740,Portsmouth,VA,,0,47,1.64,97915,87.2,1123.38,1.6,9.4,6.2,"Norfolk, Virginia",
51830,Williamsburg,VA,,0,299,-0.25,15425,23.4,660.12,4.0,0.0,29.7,"Newport News, Virginia",
12086,Miami-Dade,FL,,0,61625,15.15,2701767,4915.1,549.69,9.4,31.9,10.0,"Hialeah, Florida",
12103,Pinellas,FL,,0,7697,12.09,959107,709.1,1352.5,7.0,24.2,10.2,"Clearwater, Florida",
12123,Taylor,FL,,0,716,6.28,21796,2702.1,8.07,41.8,0.0,78.7,"Tallahassee, Florida",
13259,Stewart,GA,,0,112,3.27,5314,1188.1,4.47,40.7,0.0,48.8,"Columbus, Georgia",
13271,Telfair,GA,,0,117,4.31,12477,1132.6,11.02,49.9,0.0,168.9,"Savannah, Georgia",
13283,Treutlen,GA,,0,11,3.78,6406,516.5,12.4,5.4,28.1,132.6,"Augusta-Richmond County, Georgia",
13297,Walton,GA,,0,140,1.43,96673,843.5,114.61,20.1,3.0,43.0,"Athens-Clarke County, Georgia",
20025,Clark,KS,,0,502,-5.39,1991,2524.3,0.79,185.1,0.0,227.7,"Wichita, Kansas",
20031,Coffey,KS,,0,80,-4.66,8360,1623.8,5.15,19.9,21.9,90.5,"Topeka, Kansas",
20033,Comanche,KS,,0,276,-5.18,1689,2041.7,0.83,178.8,0.0,185.6,"Wichita, Kansas",
20045,Douglas,KS,2001,228,2671,-5.11,118785,1180.7,100.61,5.2,28.9,38.0,"Olathe, Kansas",
20055,Finney,KS,,0,621,-7.01,38470,3372.1,11.41,127.3,0.0,309.1,"Wichita, Kansas",
20069,Gray,KS,,0,64,-6.45,5653,2250.4,2.51,147.2,0.0,268.7,"Wichita, Kansas",
20081,Haskell,KS,,0,30,-6.46,3780,1495.8,2.53,181.4,0.0,268.0,"Amarillo, Texas",
20093,Kearny,KS,,0,50,-6.78,3983,2254.7,1.77,135.6,0.0,294.4,"Pueblo, Colorado",
20101,Lane,KS,,0,53,-7.17,1574,1858.2,0.85,64.5,0.0,288.2,"Wichita, Kansas",
20111,Lyon,KS,,0,274,-5.23,32179,2194.9,14.66,1.7,86.8,83.2,"Topeka, Kansas",
20123,Mitchell,KS,,0,68,-6.95,5796,1817.6,3.19,66.1,0.0,198.6,"Lincoln, Nebraska",
20133,Neosho,KS,,0,190,-3.56,15904,1480.1,10.75,94.4,0.0,149.6,"Olathe, Kansas",
20139,Osage,KS,,0,267,-5.05,15766,1827.3,8.63,19.7,34.2,40.0,"Topeka, Kansas",
20151,Pratt,KS,,0,205,-5.22,9157,1903.8,4.81,115.8,0.0,121.9,"Wichita, Kansas",
20159,Rice,KS,,0,68,-5.62,9427,1880.9,5.01,50.1,0.0,103.2,"Wichita, Kansas",
20169,Saline,KS,,0,375,-5.52,54303,1865.4,29.11,1.9,78.9,128.3,"Wichita, Kansas",
37157,Rockingham,NC,,0,238,-0.92,91096,1464.8,62.19,32.6,0.0,36.7,"Greensboro, North Carolina",
37173,Swain,NC,,0,745,-3.04,14117,1367.5,10.32,40.8,0.0,74.2,"Knoxville, Tennessee",
37179,Union,NC,,0,816,0.62,238267,1635.6,145.67,12.0,0.0,30.7,"Charlotte, North Carolina",
39059,Guernsey,OH,,0,38,-5.14,38438,1352.6,28.42,1.1,82.1,119.2,"Akron, Ohio",
39069,Henry,OH,,0,17,-5.92,27662,1077.5,25.67,26.3,0.0,55.1,"Toledo, Ohio",
39083,Knox,OH,,0,91,-5.93,62721,1361.0,46.08,23.9,0.0,67.3,"Columbus, Ohio",
39091,Logan,OH,,0,86,-5.71,46150,1187.3,38.87,32.8,0.0,78.2,"Dayton, Ohio",
39103,Medina,OH,,0,437,-5.64,182470,1091.3,167.2,1.8,68.2,27.5,"Akron, Ohio",
39115,Morgan,OH,,0,44,-4.65,13802,1078.5,12.8,31.8,0.0,103.6,"Columbus, Ohio",
39127,Perry,OH,,0,53,-5.01,35408,1056.6,33.51,20.0,0.0,68.4,"Columbus, Ohio",
39137,Putnam,OH,,0,4,-5.75,34451,1249.7,27.57,22.9,0.0,85.8,"Fort Wayne, Indiana",
39153,Summit,OH,,0,4070,-5.35,540428,1069.0,505.54,0.8,156.3,3.9,"Akron, Ohio",
39165,Warren,OH,,0,386,-4.12,242337,1039.4,233.15,5.0,55.5,37.9,"Dayton, Ohio",
40005,Atoka,OK,,0,714,0.03,14143,2526.6,5.6,95.1,0.0,136.0,"McKinney, Texas",
40015,Caddo,OK,,0,109,-1.47,26945,3310.8,8.14,38.5,35.8,81.0,"Oklahoma City, Oklahoma",
40027,Cleveland,OK,,0,2346,-1.07,295528,1395.4,211.79,3.1,32.0,5.3,"Norman, Oklahoma",
53011,Clark,WA,,0,574,1.4,503311,1629.1,308.95,2.2,49.8,9.0,"Vancouver, Washington",
53035,Kitsap,WA,,0,409,1.71,275611,1022.9,269.44,23.5,0.0,22.8,"Seattle, Washington",
55053,Jackson,WI,,0,86,-12.46,21145,2558.2,8.27,1.8,65.8,130.4,"Rochester, Minnesota",
55067,Langlade,WI,,0,29,-13.75,19491,2254.9,8.64,53.9,0.0,113.3,"Green Bay, Wisconsin",
55078,Menominee,WI,,0,4,-12.64,4255,926.2,4.59,66.1,0.0,65.5,"Green Bay, Wisconsin",
55087,Outagamie,WI,,0,41,-10.82,190705,1651.2,115.5,35.9,0.0,38.3,"Green Bay, Wisconsin",
55099,Price,WI,,0,19,-14.51,14054,3248.8,4.33,111.6,0.0,227.6,"St. Paul, Minnesota",
55109,St. Croix,WI,,0,131,-13.03,93536,1870.8,50.0,6.3,49.6,40.8,"St. Paul, Minnesota",
55121,Trempealeau,WI,,0,80,-12.11,30760,1898.4,16.2,28.3,7.2,94.2,"Rochester, Minnesota",
55135,Waupaca,WI,,0,39,-11.59,51812,1936.6,26.75,46.6,0.0,73.4,"Green Bay, Wisconsin",
56005,Campbell,WY,,0,202,-10.53,47026,12439.0,3.78,2.3,80.1,291.2,"Billings, Montana",
56015,Goshen,WY,,0,102,-9.33,12498,5763.7,2.17,55.6,0.0,179.0,"Fort Collins, Colorado",
56041,Uinta,WY,,0,78,-12.03,20450,5390.5,3.79,3.0,90.1,110.3,"Salt Lake City, Utah",
01127,Walker,AL,,0,134,1.21,65342,2049.2,31.89,36.3,0.0,54.1,"Birmingham, Alabama",
01133,Winston,AL,,0,578,0.32,23540,1587.6,14.83,48.2,0.0,91.4,"Birmingham, Alabama",
20179,Sheridan,KS,,0,29,-7.44,2447,2320.5,1.05,29.2,0.0,329.2,"Wichita, Kansas",
20191,Sumner,KS,,0,376,-3.75,22382,3061.2,7.31,6.1,54.0,43.6,"Wichita, Kansas",
20209,Wyandotte,KS,,0,185,-5.06,169245,392.6,431.04,0.1,47.3,7.4,"Kansas City, Kansas",
21185,Oldham,KY,,0,53,-3.19,67607,484.9,139.43,2.0,22.3,29.2,"Louisville, Kentucky",
21197,Powell,KY,,0,541,-2.63,13129,463.6,28.32,26.2,0.0,58.3,"Lexington-Fayette, Kentucky",
21203,Rockcastle,KY,,0,90,-2.61,16037,819.8,19.56,1.2,35.2,75.1,"Lexington-Fayette, Kentucky",
21215,Spencer,KY,,0,31,-2.89,19490,483.5,40.31,15.5,0.0,41.3,"Louisville, Kentucky",
21227,Warren,KY,,0,132,-1.45,134554,1402.7,95.92,3.0,47.3,95.2,"Nashville, Tennessee",
21235,Whitley,KY,,0,76,-2.07,36712,1134.0,32.37,2.9,43.5,97.6,"Knoxville, Tennessee",
22007,Assumption,LA,,0,34,7.3,21039,877.1,23.99,32.3,0.0,60.0,"Baton Rouge, Louisiana",
22021,Caldwell,LA,,0,47,3.45,9645,1371.2,7.03,47.4,0.0,162.2,"Shreveport, Louisiana",
22025,Catahoula,LA,,0,87,4.15,8906,1833.8,4.86,73.5,0.0,152.0,"Baton Rouge, Louisiana",
22047,Iberville,LA,,0,349,6.45,30241,1602.2,18.87,16.7,21.5,22.6,"Baton Rouge, Louisiana",
22059,La Salle,LA,,0,44,4.06,14791,1617.9,9.14,54.3,0.0,167.6,"Lafayette, Louisiana",
22067,Morehouse,LA,,0,58,2.88,25629,2058.9,12.45,33.7,0.0,168.1,"Jackson, Mississippi",
22083,Richland,LA,,0,28,3.45,20043,1447.9,13.84,2.1,43.0,144.4,"Jackson, Mississippi",
48101,Cottle,TX,,0,544,-0.82,1380,2332.4,0.59,131.1,0.0,151.2,"Lubbock, Texas",
48105,Crockett,TX,,0,1231,1.7,3098,7270.9,0.43,0.9,82.7,165.4,"Midland, Texas",
48109,Culberson,TX,,0,2405,0.1,2188,9875.1,0.22,3.0,69.3,173.0,"El Paso, Texas",
48111,Dallam,TX,,0,119,-5.67,7115,3893.4,1.83,93.0,0.0,119.0,"Amarillo, Texas",
48113,Dallas,TX,,0,10094,3.24,2613539,2256.6,1158.17,1.8,230.3,3.8,"Dallas, Texas",
48121,Denton,TX,,0,10921,2.26,906422,2275.1,398.4,2.9,84.1,8.1,"Lewisville, Texas",
48125,Dickens,TX,,0,1508,-0.67,1770,2335.5,0.76,90.8,0.0,92.2,"Lubbock, Texas",
48133,Eastland,TX,,0,328,1.32,17725,2399.6,7.39,1.7,63.5,83.7,"Abilene, Texas",
48139,Ellis,TX,,0,1123,3.42,192455,2422.9,79.43,3.2,90.3,38.7,"Grand Prairie, Texas",
48145,Falls,TX,,0,129,3.71,16968,1982.6,8.56,27.1,2.3,37.1,"Waco, Texas",
48147,Fannin,TX,,0,397,1.62,35662,2307.3,15.46,48.4,0.0,58.4,"McKinney, Texas",
48151,Fisher,TX,,0,274,0.63,3672,2328.2,1.58,32.5,0.0,73.0,"Abilene, Texas",
48157,Fort Bend,TX,,0,7479,7.64,822779,2231.2,368.76,17.8,6.2,33.9,"Houston, Texas",
48181,Grayson,TX,,0,1101,1.69,135543,2416.0,56.1,48.8,0.0,50.0,"McKinney, Texas",
48189,Hale,TX,,0,76,-2.71,32522,2602.1,12.5,0.6,59.7,64.0,"Lubbock, Texas",
48193,Hamilton,TX,,0,191,2.32,8222,2165.0,3.8,87.7,0.0,79.9,"Killeen, Texas",
48345,Motley,TX,,0,163,-1.07,1063,2563.0,0.41,83.4,0.0,105.0,"Lubbock, Texas",
48347,Nacogdoches,TX,,0,1342,3.88,64653,2451.5,26.37,90.6,0.0,101.7,"Tyler, Texas",
48351,Newton,TX,,0,263,4.98,12217,2418.2,5.05,58.6,0.0,76.1,"Beaumont, Texas",
51135,Nottoway,VA,,0,124,-1.51,15642,814.3,19.21,36.9,0.0,71.7,"Richmond, Virginia",
51137,Orange,VA,,0,154,-2.77,36254,882.6,41.08,37.8,0.0,93.6,"Richmond, Virginia",
51139,Page,VA,,0,566,-3.93,23709,805.1,29.45,16.0,0.0,127.2,"Alexandria, Virginia",
51143,Pittsylvania,VA,,0,132,-1.83,60501,2509.5,24.11,72.4,0.0,85.1,"Greensboro, North Carolina",
51153,Prince William,VA,,0,1978,-2.34,482204,871.3,553.44,11.6,38.6,33.9,"Alexandria, Virginia",
51163,Rockbridge,VA,,0,755,-3.04,22650,1547.7,14.63,1.9,79.5,176.2,"Richmond, Virginia",
51169,Scott,VA,,0,183,-2.13,21576,1387.0,15.56,14.2,0.0,142.9,"Knoxville, Tennessee",
51171,Shenandoah,VA,,0,302,-4.22,44186,1317.7,33.53,0.8,56.2,127.5,"Alexandria, Virginia",
51181,Surry,VA,,0,175,-0.16,6561,722.5,9.08,25.2,0.0,35.0,"Newport News, Virginia",
51183,Sussex,VA,,0,244,-0.79,10829,1269.7,8.53,16.0,27.8,66.4,"Newport News, Virginia",
53033,King,WA,,0,2553,-0.28,2269675,5479.3,414.23,3.3,175.3,7.0,"Bellevue, Washington",
55035,Eau Claire,WI,,0,57,-12.84,105710,1652.4,63.97,2.6,47.8,119.0,"Rochester, Minnesota",
55037,Florence,WI,,0,12,-14.25,4558,1264.4,3.6,151.6,0.0,149.5,"Green Bay, Wisconsin",
55041,Forest,WI,,0,18,-14.3,9179,2626.4,3.49,99.9,0.0,131.9,"Green Bay, Wisconsin",
55043,Grant,WI,,0,144,-10.12,51938,2970.3,17.49,107.9,0.0,102.1,"Madison, Wisconsin",
55047,Green Lake,WI,,0,50,-10.83,19018,905.0,21.01,37.5,0.0,91.6,"Madison, Wisconsin",
55049,Iowa,WI,,0,151,-10.4,23709,1975.1,12.0,66.2,0.0,59.3,"Madison, Wisconsin",
55055,Jefferson,WI,,0,86,-9.45,84900,1441.3,58.91,5.0,39.2,50.0,"Madison, Wisconsin",
55057,Juneau,WI,,0,238,-11.95,26718,1986.3,13.45,0.1,54.0,102.6,"Madison, Wisconsin",
55059,Kenosha,WI,,0,107,-7.95,169151,704.5,240.12,2.5,19.7,52.1,"Milwaukee, Wisconsin",
56027,Niobrara,WY,,0,29,-10.55,2467,6801.4,0.36,56.2,0.0,254.5,"Fort Collins, Colorado",
56029,Park,WY,,0,480,-11.51,29624,17979.9,1.65,109.6,0.0,135.2,"Billings, Montana",
56035,Sublette,WY,,0,76,-15.65,8728,12656.1,0.69,141.0,0.0,279.7,"Salt Lake City, Utah",
56037,Sweetwater,WY,,0,429,-12.02,42272,27004.9,1.57,2.1,224.3,234.2,"Salt Lake City, Utah",
56043,Washakie,WY,,0,65,-11.23,7685,5797.8,1.33,100.5,0.0,202.6,"Billings, Montana",
53043,Lincoln,WA,,0,78,-5.34,10876,5984.2,1.82,44.1,27.0,68.0,"Spokane, Washington",
53051,Pend Oreille,WA,,0,78,-6.81,13401,3626.0,3.7,64.4,0.0,70.3,"Spokane, Washington",
53053,Pierce,WA,,0,1065,-0.76,921130,4324.0,213.03,4.4,42.8,8.8,"Tacoma, Washington",
48197,Hardeman,TX,,0,340,-0.98,3549,1800.3,1.97,106.1,0.0,118.2,"Wichita Falls, Texas",
48199,Hardin,TX,,0,1241,5.83,56231,2306.6,24.38,25.2,0.0,27.4,"Beaumont, Texas",
48201,Harris,TX,,0,20068,7.41,4731145,4412.0,1072.34,4.0,164.5,8.3,"Houston, Texas",
48203,Harrison,TX,,0,768,3.59,68839,2330.9,29.53,5.4,62.7,63.3,"Shreveport, Louisiana",
48211,Hemphill,TX,,0,318,-3.81,3382,2347.3,1.44,74.7,0.0,152.0,"Amarillo, Texas",
48213,Henderson,TX,,0,453,3.24,82150,2263.0,36.3,35.7,0.0,56.5,"Tyler, Texas",
48215,Hidalgo,TX,,0,9187,10.68,870781,4068.5,214.03,185.4,0.0,5.8,"McAllen, Texas",
48223,Hopkins,TX,,0,156,2.38,36787,1987.0,18.51,0.1,52.9,90.3,"Tyler, Texas",
48235,Irion,TX,,0,491,1.02,1513,2723.5,0.56,68.0,0.0,142.6,"Midland, Texas",
48237,Jack,TX,,0,200,1.07,8472,2358.6,3.59,59.0,0.0,85.1,"Wichita Falls, Texas",
48239,Jackson,TX,,0,871,7.82,14988,2148.2,6.98,81.2,0.0,143.8,"Pearland, Texas",
48243,Jeff Davis,TX,,0,5924,0.44,1996,5865.2,0.34,46.5,12.0,207.0,"Odessa, Texas",
48249,Jim Wells,TX,,0,501,8.97,38891,2240.3,17.36,43.8,0.0,66.1,"Corpus Christi, Texas",
48253,Jones,TX,,0,402,0.93,19663,2404.9,8.18,25.1,0.0,29.5,"Abilene, Texas",
48259,Kendall,TX,,0,2945,4.22,44279,1715.7,25.81,3.8,37.7,50.1,"San Antonio, Texas",
51185,Tazewell,VA,,0,77,-3.84,40429,1343.8,30.09,33.5,0.0,165.6,"Winston-Salem, North Carolina",
51191,Washington,VA,,0,257,-2.85,53935,1452.9,37.12,0.4,53.7,167.8,"Winston-Salem, North Carolina",
51195,Wise,VA,,0,126,-3.16,36130,1044.3,34.6,44.3,0.0,160.6,"Knoxville, Tennessee",
51520,Bristol,VA,,0,9,-2.13,17219,33.7,510.9,0.7,5.3,172.0,"Knoxville, Tennessee",
51550,Chesapeake,VA,,0,842,0.57,249422,882.7,282.58,0.2,38.5,1.5,"Chesapeake, Virginia",
51580,Covington,VA,,0,6,-2.92,5737,14.2,405.1,0.1,1.6,189.7,"Winston-Salem, North Carolina",
51610,Falls Church,VA,,0,29,-2.14,14658,5.2,2831.16,1.2,0.0,12.1,"Washington, District of Columbia",
51640,Galax,VA,,0,9,-3.1,6720,21.3,314.88,14.0,0.0,87.3,"Winston-Salem, North Carolina",
51678,Lexington,VA,,0,11,,7320,6.5,1131.86,2.9,0.0,177.5,"Richmond, Virginia",
51683,Manassas,VA,,0,38,-2.45,42772,25.6,1671.32,6.3,0.0,37.3,"Alexandria, Virginia",
51685,Manassas Park,VA,,0,9,-2.38,17219,6.6,2623.63,5.6,0.0,34.8,"Alexandria, Virginia",
51710,Norfolk,VA,,0,187,1.67,238005,140.2,1697.97,1.3,31.3,5.6,"Norfolk, Virginia",
51730,Petersburg,VA,,0,25,-0.85,33458,59.4,563.33,0.5,7.1,37.2,"Richmond, Virginia",
51750,Radford,VA,,0,20,-3.19,16070,25.6,628.51,3.2,2.7,118.5,"Winston-Salem, North Carolina",
51790,Staunton,VA,,0,14,-3.3,25750,51.7,497.73,4.5,0.0,158.9,"Richmond, Virginia",
55065,Lafayette,WI,,0,29,-10.01,16611,1641.0,10.12,82.4,0.0,75.5,"Madison, Wisconsin",
55075,Marinette,WI,,0,118,-12.51,41872,3624.3,11.55,81.5,0.0,79.1,"Green Bay, Wisconsin",
55077,Marquette,WI,,0,54,-11.04,15592,1180.0,13.21,6.1,38.3,82.4,"Madison, Wisconsin",
55083,Oconto,WI,,0,42,-11.88,38965,2584.8,15.07,45.0,0.0,43.1,"Green Bay, Wisconsin",
55085,Oneida,WI,,0,109,-14.41,37845,2882.6,13.13,93.3,0.0,176.1,"Green Bay, Wisconsin",
55091,Pepin,WI,,0,23,-12.33,7318,600.8,12.18,35.3,0.0,75.6,"Rochester, Minnesota",
55093,Pierce,WI,,0,40,-12.66,42212,1486.0,28.41,19.1,0.0,47.3,"St. Paul, Minnesota",
55097,Portage,WI,,0,461,-12.19,70377,2073.8,33.94,3.2,50.7,119.5,"Green Bay, Wisconsin",
53063,Spokane,WA,,0,581,-4.35,539339,4568.2,118.06,5.7,71.0,4.9,"Spokane, Washington",
53067,Thurston,WA,,0,1028,0.96,294793,1869.9,157.65,5.0,46.5,40.9,"Tacoma, Washington",
53069,Wahkiakum,WA,,0,35,1.49,4422,682.1,6.48,40.4,0.0,89.0,"Vancouver, Washington",
53077,Yakima,WA,,0,556,-4.27,256728,11125.0,23.08,2.6,86.5,168.3,"Kent, Washington",
54003,Berkeley,WV,,0,143,-4.04,122076,831.8,146.77,0.5,35.7,101.8,"Washington, District of Columbia",
54005,Boone,WV,,0,21,-2.71,21809,1299.0,16.79,26.3,0.0,238.6,"Columbus, Ohio",
54009,Brooke,WV,,0,34,-4.67,22559,231.0,97.64,24.5,0.0,51.8,"Pittsburgh, Pennsylvania",
54011,Cabell,WV,,0,113,-2.76,94350,727.8,129.63,0.4,39.5,182.5,"Columbus, Ohio",
54015,Clay,WV,,0,20,-3.18,8051,885.5,9.09,12.5,11.8,232.9,"Columbus, Ohio",
54019,Fayette,WV,,0,407,-3.7,40488,1713.4,23.63,14.6,21.5,230.1,"Winston-Salem, North Carolina",
12037,Franklin,FL,,0,1640,6.73,12451,1384.9,8.99,86.3,0.0,88.7,"Tallahassee, Florida",
12057,Hillsborough,FL,,0,10539,11.12,1459762,2642.3,552.45,2.7,114.5,6.1,"Tampa, Florida",
12065,Jefferson,FL,,0,604,5.81,14510,1549.1,9.37,2.9,29.3,38.0,"Tallahassee, Florida",
08093,Park,CO,,0,84,-12.94,17390,5682.0,3.06,44.4,0.0,64.4,"Lakewood, Colorado",
08099,Prowers,CO,,0,139,-7.4,11999,4243.4,2.83,135.4,0.0,179.8,"Pueblo, Colorado",
08107,Routt,CO,,0,249,-11.75,24829,6117.6,4.06,84.5,0.0,145.8,"Boulder, Colorado",
08113,San Miguel,CO,,0,81,-9.13,8072,3332.3,2.42,132.9,0.0,288.0,"Colorado Springs, Colorado",
08115,Sedgwick,CO,,0,22,-8.6,2404,1419.4,1.69,2.3,41.7,234.8,"Fort Collins, Colorado",
05125,Saline,AR,,0,501,0.57,123416,1874.1,65.85,0.5,36.6,28.7,"Little Rock, Arkansas",
05131,Sebastian,AR,,0,720,-0.41,127799,1377.6,92.77,15.8,0.0,153.8,"Broken Arrow, Oklahoma",
05139,Union,AR,,0,115,1.88,39054,2691.6,14.51,74.2,0.0,127.4,"Shreveport, Louisiana",
18171,Warren,IN,,0,38,-6.47,8440,944.5,8.94,21.0,0.0,116.0,"Indianapolis, Indiana",
18177,Wayne,IN,,0,124,-5.56,66553,1040.5,63.96,2.3,35.9,64.9,"Dayton, Ohio",
19005,Allamakee,IA,,0,64,-10.83,14061,1655.2,8.49,67.8,0.0,119.9,"Rochester, Minnesota",
17059,Gallatin,IL,,0,38,-2.51,4946,836.8,5.91,53.0,0.0,62.3,"Evansville, Indiana",
17067,Hancock,IL,,0,25,-6.46,17620,2055.7,8.57,47.7,0.0,133.6,"Davenport, Iowa",
18061,Harrison,IN,,0,211,-3.2,39654,1254.9,31.6,1.3,28.0,29.5,"Louisville, Kentucky",
18073,Jasper,IN,,0,96,-6.74,32918,1449.4,22.71,10.0,47.1,91.9,"Joliet, Illinois",
18081,Johnson,IN,,0,72,-4.94,161765,829.9,194.92,5.6,28.7,24.1,"Indianapolis, Indiana",
18083,Knox,IN,,0,111,-3.8,36282,1336.5,27.15,57.7,0.0,82.2,"Evansville, Indiana",
18089,Lake,IN,,0,347,-6.74,498700,1292.3,385.9,3.1,97.1,44.2,"Chicago, Illinois",
18107,Montgomery,IN,,0,118,-6.1,37936,1306.9,29.03,4.9,37.0,69.6,"Indianapolis, Indiana",
20121,Miami,KS,,0,371,-4.63,34191,1491.0,22.93,21.7,4.8,32.1,"Olathe, Kansas",
20129,Morton,KS,,0,437,-5.65,2701,1890.0,1.43,205.4,0.0,204.0,"Amarillo, Texas",
20137,Norton,KS,,0,35,-7.79,5459,2274.4,2.4,89.9,0.0,291.3,"Lincoln, Nebraska",
20147,Phillips,KS,,0,25,-7.55,4981,2294.4,2.17,92.3,0.0,254.3,"Lincoln, Nebraska",
20153,Rawlins,KS,,0,59,-7.78,2561,2769.8,0.92,49.4,0.0,321.1,"Aurora, Colorado",
20161,Riley,KS,,0,1315,-6.4,71959,1579.3,45.56,14.8,9.5,82.2,"Topeka, Kansas",
20175,Seward,KS,,0,167,-5.71,21964,1656.3,13.26,206.0,0.0,220.4,"Amarillo, Texas",
22065,Madison,LA,,0,75,3.8,10017,1617.3,6.19,0.2,55.8,95.5,"Jackson, Mississippi",
09001,Fairfield,CT,2016,13,847,-5.17,957419,1618.5,591.56,6.8,97.6,14.5,"Bridgeport, Connecticut",
05021,Clay,AR,,0,93,-0.92,14552,1656.2,8.79,57.9,0.0,139.6,"Memphis, Tennessee",
21119,Knott,KY,,0,31,-2.54,14251,910.4,15.65,92.2,0.0,158.0,"Lexington-Fayette, Kentucky",
21127,Lawrence,KY,,0,14,-3.15,16293,1076.4,15.14,32.3,0.0,158.8,"Lexington-Fayette, Kentucky",
21133,Letcher,KY,,0,31,-2.72,21548,875.2,24.62,69.0,0.0,165.6,"Knoxville, Tennessee",
21141,Logan,KY,,0,25,-1.4,27432,1430.0,19.18,34.4,0.0,57.5,"Clarksville, Tennessee",
21149,McLean,KY,,0,6,-2.09,9152,653.9,14.0,52.1,0.0,59.5,"Evansville, Indiana",
21155,Marion,KY,,0,34,-2.63,19581,888.4,22.04,47.0,0.0,86.1,"Lexington-Fayette, Kentucky",
04015,Mohave,AZ,,0,4366,1.49,213267,34475.6,6.19,11.8,194.4,129.8,"Henderson, Nevada",
21163,Meade,KY,,0,165,-2.94,30003,791.0,37.93,34.6,0.0,48.4,"Louisville, Kentucky",
21177,Muhlenberg,KY,,0,56,-1.76,30928,1209.7,25.57,63.2,0.0,81.6,"Clarksville, Tennessee",
19051,Davis,IA,,0,6,-7.73,9110,1300.7,7.0,103.4,0.0,136.5,"Des Moines, Iowa",
19065,Fayette,IA,,0,9,-11.2,19509,1892.8,10.31,50.8,0.0,95.6,"Cedar Rapids, Iowa",
19071,Fremont,IA,,0,21,-7.86,6605,1323.9,4.99,15.5,41.2,64.3,"Omaha, Nebraska",
19083,Hardin,IA,,0,12,-10.54,16878,1474.5,11.45,29.2,0.0,98.9,"Des Moines, Iowa",
19085,Harrison,IA,,0,39,-9.31,14582,1804.8,8.08,14.3,44.5,48.6,"Omaha, Nebraska",
19097,Jackson,IA,,0,49,-9.11,19485,1647.3,11.83,61.2,0.0,69.1,"Davenport, Iowa",
19109,Kossuth,IA,,0,36,-11.75,14828,2519.3,5.89,58.8,0.0,170.3,"Rochester, Minnesota",
18111,Newton,IN,,0,247,-6.77,13830,1040.6,13.29,8.9,9.5,82.8,"Joliet, Illinois",
19119,Lyon,IA,,0,19,-11.97,11934,1522.0,7.84,24.9,0.0,44.3,"Sioux Falls, South Dakota",
19133,Monona,IA,,0,28,-9.85,8751,1797.6,4.87,12.5,42.2,90.7,"Omaha, Nebraska",
19143,Osceola,IA,,0,1,-12.31,6192,1032.6,6.0,28.2,0.0,86.4,"Sioux Falls, South Dakota",
19167,Sioux,IA,,0,10,-11.57,35872,1990.0,18.03,50.9,0.0,68.9,"Sioux Falls, South Dakota",
19173,Taylor,IA,,0,12,-8.37,5896,1377.6,4.28,65.9,0.0,123.4,"Omaha, Nebraska",
19185,Wayne,IA,,0,3,-8.21,6497,1360.9,4.77,43.3,0.0,100.4,"Des Moines, Iowa",
19191,Winneshiek,IA,,0,27,-11.59,20070,1786.8,11.23,72.9,0.0,97.6,"Rochester, Minnesota",
20001,Allen,KS,,0,350,-4.0,12526,1295.8,9.67,64.8,0.0,120.2,"Olathe, Kansas",
20007,Barber,KS,,0,1306,-4.7,4228,2937.2,1.44,107.3,0.0,119.7,"Wichita, Kansas",
20011,Bourbon,KS,,0,597,-3.57,14360,1645.9,8.72,92.0,0.0,116.2,"Olathe, Kansas",
22071,Orleans,LA,,0,2478,7.78,383997,438.8,875.1,0.5,38.0,3.3,"New Orleans, Louisiana",
27075,Lake,MN,,0,231,-17.26,10905,5463.0,2.0,49.4,0.0,274.6,"St. Paul, Minnesota",
21161,Mason,KY,,0,11,-3.74,17120,621.9,27.53,50.7,0.0,82.7,"Cincinnati, Ohio",
27123,Ramsey,MN,,0,195,-12.2,552352,394.2,1401.1,1.6,74.9,4.5,"St. Paul, Minnesota",
27135,Roseau,MN,,0,3,-18.37,15331,4329.4,3.54,115.6,0.0,231.5,"Fargo, North Dakota",
27151,Swift,MN,,0,13,-14.29,9838,1922.0,5.12,66.3,0.0,189.3,"Minneapolis, Minnesota",
27155,Traverse,MN,,0,3,-14.75,3360,1486.4,2.26,25.9,0.0,126.2,"Fargo, North Dakota",
27165,Watonwan,MN,,0,3,-12.39,11253,1126.5,9.99,35.1,0.0,151.6,"Minneapolis, Minnesota",
27167,Wilkin,MN,,0,0,-15.51,6506,1945.0,3.35,23.9,14.5,65.4,"Fargo, North Dakota",
27173,Yellow Medicine,MN,,0,26,-13.11,9528,1966.1,4.85,76.0,0.0,151.1,"Sioux Falls, South Dakota",
28001,Adams,MS,,0,165,4.25,29538,1197.6,24.66,82.0,0.0,122.6,"Baton Rouge, Louisiana",
28019,Choctaw,MS,,0,85,1.71,8246,1083.1,7.61,49.8,0.0,146.0,"Jackson, Mississippi",
28025,Clay,MS,,0,57,1.78,18636,1062.1,17.55,99.8,0.0,174.7,"Birmingham, Alabama",
28027,Coahoma,MS,,0,29,1.95,21390,1430.8,14.95,59.2,0.0,114.2,"Memphis, Tennessee",
19117,Lucas,IA,,0,24,-8.46,8634,1115.2,7.74,39.6,0.0,69.3,"Des Moines, Iowa",
37053,Currituck,NC,,0,789,1.58,28100,678.2,41.43,45.3,0.0,47.4,"Chesapeake, Virginia",
37079,Greene,NC,,0,22,1.16,20451,688.8,29.69,42.8,0.0,94.1,"Raleigh, North Carolina",
37089,Henderson,NC,,0,749,-1.23,116281,966.2,120.34,2.1,26.7,147.4,"Knoxville, Tennessee",
42035,Clinton,PA,,0,686,-6.89,37450,2299.9,16.28,8.2,37.2,174.2,"Allentown, Pennsylvania",
42041,Cumberland,PA,,0,651,-4.35,259469,1412.7,183.66,0.8,126.4,110.4,"Baltimore, Maryland",
20021,Cherokee,KS,,0,1113,-2.63,19362,1521.8,12.72,17.7,0.0,128.8,"Springfield, Missouri",
28055,Issaquena,MS,,0,8,3.5,1338,1069.8,1.25,57.3,0.0,102.0,"Jackson, Mississippi",
28063,Jefferson,MS,,0,58,3.98,7260,1346.6,5.39,56.2,0.0,104.8,"Jackson, Mississippi",
28071,Lafayette,MS,,0,527,1.08,55813,1636.1,34.11,34.4,0.0,100.3,"Memphis, Tennessee",
23001,Androscoggin,ME,,0,68,-10.4,111139,1211.9,91.7,5.3,26.6,160.7,"Manchester, New Hampshire",
23003,Aroostook,ME,,0,101,-15.37,67105,17278.7,3.88,61.1,74.7,490.5,"Manchester, New Hampshire",
22087,St. Bernard,LA,,0,198,8.2,43764,977.8,44.76,11.6,0.0,13.1,"New Orleans, Louisiana",
38015,Burleigh,ND,,0,28,-15.04,98458,4228.6,23.28,1.0,59.1,304.2,"Fargo, North Dakota",
38021,Dickey,ND,,0,6,-14.8,4999,2930.5,1.71,88.7,0.0,146.4,"Fargo, North Dakota",
38023,Divide,ND,,0,0,-16.42,2195,3265.4,0.67,213.3,0.0,520.0,"Billings, Montana",
38033,Golden Valley,ND,,0,7,-13.23,1736,2592.0,0.67,5.0,34.2,371.4,"Billings, Montana",
38049,McHenry,ND,,0,10,-16.37,5345,4853.5,1.1,146.7,0.0,329.5,"Fargo, North Dakota",
28047,Harrison,MS,,0,840,5.79,208621,1486.6,140.33,0.9,51.8,102.2,"Mobile, Alabama",
28105,Oktibbeha,MS,,0,479,1.9,51788,1186.7,43.64,86.4,0.0,180.1,"Jackson, Mississippi",
28111,Perry,MS,,0,245,4.18,11511,1676.4,6.87,31.6,0.0,110.5,"Mobile, Alabama",
28113,Pike,MS,,0,41,4.32,40324,1059.3,38.07,4.9,39.2,108.1,"Baton Rouge, Louisiana",
28125,Sharkey,MS,,0,47,3.43,3800,1118.2,3.4,62.8,0.0,94.0,"Jackson, Mississippi",
28131,Stone,MS,,0,191,4.71,18333,1153.8,15.89,33.2,0.0,105.4,"Mobile, Alabama",
35047,San Miguel,NM,,0,1736,-5.5,27201,12213.9,2.23,7.4,97.7,129.2,"Albuquerque, New Mexico",
35051,Sierra,NM,,0,3284,-2.65,11576,10823.5,1.07,2.0,82.7,100.2,"Las Cruces, New Mexico",
35055,Taos,NM,,0,1244,-10.23,34489,5706.0,6.04,88.3,0.0,175.6,"Albuquerque, New Mexico",
36001,Albany,NY,,0,488,-8.12,314848,1354.1,232.52,0.8,76.9,119.1,"Springfield, Massachusetts",
36005,Bronx,NY,2016,227,426,-2.12,1472654,109.0,13507.09,0.2,42.0,9.3,"Yonkers, New York",
42043,Dauphin,PA,,0,399,-4.72,286401,1359.9,210.61,1.6,56.2,114.7,"Baltimore, Maryland",
42059,Greene,PA,,0,122,-4.73,35954,1491.7,24.1,1.4,33.0,63.9,"Pittsburgh, Pennsylvania",
42065,Jefferson,PA,,0,179,-7.09,44492,1689.8,26.33,5.2,38.3,112.6,"Pittsburgh, Pennsylvania",
42071,Lancaster,PA,,0,635,-4.36,552984,2444.5,226.22,18.1,44.8,90.3,"Allentown, Pennsylvania",
42077,Lehigh,PA,,0,264,-5.36,374557,894.0,418.98,3.6,70.2,2.0,"Allentown, Pennsylvania",
42083,McKean,PA,,0,266,-8.32,40432,2536.1,15.94,25.6,0.0,116.7,"Buffalo, New York",
41035,Klamath,OR,,0,1066,-5.69,69413,15387.3,4.51,75.1,0.0,225.8,"Eugene, Oregon",
23005,Cumberland,ME,,0,604,-9.73,303069,2163.3,140.1,0.5,100.8,125.0,"Manchester, New Hampshire",
45029,Colleton,SC,,0,456,3.62,38604,2736.3,14.11,5.0,45.4,62.8,"North Charleston, South Carolina",
45041,Florence,SC,,0,424,2.47,137059,2071.9,66.15,11.6,47.6,117.0,"Columbia, South Carolina",
45043,Georgetown,SC,,0,1368,3.3,63404,2107.1,30.09,89.0,0.0,95.0,"North Charleston, South Carolina",
47023,Chester,TN,,0,56,-0.29,17341,740.1,23.43,29.1,0.0,132.6,"Memphis, Tennessee",
38051,McIntosh,ND,,0,0,-14.75,2530,2524.5,1.0,80.9,0.0,223.3,"Fargo, North Dakota",
38057,Mercer,ND,,0,4,-14.44,8350,2701.2,3.09,48.6,0.0,378.5,"Fargo, North Dakota",
40067,Jefferson,OK,,0,117,0.03,5337,1965.4,2.72,53.3,0.0,62.0,"Wichita Falls, Texas",
40077,Latimer,OK,,0,1011,-0.22,9444,1870.2,5.05,65.5,0.0,140.7,"Broken Arrow, Oklahoma",
40079,Le Flore,OK,,0,1939,-0.4,48129,4116.0,11.69,35.3,0.0,152.5,"Broken Arrow, Oklahoma",
40089,McCurtain,OK,,0,1885,0.37,30814,4791.5,6.43,67.8,0.0,189.4,"Tyler, Texas",
40095,Marshall,OK,,0,1117,0.82,15312,961.1,15.93,35.6,0.0,92.2,"McKinney, Texas",
40105,Nowata,OK,,0,63,-2.37,9320,1465.4,6.36,43.1,0.0,76.5,"Tulsa, Oklahoma",
40113,Osage,OK,,0,1404,-2.87,45818,5818.0,7.88,36.3,0.0,36.0,"Tulsa, Oklahoma",
36015,Chemung,NY,,0,442,-7.8,84148,1055.0,79.76,0.7,45.0,117.1,"Syracuse, New York",
36023,Cortland,NY,,0,140,-8.64,46809,1291.8,36.24,0.4,45.6,50.6,"Syracuse, New York",
36025,Delaware,NY,,0,159,-9.1,44308,3735.9,11.86,20.2,14.1,129.6,"Syracuse, New York",
36029,Erie,NY,,0,698,-7.05,954236,2700.6,353.35,3.0,137.9,7.0,"Buffalo, New York",
40139,Texas,OK,,0,216,-5.07,21384,5286.8,4.04,166.9,0.0,170.3,"Amarillo, Texas",
40151,Woods,OK,,0,341,-4.4,8624,3331.9,2.59,120.6,0.0,158.7,"Wichita, Kansas",
41001,Baker,OR,,0,247,-6.26,16668,7947.0,2.1,3.8,104.9,178.8,"Boise City, Idaho",
41007,Clatsop,OR,,0,456,1.61,41072,2147.2,19.13,73.3,0.0,105.0,"Vancouver, Washington",
41041,Lincoln,OR,,0,875,2.61,50395,2537.6,19.86,75.0,0.0,80.5,"Salem, Oregon",
31139,Pierce,NE,,0,5,-10.11,7317,1484.7,4.93,87.0,0.0,159.7,"Sioux Falls, South Dakota",
31145,Red Willow,NE,,0,21,-8.39,10702,1857.0,5.76,88.3,0.0,335.5,"Lincoln, Nebraska",
19029,Cass,IA,,0,13,-9.32,13127,1461.5,8.98,14.0,37.6,85.7,"Omaha, Nebraska",
19037,Chickasaw,IA,,0,3,-11.6,12012,1306.3,9.2,64.7,0.0,109.2,"Rochester, Minnesota",
17083,Jersey,IL,,0,166,-4.33,21512,956.4,22.49,32.1,0.0,51.3,"St. Louis, Missouri",
17085,Jo Daviess,IL,,0,121,-9.36,22035,1556.8,14.15,81.8,0.0,100.6,"Rockford, Illinois",
17097,Lake,IL,,0,739,-7.53,714342,1149.1,621.65,5.2,68.0,40.1,"Elgin, Illinois",
17115,Macon,IL,,0,77,-5.78,103998,1504.0,69.15,7.1,47.7,60.2,"Springfield, Illinois",
17119,Madison,IL,,0,375,-3.79,265859,1853.4,143.45,3.6,115.2,25.3,"St. Louis, Missouri",
47039,Decatur,TN,,0,129,-0.51,11435,864.7,13.22,24.1,6.9,123.9,"Clarksville, Tennessee",
47043,Dickson,TN,,0,312,-1.33,54315,1268.8,42.81,9.2,27.6,47.7,"Clarksville, Tennessee",
47053,Gibson,TN,,0,212,-0.5,50429,1561.1,32.3,30.0,0.0,137.4,"Memphis, Tennessee",
47055,Giles,TN,,0,21,-0.6,30346,1582.3,19.18,13.0,35.2,65.5,"Huntsville, Alabama",
23013,Knox,ME,,0,144,-8.82,40607,945.7,42.94,53.2,0.0,223.9,"Manchester, New Hampshire",
23019,Penobscot,ME,,0,698,-12.4,152199,8799.1,17.3,6.6,162.7,303.9,"Manchester, New Hampshire",
23025,Somerset,ME,,0,191,-13.73,50477,10164.2,4.97,21.6,26.5,247.9,"Manchester, New Hampshire",
40121,Pittsburg,OK,,0,108,-0.28,43773,3381.1,12.95,53.6,0.0,123.8,"Broken Arrow, Oklahoma",
40129,Roger Mills,OK,,0,188,-3.27,3442,2955.5,1.16,30.6,0.0,193.4,"Oklahoma City, Oklahoma",
24045,Wicomico,MD,,0,336,-1.58,103588,969.8,106.81,109.4,0.0,134.4,"Alexandria, Virginia",
25025,Suffolk,MA,2016,143,563,-5.23,797936,150.6,5297.74,1.3,32.2,3.1,"Boston, Massachusetts",
26001,Alcona,MI,,0,67,-9.82,10167,1747.2,5.82,76.8,0.0,233.0,"Lansing, Michigan",
41015,Curry,OR,,0,796,2.86,23446,4215.1,5.56,83.3,0.0,224.7,"Eugene, Oregon",
41025,Harney,OR,,0,2236,-6.18,7495,26244.8,0.29,163.8,0.0,223.2,"Boise City, Idaho",
26089,Leelanau,MI,,0,216,-7.82,22301,899.2,24.8,80.9,0.0,186.1,"Green Bay, Wisconsin",
26105,Mason,MI,,0,134,-7.74,29052,1282.2,22.66,83.7,0.0,125.4,"Grand Rapids, Michigan",
28147,Walthall,MS,,0,27,4.42,13884,1046.2,13.27,33.8,0.0,123.9,"Baton Rouge, Louisiana",
42107,Schuylkill,PA,,0,295,-6.13,143049,2016.7,70.93,7.3,67.1,60.3,"Allentown, Pennsylvania",
42127,Wayne,PA,,0,277,-8.08,51155,1879.3,27.22,20.8,13.7,105.4,"Allentown, Pennsylvania",
42129,Westmoreland,PA,,0,1002,-5.28,354663,2661.4,133.26,7.8,90.4,35.6,"Pittsburgh, Pennsylvania",
49015,Emery,UT,,0,2119,-7.23,9825,11557.3,0.85,39.5,118.8,129.6,"Provo, Utah",
49021,Iron,UT,,0,832,-6.81,57289,8538.4,6.71,0.2,95.9,247.1,"North Las Vegas, Nevada",
49025,Kane,UT,,0,2065,-4.99,7667,10334.7,0.74,76.4,0.0,254.4,"Henderson, Nevada",
47029,Cocke,TN,,0,217,-1.09,35999,1125.5,31.98,2.6,31.8,66.8,"Knoxville, Tennessee",
23027,Waldo,ME,,0,237,-10.29,39607,1890.5,20.95,32.3,2.0,252.8,"Manchester, New Hampshire",
31157,Scotts Bluff,NE,,0,101,-8.98,36084,1915.0,18.84,72.2,0.0,184.8,"Fort Collins, Colorado",
31165,Sioux,NE,,0,359,-10.15,1135,5352.8,0.21,97.8,0.0,228.9,"Fort Collins, Colorado",
31175,Valley,NE,,0,17,-9.53,4059,1471.2,2.76,93.8,0.0,206.1,"Lincoln, Nebraska",
31177,Washington,NE,,0,39,-8.64,20865,1010.0,20.66,19.5,0.0,31.2,"Omaha, Nebraska",
32001,Churchill,NV,,0,1478,-5.58,25516,12769.8,2.0,36.7,53.9,86.9,"Reno, Nevada",
32003,Clark,NV,,0,16662,2.63,2265461,20438.7,110.84,1.7,254.9,3.4,"Las Vegas, Nevada",
26011,Arenac,MI,,0,14,-8.51,15002,940.7,15.95,12.7,31.4,156.1,"Lansing, Michigan",
30067,Park,MT,,0,122,-10.61,17191,7259.9,2.37,4.3,52.1,164.6,"Billings, Montana",
30073,Pondera,MT,,0,4,-11.05,5898,4203.2,1.4,17.2,47.8,387.6,"Billings, Montana",
30079,Prairie,MT,,0,19,-12.68,1088,4498.1,0.24,2.0,44.0,273.8,"Billings, Montana",
30081,Ravalli,MT,,0,292,-8.8,44174,6192.2,7.13,53.8,0.0,291.2,"Spokane, Washington",
30089,Sanders,MT,,0,147,-6.71,12400,7149.7,1.73,31.6,8.6,170.3,"Spokane, Washington",
30095,Stillwater,MT,,0,37,-9.32,8963,4649.9,1.93,2.2,58.1,60.4,"Billings, Montana",
26109,Menominee,MI,,0,69,-12.0,23502,2704.2,8.69,100.5,0.0,97.9,"Green Bay, Wisconsin",
28149,Warren,MS,,0,79,3.84,44722,1524.2,29.34,1.1,22.0,61.8,"Jackson, Mississippi",
28161,Yalobusha,MS,,0,66,1.42,12481,1209.9,10.32,17.9,30.4,123.7,"Memphis, Tennessee",
29005,Atchison,MO,,0,22,-7.49,5305,1417.5,3.74,9.8,40.5,104.3,"Omaha, Nebraska",
29011,Barton,MO,,0,283,-2.99,11637,1533.1,7.59,46.5,0.0,94.5,"Springfield, Missouri",
29019,Boone,MO,,0,1135,-4.76,183610,1775.2,103.43,1.0,34.8,1.2,"Columbia, Missouri",
29025,Caldwell,MO,,0,6,-6.17,8815,1104.4,7.98,20.5,0.0,73.4,"Independence, Missouri",
39085,Lake,OH,,0,566,-5.21,232603,589.2,394.77,4.2,47.3,37.3,"Cleveland, Ohio",
39095,Lucas,OH,,0,1248,-5.39,431279,882.8,488.53,3.5,59.8,5.5,"Toledo, Ohio",
44009,Washington,RI,,0,531,-4.46,129839,852.7,152.27,9.8,21.6,42.5,"Providence, Rhode Island",
45011,Barnwell,SC,,0,359,2.6,20589,1420.3,14.5,50.2,0.0,63.6,"Augusta-Richmond County, Georgia",
45013,Beaufort,SC,,0,2164,5.42,187117,1492.6,125.37,22.9,0.0,39.3,"Savannah, Georgia",
32015,Lander,NV,,0,451,-6.46,5734,14219.3,0.4,13.2,42.5,265.5,"Reno, Nevada",
32019,Lyon,NV,,0,798,-5.23,59235,5183.1,11.43,27.5,17.4,45.8,"Reno, Nevada",
32029,Storey,NV,,0,222,-3.81,4104,681.0,6.03,14.3,7.9,22.6,"Reno, Nevada",
39111,Monroe,OH,,0,18,-4.63,13385,1180.3,11.34,34.8,0.0,119.5,"Pittsburgh, Pennsylvania",
39113,Montgomery,OH,,0,506,-4.58,537309,1195.4,449.47,0.3,89.0,2.1,"Dayton, Ohio",
39123,Ottawa,OH,,0,685,-5.04,40364,660.2,61.14,14.8,12.3,41.9,"Toledo, Ohio",
39145,Scioto,OH,,0,544,-3.61,74008,1580.4,46.83,46.9,0.0,132.4,"Columbus, Ohio",
39155,Trumbull,OH,,0,99,-6.33,201977,1601.4,126.13,10.6,36.0,65.7,"Akron, Ohio",
30103,Treasure,MT,,0,4,-10.75,762,2531.5,0.3,0.9,42.4,110.0,"Billings, Montana",
30105,Valley,MT,,0,34,-14.72,7578,12757.8,0.59,183.1,0.0,309.9,"Billings, Montana",
38077,Richland,ND,,0,23,-15.05,16529,3718.7,4.44,5.4,77.1,67.8,"Fargo, North Dakota",
38085,Sioux,ND,,0,8,-14.13,3898,2833.7,1.38,73.0,0.0,313.1,"Fargo, North Dakota",
38099,Walsh,ND,,0,1,-17.24,10563,3320.2,3.18,27.1,38.7,177.1,"Fargo, North Dakota",
38105,Williams,ND,,0,11,-15.43,40950,5380.4,7.61,137.4,0.0,461.1,"Billings, Montana",
29031,Cape Girardeau,MO,,0,767,-2.58,81710,1498.4,54.53,0.4,44.4,151.5,"St. Louis, Missouri",
29037,Cass,MO,,0,96,-4.74,107824,1804.8,59.74,21.0,0.0,33.5,"Overland Park, Kansas",
36047,Kings,NY,2017,332,455,-1.82,2736074,183.4,14917.58,3.8,27.2,8.1,"New York, New York",
36053,Madison,NY,,0,141,-9.03,68016,1696.0,40.1,10.7,29.1,35.3,"Syracuse, New York",
36061,New York,NY,2020,11,173,-2.04,1694251,59.1,28654.5,3.4,16.8,7.8,"New York, New York",
36067,Onondaga,NY,,0,1044,-7.9,476516,2016.0,236.36,0.3,131.2,2.7,"Syracuse, New York",
41045,Malheur,OR,,0,965,-5.63,31571,25608.6,1.23,10.0,41.3,78.7,"Boise City, Idaho",
41055,Sherman,OR,,0,163,-2.44,1870,2133.4,0.88,18.6,23.8,133.5,"Gresham, Oregon",
41057,Tillamook,OR,,0,885,1.77,27390,2855.7,9.59,83.4,0.0,87.2,"Salem, Oregon",
41063,Wallowa,OR,,0,215,-6.25,7391,8148.6,0.91,59.1,0.0,220.9,"Boise City, Idaho",
41067,Washington,OR,,0,1324,1.22,600372,1875.7,320.07,10.9,13.7,15.7,"Portland, Oregon",
29101,Johnson,MO,,0,138,-4.76,54013,2147.8,25.15,26.8,0.0,66.8,"Independence, Missouri",
29107,Lafayette,MO,,0,34,-5.08,32984,1627.6,20.26,5.5,53.4,49.3,"Independence, Missouri",
29113,Lincoln,MO,,0,200,-4.82,59574,1622.8,36.71,19.3,0.0,75.3,"St. Louis, Missouri",
29123,Madison,MO,,0,115,-3.91,12626,1280.5,9.86,40.0,0.0,122.2,"St. Louis, Missouri",
29127,Marion,MO,,0,20,-5.8,28525,1131.6,25.21,6.3,2.6,115.9,"Columbia, Missouri",
39163,Vinton,OH,,0,165,-4.09,12800,1068.0,11.98,76.0,0.0,91.0,"Columbus, Ohio",
47073,Hawkins,TN,,0,134,-1.45,56721,1261.3,44.97,15.5,0.0,108.9,"Knoxville, Tennessee",
47079,Henry,TN,,0,205,-0.99,32199,1455.8,22.12,55.5,0.0,86.1,"Clarksville, Tennessee",
47089,Jefferson,TN,,0,95,-0.86,54683,709.9,77.03,3.1,46.1,43.4,"Knoxville, Tennessee",
47091,Johnson,TN,,0,59,-3.44,17948,773.0,23.22,30.0,0.0,147.8,"Winston-Salem, North Carolina",
47097,Lauderdale,TN,,0,34,0.37,25143,1222.5,20.57,34.8,0.0,82.9,"Memphis, Tennessee",
47103,Lincoln,TN,,0,52,-0.36,35319,1477.2,23.91,28.0,0.0,42.0,"Huntsville, Alabama",
47115,Marion,TN,,0,242,-0.31,28837,1290.2,22.35,5.5,47.1,28.0,"Chattanooga, Tennessee",
47121,Meigs,TN,,0,28,-0.33,12758,505.4,25.25,13.1,0.0,67.8,"Chattanooga, Tennessee",
47123,Monroe,TN,,0,368,-0.71,46250,1646.1,28.1,16.7,7.7,62.9,"Knoxville, Tennessee",
47131,Obion,TN,,0,307,-0.83,30787,1410.8,21.82,41.0,0.0,153.5,"Clarksville, Tennessee",
39007,Ashtabula,OH,,0,345,-6.12,97574,1818.0,53.67,2.5,46.5,67.8,"Erie, Pennsylvania",
48371,Pecos,TX,,0,1437,1.31,15193,12338.3,1.23,0.8,161.6,113.2,"Odessa, Texas",
48377,Presidio,TX,,0,3399,1.52,6131,9985.0,0.61,135.4,0.0,286.4,"Odessa, Texas",
48391,Refugio,TX,,0,1380,8.65,6741,1995.4,3.38,54.0,0.0,56.1,"Corpus Christi, Texas",
48401,Rusk,TX,,0,266,3.68,52214,2393.2,21.82,26.6,0.0,50.2,"Tyler, Texas",
48407,San Jacinto,TX,,0,329,5.78,27402,1474.3,18.59,35.4,0.0,90.4,"Houston, Texas",
48409,San Patricio,TX,,0,1112,9.33,68755,1796.0,38.28,13.7,38.3,15.7,"Corpus Christi, Texas",
36079,Putnam,NY,,0,525,-6.2,97668,596.5,163.73,7.5,24.3,42.7,"Stamford, Connecticut",
48443,Terrell,TX,,0,3138,2.1,760,6107.3,0.12,78.3,0.0,187.5,"Odessa, Texas",
48461,Upton,TX,,0,172,1.57,3308,3215.0,1.03,32.3,0.0,77.5,"Odessa, Texas",
48465,Val Verde,TX,,0,3699,3.67,47586,8144.9,5.84,132.9,0.0,233.5,"San Antonio, Texas",
48473,Waller,TX,,0,551,6.34,56794,1329.8,42.71,24.5,16.8,62.2,"Houston, Texas",
48479,Webb,TX,,0,702,8.08,267114,8706.2,30.68,27.1,31.7,1.0,"Laredo, Texas",
48487,Wilbarger,TX,,0,329,-0.4,12887,2514.5,5.13,68.4,0.0,78.1,"Wichita Falls, Texas",
48495,Winkler,TX,,0,1931,-0.16,7791,2178.5,3.58,33.5,0.0,68.9,"Odessa, Texas",
48501,Yoakum,TX,,0,85,-2.03,7694,2071.2,3.71,114.5,0.0,109.7,"Lubbock, Texas",
48505,Zapata,TX,,0,501,9.33,13889,2585.9,5.37,96.8,0.0,72.3,"Laredo, Texas",
49003,Box Elder,UT,,0,366,-7.47,57666,14880.9,3.88,3.0,144.6,94.7,"Salt Lake City, Utah",
48005,Angelina,TX,,0,561,4.32,86395,2066.2,41.81,104.9,0.0,128.1,"Tyler, Texas",
48007,Aransas,TX,,0,3591,9.65,23830,652.9,36.5,39.3,0.0,40.9,"Corpus Christi, Texas",
48037,Bowie,TX,,0,473,2.1,92893,2292.2,40.53,3.1,66.6,110.0,"Shreveport, Louisiana",
48043,Brewster,TX,,0,14321,1.8,9546,16015.8,0.6,84.0,0.0,216.3,"Odessa, Texas",
29183,St. Charles,MO,,0,707,-4.04,405262,1451.5,279.2,2.1,42.0,44.1,"St. Louis, Missouri",
29189,St. Louis,MO,,0,1650,-3.53,1004125,1315.2,763.48,3.3,160.7,16.5,"St. Louis, Missouri",
29199,Scotland,MO,,0,5,-7.19,4716,1131.0,4.17,86.8,0.0,168.4,"Columbia, Missouri",
24005,Baltimore,MD,2018,6,2055,-3.37,854535,1549.6,551.46,2.8,157.5,8.8,"Baltimore, Maryland",
24025,Harford,MD,,0,672,-3.2,260924,1132.1,230.49,5.8,29.5,36.5,"Baltimore, Maryland",
26013,Baraga,MI,,0,46,-13.47,8158,2326.5,3.51,229.1,0.0,251.9,"Green Bay, Wisconsin",
26029,Charlevoix,MI,,0,309,-9.04,26054,1078.3,24.16,36.5,0.0,243.2,"Green Bay, Wisconsin",
30111,Yellowstone,MT,,0,267,-9.21,164731,6820.2,24.15,2.9,148.6,3.6,"Billings, Montana",
31015,Boyd,NE,,0,15,-10.04,1810,1398.4,1.29,91.0,0.0,178.3,"Sioux Falls, South Dakota",
31021,Burt,NE,,0,11,-9.33,6722,1273.2,5.28,20.6,0.0,72.4,"Omaha, Nebraska",
26121,Muskegon,MI,,0,111,-6.92,175824,1293.0,135.98,1.9,13.8,54.2,"Grand Rapids, Michigan",
26127,Oceana,MI,,0,81,-7.57,26659,1326.3,20.1,45.5,0.0,90.7,"Grand Rapids, Michigan",
26139,Ottawa,MI,,0,366,-6.48,296200,1459.4,202.96,11.4,65.8,28.8,"Grand Rapids, Michigan",
26141,Presque Isle,MI,,0,117,-9.92,12982,1706.1,7.61,56.7,0.0,297.7,"Lansing, Michigan",
26151,Sanilac,MI,,0,19,-7.46,40611,2493.0,16.29,42.8,0.0,89.9,"Sterling Heights, Michigan",
26153,Schoolcraft,MI,,0,143,-11.08,8047,3033.8,2.65,113.8,0.0,217.1,"Green Bay, Wisconsin",
45019,Charleston,SC,,0,4038,4.74,408235,2372.7,172.06,1.5,54.4,3.2,"North Charleston, South Carolina",
46071,Jackson,SD,,0,204,-10.1,2806,4827.5,0.58,21.9,78.8,396.8,"Sioux Falls, South Dakota",
46081,Lawrence,SD,,0,203,-10.53,25768,2072.1,12.44,2.5,42.6,397.5,"Billings, Montana",
46083,Lincoln,SD,,0,122,-11.43,65161,1495.1,43.58,4.2,46.6,11.6,"Sioux Falls, South Dakota",
46089,McPherson,SD,,0,14,-14.47,2411,2943.9,0.82,123.6,0.0,225.9,"Fargo, North Dakota",
46099,Minnehaha,SD,,0,212,-12.14,197214,2090.5,94.34,3.6,111.5,1.5,"Sioux Falls, South Dakota",
46105,Perkins,SD,,0,18,-12.78,2835,7434.5,0.38,127.0,0.0,447.0,"Fargo, North Dakota",
46109,Roberts,SD,,0,67,-14.42,10280,2851.7,3.6,2.3,75.2,141.0,"Fargo, North Dakota",
33001,Belknap,NH,,0,125,-9.83,63705,1036.6,61.46,11.7,27.7,58.4,"Manchester, New Hampshire",
33007,Coos,NH,,0,210,-13.65,31268,4648.2,6.73,41.9,0.0,173.0,"Manchester, New Hampshire",
33011,Hillsborough,NH,,0,823,-8.73,422937,2269.2,186.38,13.5,14.5,14.4,"Manchester, New Hampshire",
33013,Merrimack,NH,,0,341,-9.77,153808,2419.4,63.57,4.0,114.4,29.7,"Manchester, New Hampshire",
34001,Atlantic,NJ,,0,935,-2.63,274534,1439.3,190.75,62.2,0.0,76.7,"Philadelphia, Pennsylvania",
34005,Burlington,NJ,2016,117,2242,-2.94,461860,2068.3,223.3,2.6,41.7,28.0,"Philadelphia, Pennsylvania",
34011,Cumberland,NJ,,0,375,-2.5,154152,1252.8,123.05,38.4,0.0,58.7,"Philadelphia, Pennsylvania",
31031,Cherry,NE,,0,729,-9.82,5455,15437.4,0.35,122.2,0.0,335.8,"Sioux Falls, South Dakota",
31043,Dakota,NE,,0,11,-10.28,21582,684.4,31.53,0.3,4.5,124.9,"Sioux Falls, South Dakota",
31049,Deuel,NE,,0,5,-8.72,1838,1139.2,1.61,4.6,54.0,236.7,"Fort Collins, Colorado",
31055,Douglas,NE,,0,229,-8.36,584526,850.7,687.12,0.4,39.8,6.1,"Omaha, Nebraska",
31061,Franklin,NE,,0,46,-8.23,2889,1491.4,1.94,54.9,0.0,203.7,"Lincoln, Nebraska",
31067,Gage,NE,,0,422,-7.74,21704,2205.4,9.84,60.0,0.0,61.1,"Lincoln, Nebraska",
39035,Cuyahoga,OH,,0,1266,-4.96,1264817,1184.1,1068.15,1.9,172.5,5.9,"Cleveland, Ohio",
39051,Fulton,OH,,0,44,-6.28,42713,1050.1,40.68,1.9,42.2,45.7,"Toledo, Ohio",
39053,Gallia,OH,,0,70,-3.44,29220,1208.3,24.18,44.6,0.0,140.8,"Columbus, Ohio",
29063,DeKalb,MO,,0,16,-6.58,11029,1091.3,10.11,13.3,5.1,82.5,"Independence, Missouri",
29069,Dunklin,MO,,0,17,-0.42,28283,1401.4,20.18,30.7,0.0,131.6,"Memphis, Tennessee",
29081,Harrison,MO,,0,5,-7.34,8157,1871.3,4.36,0.7,51.0,141.7,"Independence, Missouri",
29089,Howard,MO,,0,47,-4.97,10151,1201.4,8.45,23.4,0.0,38.2,"Columbia, Missouri",
29091,Howell,MO,,0,77,-3.2,39750,2401.6,16.55,110.9,0.0,133.5,"Springfield, Missouri",
37015,Bertie,NC,,0,155,0.57,17934,1811.1,9.9,70.7,0.0,97.5,"Chesapeake, Virginia",
37023,Burke,NC,,0,756,-1.26,87570,1313.4,66.68,0.4,41.7,91.3,"Charlotte, North Carolina",
37029,Camden,NC,,0,148,0.85,10355,623.0,16.62,43.6,0.0,45.4,"Chesapeake, Virginia",
37031,Carteret,NC,,0,1341,3.25,67686,1311.2,51.62,99.6,0.0,117.9,"Wilmington, North Carolina",
29133,Mississippi,MO,,0,28,-1.26,12577,1066.0,11.8,5.2,27.8,181.6,"Clarksville, Tennessee",
29143,New Madrid,MO,,0,28,-0.87,16434,1747.8,9.4,7.5,56.5,167.7,"Memphis, Tennessee",
29149,Oregon,MO,,0,58,-3.01,8635,2045.6,4.22,147.2,0.0,173.8,"Springfield, Missouri",
29155,Pemiscot,MO,,0,36,-0.2,15661,1275.7,12.28,0.8,65.6,118.6,"Memphis, Tennessee",
29165,Platte,MO,,0,164,-5.36,106718,1088.3,98.06,1.0,84.4,17.1,"Kansas City, Kansas",
37101,Johnston,NC,,0,1126,0.68,215999,2049.5,105.39,11.2,94.1,30.6,"Raleigh, North Carolina",
37107,Lenoir,NC,,0,62,1.32,55122,1037.5,53.13,51.9,0.0,107.4,"Raleigh, North Carolina",
37113,Macon,NC,,0,1002,-2.44,37014,1335.3,27.72,59.2,0.0,102.4,"Knoxville, Tennessee",
37119,Mecklenburg,NC,,0,3488,0.25,1115482,1356.7,822.17,3.7,167.8,2.1,"Charlotte, North Carolina",
37125,Moore,NC,,0,1378,0.64,99727,1807.4,55.18,44.5,0.0,54.7,"Fayetteville, North Carolina",
40001,Adair,OK,,0,285,-1.62,19495,1485.3,13.13,40.5,0.0,105.6,"Broken Arrow, Oklahoma",
40007,Beaver,OK,,0,190,-4.89,5049,4700.0,1.07,179.5,0.0,209.2,"Amarillo, Texas",
40021,Cherokee,OK,,0,898,-1.36,47078,1941.0,24.26,44.4,0.0,73.8,"Broken Arrow, Oklahoma",
40023,Choctaw,OK,,0,138,0.45,14204,1995.2,7.12,96.8,0.0,137.5,"McKinney, Texas",
40033,Cotton,OK,,0,120,-0.47,5527,1638.6,3.37,7.6,41.1,47.0,"Wichita Falls, Texas",
40041,Delaware,OK,,0,341,-2.03,40397,1911.9,21.13,31.3,0.0,100.4,"Broken Arrow, Oklahoma",
40051,Grady,OK,,0,130,-1.09,54795,2850.3,19.22,0.4,55.5,39.1,"Norman, Oklahoma",
37189,Watauga,NC,,0,963,-3.66,54086,809.5,66.81,55.0,0.0,129.2,"Winston-Salem, North Carolina",
48051,Burleson,TX,,0,537,5.04,17642,1706.9,10.34,86.1,0.0,34.2,"College Station, Texas",
35023,Hidalgo,NM,,0,11376,-1.84,4178,8901.4,0.47,5.3,55.3,188.1,"Las Cruces, New Mexico",
35029,Luna,NM,,0,1608,-1.76,25427,7679.8,3.31,4.9,88.6,92.3,"Las Cruces, New Mexico",
35031,McKinley,NM,,0,601,-7.75,72902,14115.0,5.16,1.7,110.4,189.1,"Albuquerque, New Mexico",
35035,Otero,NM,,0,4221,-2.18,67839,17128.1,3.96,86.0,0.0,87.7,"Las Cruces, New Mexico",
47153,Sequatchie,TN,,0,85,-0.92,15826,688.6,22.98,37.5,0.0,35.4,"Chattanooga, Tennessee",
47157,Shelby,TN,,0,2356,1.09,929744,1976.6,470.37,2.6,68.4,14.8,"Memphis, Tennessee",
47163,Sullivan,TN,,0,647,-1.9,158163,1070.6,147.73,0.2,72.8,149.9,"Knoxville, Tennessee",
47171,Unicoi,TN,,0,226,-2.59,17928,482.2,37.18,1.0,42.1,137.9,"Knoxville, Tennessee",
47181,Wayne,TN,,0,45,-0.68,16232,1901.3,8.54,68.7,0.0,124.0,"Huntsville, Alabama",
45057,Lancaster,SC,,0,339,0.62,96016,1422.3,67.51,22.3,0.0,47.7,"Charlotte, North Carolina",
36085,Richmond,NY,2013,48,465,-2.25,495747,151.2,3279.23,2.1,14.7,10.4,"Elizabeth, New Jersey",
36097,Schuyler,NY,,0,451,-7.91,17898,850.4,21.05,25.1,0.0,94.2,"Syracuse, New York",
36105,Sullivan,NY,,0,413,-8.07,78624,2507.5,31.36,36.2,0.0,97.8,"Paterson, New Jersey",
36111,Ulster,NY,,0,3427,-7.56,181851,2911.8,62.45,3.4,65.8,92.1,"Waterbury, Connecticut",
36115,Washington,NY,,0,249,-9.78,61302,2152.8,28.48,17.6,0.0,150.5,"Springfield, Massachusetts",
36119,Westchester,NY,2017,6,1207,-4.62,1004457,1115.0,900.87,1.7,99.4,14.3,"Yonkers, New York",
45091,York,SC,,0,951,0.32,282090,1762.7,160.03,5.3,33.7,31.8,"Charlotte, North Carolina",
46009,Bon Homme,SD,,0,92,-10.4,7003,1460.0,4.8,78.1,0.0,111.8,"Sioux Falls, South Dakota",
46013,Brown,SD,,0,33,-14.49,38301,4436.6,8.63,109.9,0.0,201.8,"Fargo, North Dakota",
46021,Campbell,SD,,0,4,-14.07,1377,1900.2,0.72,115.7,0.0,282.0,"Fargo, North Dakota",
29209,Stone,MO,,0,200,-2.88,31076,1201.8,25.86,52.0,0.0,55.9,"Springfield, Missouri",
29217,Vernon,MO,,0,34,-3.37,19707,2140.4,9.21,84.6,0.0,115.4,"Springfield, Missouri",
29227,Worth,MO,,0,0,-7.76,1973,690.5,2.86,38.6,0.0,143.0,"Des Moines, Iowa",
30001,Beaverhead,MT,,0,73,-11.15,9371,14352.8,0.65,3.7,141.5,332.0,"Boise City, Idaho",
37171,Surry,NC,,0,344,-1.69,71359,1378.3,51.77,1.1,73.3,52.2,"Winston-Salem, North Carolina",
37177,Tyrrell,NC,,0,560,2.02,3245,1007.6,3.22,96.2,0.0,97.9,"Chesapeake, Virginia",
39067,Harrison,OH,,0,57,-5.17,14483,1042.1,13.9,27.9,0.0,90.2,"Pittsburgh, Pennsylvania",
39073,Hocking,OH,,0,446,-4.55,28050,1091.2,25.71,47.0,0.0,67.6,"Columbus, Ohio",
39079,Jackson,OH,,0,94,-3.79,32653,1088.6,30.0,72.1,0.0,108.8,"Columbus, Ohio",
48057,Calhoun,TX,,0,622,9.0,20106,1312.7,15.32,113.7,0.0,115.5,"Corpus Christi, Texas",
48071,Chambers,TX,,0,1481,8.08,46571,1546.6,30.11,2.6,54.5,44.4,"Pasadena, Texas",
48093,Comanche,TX,,0,153,1.83,13594,2428.8,5.6,51.5,0.0,122.3,"Abilene, Texas",
48097,Cooke,TX,,0,420,1.29,41668,2265.6,18.39,2.8,34.5,43.8,"Denton, Texas",
24510,Baltimore,MD,,0,814,-1.99,585708,209.6,2793.82,0.2,56.7,2.7,"Baltimore, Maryland",
45063,Lexington,SC,,0,1222,2.01,293991,1810.2,162.41,0.6,84.0,17.4,"Columbia, South Carolina",
45067,Marion,SC,,0,48,2.47,29183,1267.1,23.03,26.6,0.0,107.7,"Fayetteville, North Carolina",
45077,Pickens,SC,,0,1554,0.7,131404,1285.7,102.21,19.8,0.0,113.2,"Athens-Clarke County, Georgia",
26053,Gogebic,MI,,0,169,-14.32,14380,2853.8,5.04,160.3,0.0,263.9,"Green Bay, Wisconsin",
46027,Clay,SD,,0,247,-10.83,14967,1067.6,14.02,10.6,20.7,83.8,"Sioux Falls, South Dakota",
46031,Corson,SD,,0,21,-13.32,3902,6396.5,0.61,118.0,0.0,341.6,"Fargo, North Dakota",
46047,Fall River,SD,,0,119,-10.03,6973,4506.4,1.55,83.3,0.0,339.0,"Fort Collins, Colorado",
46053,Gregory,SD,,0,126,-10.06,3994,2628.7,1.52,63.1,0.0,209.5,"Sioux Falls, South Dakota",
27007,Beltrami,MN,,0,58,-17.76,46228,6487.8,7.13,155.3,0.0,166.3,"Fargo, North Dakota",
27015,Brown,MN,,0,11,-12.55,25912,1582.7,16.37,67.7,0.0,130.3,"Minneapolis, Minnesota",
27021,Cass,MN,,0,88,-16.1,30066,5235.8,5.74,122.9,0.0,181.8,"Fargo, North Dakota",
27027,Clay,MN,,0,134,-16.12,65318,2707.5,24.12,1.1,43.7,9.2,"Fargo, North Dakota",
46123,Tripp,SD,,0,63,-10.12,5624,4176.2,1.35,58.4,0.0,252.0,"Sioux Falls, South Dakota",
46135,Yankton,SD,,0,86,-10.71,23310,1349.8,17.27,47.6,0.0,89.8,"Sioux Falls, South Dakota",
30011,Carter,MT,,0,37,-12.17,1415,8652.5,0.16,128.5,0.0,309.8,"Billings, Montana",
30017,Custer,MT,,0,39,-11.94,11867,9798.9,1.21,2.1,68.7,219.1,"Billings, Montana",
30025,Fallon,MT,,0,9,-12.73,3049,4197.8,0.73,67.6,0.0,330.5,"Billings, Montana",
30027,Fergus,MT,,0,94,-10.38,11446,11240.0,1.02,144.2,0.0,161.3,"Billings, Montana",
30033,Garfield,MT,,0,46,-12.37,1173,12109.1,0.1,116.3,0.0,207.2,"Billings, Montana",
30039,Granite,MT,,0,35,-9.43,3309,4474.0,0.74,26.1,44.5,341.0,"Spokane, Washington",
30045,Judith Basin,MT,,0,6,-9.96,2023,4842.8,0.42,99.1,0.0,194.1,"Billings, Montana",
31131,Otoe,NE,,0,83,-7.93,15912,1594.5,9.98,18.8,0.0,57.0,"Lincoln, Nebraska",
25005,Bristol,MA,,0,585,-4.84,579200,1432.5,404.32,10.2,92.9,25.2,"Providence, Rhode Island",
25009,Essex,MA,,0,1260,-6.29,809829,1275.7,634.79,1.4,106.1,26.5,"Lowell, Massachusetts",
25019,Nantucket,MA,,0,202,-2.16,14255,116.5,122.39,76.5,0.0,126.1,"Providence, Rhode Island",
34023,Middlesex,NJ,2024,1,511,-3.39,863162,800.1,1078.84,0.0,61.4,25.1,"Elizabeth, New Jersey",
26055,Grand Traverse,MI,,0,208,-8.69,95238,1202.6,79.19,71.5,0.0,191.8,"Green Bay, Wisconsin",
31091,Hooker,NE,,0,3,-9.58,711,1867.7,0.38,97.6,0.0,371.2,"Fort Collins, Colorado",
31095,Jefferson,NE,,0,212,-7.56,7240,1476.8,4.9,73.7,0.0,83.4,"Lincoln, Nebraska",
31103,Keya Paha,NE,,0,12,-9.95,769,2002.2,0.38,105.3,0.0,252.9,"Sioux Falls, South Dakota",
31111,Lincoln,NE,,0,88,-9.11,34676,6640.9,5.22,1.7,91.7,344.2,"Lincoln, Nebraska",
28089,Madison,MS,,0,273,3.0,109145,1850.6,58.98,0.7,38.8,24.7,"Jackson, Mississippi",
28093,Marshall,MS,,0,165,0.78,33752,1829.0,18.45,38.0,0.0,59.0,"Memphis, Tennessee",
27031,Cook,MN,,0,97,-17.08,5600,3761.4,1.49,162.8,0.0,379.3,"St. Paul, Minnesota",
27049,Goodhue,MN,,0,91,-12.39,47582,1960.2,24.27,50.2,0.0,50.6,"Rochester, Minnesota",
27055,Houston,MN,,0,166,-11.19,18843,1429.8,13.18,18.4,0.0,89.5,"Rochester, Minnesota",
37049,Craven,NC,,0,998,1.98,100720,1836.2,54.85,88.9,0.0,125.1,"Wilmington, North Carolina",
37051,Cumberland,NC,,0,742,1.28,334728,1689.5,198.12,11.8,62.4,5.3,"Fayetteville, North Carolina",
37131,Northampton,NC,,0,57,-0.29,17471,1389.8,12.57,14.8,11.0,109.4,"Chesapeake, Virginia",
37137,Pamlico,NC,,0,224,2.9,12276,871.6,14.08,112.1,0.0,144.1,"Wilmington, North Carolina",
37149,Polk,NC,,0,384,0.09,19328,615.9,31.38,3.1,19.8,120.4,"Charlotte, North Carolina",
37155,Robeson,NC,,0,425,1.67,116530,2458.5,47.4,7.1,123.8,46.3,"Fayetteville, North Carolina",
42091,Montgomery,PA,2026,1,1286,-3.95,856553,1251.1,684.66,0.7,88.8,27.4,"Philadelphia, Pennsylvania",
42097,Northumberland,PA,,0,147,-5.68,91647,1187.2,77.2,13.0,26.7,104.4,"Allentown, Pennsylvania",
42103,Pike,PA,,0,574,-7.53,58535,1411.4,41.47,5.4,50.7,80.2,"Paterson, New Jersey",
34025,Monmouth,NJ,2020,1,332,-3.07,643615,1214.2,530.09,13.4,24.4,42.1,"Elizabeth, New Jersey",
34039,Union,NJ,2026,1,132,-3.4,575345,266.4,2159.76,0.8,43.7,7.0,"Elizabeth, New Jersey",
35003,Catron,NM,,0,3234,-7.63,3579,17932.3,0.2,131.7,0.0,216.0,"Albuquerque, New Mexico",
35005,Chaves,NM,,0,3257,-2.94,65157,15709.0,4.15,176.0,0.0,239.6,"Las Cruces, New Mexico",
35009,Curry,NM,,0,226,-3.89,48430,3638.4,13.31,77.3,0.0,154.1,"Amarillo, Texas",
30061,Mineral,MT,,0,56,-6.83,4535,3158.3,1.44,1.4,107.7,199.3,"Spokane, Washington",
38001,Adams,ND,,0,5,-13.38,2200,2557.9,0.86,92.8,0.0,457.5,"Billings, Montana",
09011,New London,CT,,0,556,-5.11,268555,1722.0,155.95,1.9,94.8,60.4,"Hartford, Connecticut",
10001,Kent,DE,,0,670,-2.2,181851,1518.2,119.78,60.6,0.0,91.9,"Baltimore, Maryland",
10003,New Castle,DE,,0,1180,-2.73,570719,1104.1,516.92,1.2,59.1,50.3,"Philadelphia, Pennsylvania",
12009,Brevard,FL,,0,6097,11.99,606612,2630.6,230.6,2.3,115.7,23.3,"Palm Bay, Florida",
12075,Levy,FL,,0,1970,7.79,42915,2896.1,14.82,37.3,0.0,44.5,"Gainesville, Florida",
05031,Craighead,AR,,0,327,-0.03,111231,1831.7,60.73,56.0,0.0,94.9,"Memphis, Tennessee",
05035,Crittenden,AR,,0,97,1.21,48163,1579.3,30.5,1.1,64.5,15.2,"Memphis, Tennessee",
05041,Desha,AR,,0,152,2.23,11395,1989.5,5.73,69.8,0.0,135.5,"Little Rock, Arkansas",
05057,Hempstead,AR,,0,82,1.24,20065,1884.3,10.65,1.8,38.2,131.5,"Shreveport, Louisiana",
05063,Independence,AR,,0,137,-0.55,37938,1978.6,19.17,101.0,0.0,128.1,"Little Rock, Arkansas",
05069,Jefferson,AR,,0,121,1.49,67260,2255.2,29.82,0.3,43.0,61.4,"Little Rock, Arkansas",
05075,Lawrence,AR,,0,107,-0.85,16216,1521.9,10.66,99.6,0.0,137.7,"Memphis, Tennessee",
05077,Lee,AR,,0,141,1.56,8600,1560.8,5.51,24.5,0.0,76.8,"Memphis, Tennessee",
04025,Yavapai,AZ,,0,8349,-0.54,236209,21039.8,11.23,28.2,195.9,112.1,"Surprise, Arizona",
05005,Baxter,AR,,0,279,-2.2,41627,1435.6,29.0,120.8,0.0,126.9,"Springfield, Missouri",
05007,Benton,AR,,0,1634,-2.18,284333,2194.6,129.56,4.0,27.9,128.3,"Springfield, Missouri",
16073,Owyhee,ID,,0,1744,-6.05,11913,19853.6,0.6,26.6,0.0,46.8,"Boise City, Idaho",
16085,Valley,ID,,0,233,-10.56,11746,9491.1,1.24,104.9,0.0,128.4,"Boise City, Idaho",
16087,Washington,ID,,0,59,-5.42,10500,3763.2,2.79,20.6,0.0,94.5,"Boise City, Idaho",
17013,Calhoun,IL,,0,122,-4.64,4437,657.4,6.75,36.6,0.0,67.2,"St. Louis, Missouri",
17021,Christian,IL,,0,33,-5.16,34032,1837.3,18.52,33.2,0.0,44.3,"Springfield, Illinois",
17027,Clinton,IL,,0,35,-3.71,36899,1227.9,30.05,14.4,13.2,61.7,"St. Louis, Missouri",
16031,Cassia,ID,,0,245,-6.9,24655,6643.5,3.71,9.7,96.7,236.5,"Boise City, Idaho",
16035,Clearwater,ID,,0,19,-5.56,8734,6364.3,1.37,111.1,0.0,160.1,"Spokane, Washington",
16037,Custer,ID,,0,157,-11.87,4275,12745.2,0.34,120.0,0.0,184.8,"Boise City, Idaho",
16049,Idaho,ID,,0,227,-7.86,16541,21956.3,0.75,158.4,0.0,212.4,"Spokane, Washington",
16059,Lemhi,ID,,0,123,-10.51,7974,11819.1,0.67,80.6,0.0,251.7,"Boise City, Idaho",
18023,Clinton,IN,,0,3,-6.14,33190,1049.1,31.64,11.4,17.0,66.5,"Indianapolis, Indiana",
12021,Collier,FL,,0,11979,13.3,375752,5175.6,72.6,4.4,103.6,47.2,"Cape Coral, Florida",
12033,Escambia,FL,,0,1743,6.02,321905,1700.2,189.33,2.9,40.9,76.6,"Mobile, Alabama",
16007,Bear Lake,ID,,0,133,-11.41,6372,2524.7,2.52,69.4,0.0,179.0,"Salt Lake City, Utah",
16011,Bingham,ID,,0,160,-9.25,47992,5423.4,8.85,0.2,52.3,278.0,"Salt Lake City, Utah",
16013,Blaine,ID,,0,206,-10.07,24272,6846.9,3.54,86.5,0.0,154.2,"Boise City, Idaho",
05105,Perry,AR,,0,166,0.14,10019,1428.1,7.02,19.6,0.0,52.5,"Little Rock, Arkansas",
05107,Phillips,AR,,0,45,1.88,16568,1801.8,9.2,53.5,0.0,91.2,"Memphis, Tennessee",
05119,Pulaski,AR,,0,2358,0.7,399125,1967.8,202.83,3.4,99.6,4.0,"Little Rock, Arkansas",
17031,Cook,IL,,0,2493,-6.75,5275541,2448.4,2154.7,0.3,301.9,10.6,"Chicago, Illinois",
18123,Perry,IN,,0,82,-2.93,19170,988.7,19.39,23.1,19.7,75.4,"Evansville, Indiana",
18129,Posey,IN,,0,73,-2.61,25222,1060.8,23.78,18.2,24.8,22.1,"Evansville, Indiana",
18143,Scott,IN,,0,58,-3.74,24384,493.1,49.45,2.2,20.9,49.9,"Louisville, Kentucky",
18147,Spencer,IN,,0,28,-2.78,19810,1027.6,19.28,19.9,15.6,49.2,"Evansville, Indiana",
18155,Switzerland,IN,,0,72,-3.5,9737,571.4,17.04,15.7,0.0,54.4,"Cincinnati, Ohio",
18163,Vanderburgh,IN,,0,110,-2.68,180136,604.7,297.89,7.6,32.1,3.5,"Evansville, Indiana",
18029,Dearborn,IN,,0,82,-4.09,50679,790.0,64.15,7.7,28.5,35.3,"Cincinnati, Ohio",
18037,Dubois,IN,,0,59,-3.78,43637,1106.6,39.43,16.9,4.8,71.5,"Evansville, Indiana",
18039,Elkhart,IN,,0,68,-6.82,207047,1199.6,172.6,11.1,33.6,29.0,"South Bend, Indiana",
13135,Gwinnett,GA,,0,1464,1.29,957062,1114.7,858.59,3.8,56.6,38.4,"Atlanta, Georgia",
13145,Harris,GA,,0,306,2.41,34668,1201.4,28.86,8.2,33.0,27.8,"Columbus, Georgia",
13151,Henry,GA,,0,356,1.81,240712,834.3,288.52,3.9,37.6,36.8,"Atlanta, Georgia",
13161,Jeff Davis,GA,,0,41,4.35,14779,856.6,17.25,65.1,0.0,143.6,"Savannah, Georgia",
13167,Johnson,GA,,0,9,3.24,9189,784.8,11.71,28.0,0.0,106.6,"Augusta-Richmond County, Georgia",
13177,Lee,GA,,0,164,4.15,33163,921.5,35.99,46.8,0.0,115.6,"Columbus, Georgia",
13179,Liberty,GA,,0,267,5.28,65256,1268.6,51.44,19.3,21.6,53.2,"Savannah, Georgia",
20107,Linn,KS,,0,311,-4.1,9591,1538.6,6.23,54.6,0.0,72.0,"Olathe, Kansas",
20117,Marshall,KS,,0,444,-7.31,10038,2331.5,4.31,83.0,0.0,112.5,"Topeka, Kansas",
17149,Pike,IL,,0,57,-5.28,14739,2153.3,6.84,6.1,67.1,104.5,"Springfield, Illinois",
17157,Randolph,IL,,0,98,-3.27,30163,1490.5,20.24,29.2,0.0,71.8,"St. Louis, Missouri",
17161,Rock Island,IL,,0,55,-8.03,144672,1107.6,130.62,0.0,51.2,7.3,"Davenport, Iowa",
17171,Scott,IL,,0,6,-5.31,4949,649.9,7.62,3.8,22.6,70.6,"Springfield, Illinois",
17173,Shelby,IL,,0,17,-4.92,20990,1964.6,10.68,31.4,7.1,84.0,"Springfield, Illinois",
17181,Union,IL,,0,3181,-2.6,17244,1070.9,16.1,8.1,27.1,154.5,"St. Louis, Missouri",
17185,Wabash,IL,,0,12,-3.34,11361,578.2,19.65,27.2,0.0,54.9,"Evansville, Indiana",
17193,White,IL,,0,6,-2.91,13877,1281.4,10.83,17.4,27.1,55.9,"Evansville, Indiana",
17201,Winnebago,IL,,0,486,-8.83,285350,1329.6,214.61,7.9,43.7,5.0,"Rockford, Illinois",
13287,Turner,GA,,0,17,4.07,9006,739.2,12.18,0.4,26.6,152.3,"Columbus, Georgia",
13291,Union,GA,,0,236,-1.39,24632,833.8,29.54,65.7,0.0,119.1,"Athens-Clarke County, Georgia",
13299,Ware,GA,,0,335,5.26,36251,2311.5,15.68,72.5,0.0,121.3,"Jacksonville, Florida",
21105,Hickman,KY,,0,59,-1.25,4521,627.5,7.2,41.3,0.0,142.4,"Clarksville, Tennessee",
48273,Kleberg,TX,,0,5395,10.17,31040,2282.6,13.6,47.2,0.0,57.0,"Corpus Christi, Texas",
48311,McMullen,TX,,0,965,7.46,600,2951.1,0.2,34.5,0.0,109.1,"San Antonio, Texas",
48315,Marion,TX,,0,208,3.3,9725,986.5,9.86,33.7,0.0,69.3,"Shreveport, Louisiana",
48321,Matagorda,TX,,0,454,8.63,36255,2849.7,12.72,93.8,0.0,99.6,"Pearland, Texas",
48337,Montague,TX,,0,429,0.74,19965,2411.0,8.28,54.6,0.0,74.3,"Wichita Falls, Texas",
54047,McDowell,WV,,0,48,-3.19,19111,1381.6,13.83,48.8,0.0,191.6,"Winston-Salem, North Carolina",
54057,Mineral,WV,,0,100,-4.45,26938,849.1,31.73,20.4,0.0,142.9,"Pittsburgh, Pennsylvania",
54063,Monroe,WV,,0,55,-3.79,12376,1224.4,10.11,34.5,0.0,163.5,"Winston-Salem, North Carolina",
54071,Pendleton,WV,,0,299,-5.45,6143,1802.8,3.41,48.6,0.0,197.8,"Alexandria, Virginia",
54077,Preston,WV,,0,365,-5.57,34216,1680.4,20.36,16.4,26.6,108.3,"Pittsburgh, Pennsylvania",
51059,Fairfax,VA,,0,7101,-2.19,1150309,1012.6,1135.99,3.1,87.1,18.8,"Alexandria, Virginia",
51071,Giles,VA,,0,402,-3.69,16787,921.5,18.22,26.5,0.0,142.8,"Winston-Salem, North Carolina",
51077,Grayson,VA,,0,176,-4.05,15333,1145.2,13.39,29.4,0.0,98.6,"Winston-Salem, North Carolina",
51083,Halifax,VA,,0,127,-1.72,34022,2118.2,16.06,59.0,0.0,84.6,"Durham, North Carolina",
51089,Henry,VA,,0,140,-1.73,50948,990.2,51.45,63.3,0.0,69.9,"Greensboro, North Carolina",
51093,Isle of Wight,VA,,0,269,0.08,38606,817.4,47.23,19.6,0.0,23.7,"Newport News, Virginia",
51099,King George,VA,,0,109,-1.72,26723,465.3,57.44,27.3,0.0,58.6,"Alexandria, Virginia",
51105,Lee,VA,,0,174,-2.36,22173,1128.0,19.66,49.3,0.0,111.5,"Knoxville, Tennessee",
21033,Caldwell,KY,,0,27,-1.81,12649,893.0,14.16,15.0,1.1,81.0,"Clarksville, Tennessee",
13305,Wayne,GA,,0,154,4.86,30144,1662.2,18.14,45.5,0.0,93.3,"Savannah, Georgia",
51117,Mecklenburg,VA,,0,301,-1.2,30319,1620.0,18.72,16.1,25.7,93.5,"Durham, North Carolina",
53007,Chelan,WA,,0,870,-5.61,79074,7564.1,10.45,55.7,0.0,140.9,"Bellevue, Washington",
48117,Deaf Smith,TX,,0,81,-4.34,18583,3876.9,4.79,43.7,0.9,67.4,"Amarillo, Texas",
48261,Kenedy,TX,,0,1652,10.52,350,3777.1,0.09,82.0,0.0,86.1,"Corpus Christi, Texas",
48135,Ector,TX,,0,310,0.41,165171,2325.0,71.04,5.1,50.0,3.1,"Odessa, Texas",
48141,El Paso,TX,,0,5136,0.15,865657,2622.9,330.04,1.5,89.3,7.3,"El Paso, Texas",
48155,Foard,TX,,0,624,-0.43,1095,1824.4,0.6,105.5,0.0,111.5,"Wichita Falls, Texas",
48161,Freestone,TX,,0,349,3.63,19435,2273.3,8.55,3.5,51.3,90.1,"Waco, Texas",
48165,Gaines,TX,,0,199,-1.21,21598,3891.1,5.55,100.7,0.0,100.1,"Midland, Texas",
51107,Loudoun,VA,2020,21,1473,-3.11,420959,1335.3,315.25,22.3,0.0,43.6,"Washington, District of Columbia",
51131,Northampton,VA,,0,339,0.46,12282,548.1,22.41,53.2,0.0,54.9,"Hampton, Virginia",
51147,Prince Edward,VA,,0,549,-1.69,21849,906.4,24.11,62.8,0.0,92.1,"Richmond, Virginia",
51149,Prince George,VA,,0,175,-0.45,43010,686.7,62.63,2.1,39.9,38.0,"Richmond, Virginia",
51159,Richmond,VA,,0,111,-1.5,8923,496.0,17.99,54.9,0.0,77.6,"Richmond, Virginia",
51161,Roanoke,VA,,0,443,-2.4,96929,648.8,149.39,4.3,28.0,133.1,"Winston-Salem, North Carolina",
51165,Rockingham,VA,,0,536,-4.07,83757,2199.1,38.09,0.4,34.7,159.1,"Richmond, Virginia",
51175,Southampton,VA,,0,145,-0.6,17996,1551.8,11.6,34.8,0.0,66.9,"Newport News, Virginia",
51177,Spotsylvania,VA,,0,451,-2.88,140032,1039.9,134.66,5.4,22.6,77.9,"Alexandria, Virginia",
55061,Kewaunee,WI,,0,15,-9.93,20563,887.1,23.18,27.1,0.0,34.0,"Green Bay, Wisconsin",
56039,Teton,WY,,0,501,-13.69,23331,10348.0,2.25,103.6,0.0,312.8,"Billings, Montana",
53047,Okanogan,WA,,0,1218,-7.22,42104,13644.0,3.09,146.8,0.0,184.5,"Spokane, Washington",
48129,Donley,TX,,0,93,-2.56,3258,2400.6,1.36,26.9,0.0,93.0,"Amarillo, Texas",
48167,Galveston,TX,,0,2795,9.01,350682,979.9,357.86,2.8,30.7,29.9,"Pearland, Texas",
48221,Hood,TX,,0,1057,2.35,61598,1089.5,56.54,33.6,0.0,53.9,"Fort Worth, Texas",
48225,Houston,TX,,0,250,4.19,22066,3188.0,6.92,50.1,0.0,111.3,"College Station, Texas",
48229,Hudspeth,TX,,0,1839,-0.97,3202,11838.8,0.27,17.8,120.7,96.2,"El Paso, Texas",
48245,Jefferson,TX,,0,877,7.52,256526,2269.6,113.03,8.7,41.3,9.5,"Beaumont, Texas",
48257,Kaufman,TX,,0,451,3.04,145310,2022.0,71.86,3.4,43.1,24.9,"Mesquite, Texas",
51193,Westmoreland,VA,,0,363,-1.52,18477,594.1,31.1,56.5,0.0,74.1,"Alexandria, Virginia",
51199,York,VA,,0,613,0.26,70045,271.4,258.11,3.9,22.1,10.0,"Newport News, Virginia",
53031,Jefferson,WA,,0,500,-0.77,32977,4671.6,7.06,44.8,0.0,46.7,"Everett, Washington",
55031,Douglas,WI,,0,48,-14.57,44295,3377.7,13.11,17.1,0.0,203.9,"St. Paul, Minnesota",
55051,Iron,WI,,0,24,-14.55,6137,1963.7,3.13,149.9,0.0,264.4,"Green Bay, Wisconsin",
53049,Pacific,WA,,0,186,1.51,23365,2415.6,9.67,72.9,0.0,137.6,"Vancouver, Washington",
51570,Colonial Heights,VA,,0,28,-0.82,18170,19.5,932.91,0.6,4.5,31.1,"Richmond, Virginia",
51630,Fredericksburg,VA,,0,120,-2.65,27982,27.0,1034.86,2.9,2.4,68.1,"Alexandria, Virginia",
51650,Hampton,VA,,0,185,1.02,137148,133.2,1029.96,1.2,26.3,2.5,"Hampton, Virginia",
51700,Newport News,VA,,0,324,0.74,186247,178.0,1046.52,2.3,19.4,2.1,"Newport News, Virginia",
51735,Poquoson,VA,,0,10,0.9,12460,39.7,314.08,7.9,0.0,9.5,"Newport News, Virginia",
51770,Roanoke,VA,,0,122,-1.82,100011,110.2,907.25,1.9,8.6,134.4,"Winston-Salem, North Carolina",
55071,Manitowoc,WI,,0,41,-9.7,81359,1525.7,53.33,0.5,53.1,51.9,"Green Bay, Wisconsin",
55079,Milwaukee,WI,,0,225,-7.99,939489,625.2,1502.63,1.9,63.1,4.4,"Milwaukee, Wisconsin",
55089,Ozaukee,WI,,0,117,-8.71,91503,603.7,151.58,1.9,42.4,31.5,"Milwaukee, Wisconsin",
53055,San Juan,WA,2019,3,582,2.13,17788,450.4,39.49,40.5,0.0,87.8,"Everett, Washington",
53061,Snohomish,WA,,0,699,-0.94,827957,5406.0,153.15,1.6,70.9,5.8,"Everett, Washington",
53071,Walla Walla,WA,,0,257,-1.67,62584,3289.6,19.02,52.8,0.0,190.0,"Spokane, Washington",
53073,Whatcom,WA,,0,800,-2.61,226847,5456.7,41.57,3.6,45.3,95.4,"Everett, Washington",
22039,Evangeline,LA,,0,154,5.64,32350,1715.6,18.86,19.0,16.5,61.3,"Lafayette, Louisiana",
27139,Scott,MN,,0,115,-12.22,150928,923.3,163.47,13.5,6.5,33.3,"Minneapolis, Minnesota",
31113,Logan,NE,,0,11,-9.6,716,1478.0,0.48,46.4,0.0,327.0,"Lincoln, Nebraska",
37043,Clay,NC,,0,270,-2.04,11089,556.2,19.94,82.6,0.0,104.0,"Knoxville, Tennessee",
39057,Greene,OH,,0,503,-4.53,167966,1071.6,156.75,6.1,33.2,16.9,"Dayton, Ohio",
36009,Cattaraugus,NY,,0,375,-8.46,77042,3388.6,22.74,10.3,80.0,77.3,"Buffalo, New York",
47169,Trousdale,TN,,0,17,-0.91,11615,295.8,39.27,22.0,0.0,61.3,"Nashville, Tennessee",
46073,Jerauld,SD,,0,5,-11.91,1663,1362.9,1.22,42.8,0.0,157.1,"Sioux Falls, South Dakota",
48365,Panola,TX,,0,159,3.69,22491,2076.5,10.83,36.5,0.0,68.0,"Shreveport, Louisiana",
48207,Haskell,TX,,0,114,0.41,5416,2339.1,2.32,76.8,0.0,81.4,"Abilene, Texas",
51690,Martinsville,VA,,0,30,-1.89,13485,28.4,475.23,62.6,0.0,68.6,"Greensboro, North Carolina",
55131,Washington,WI,,0,67,-9.96,136761,1115.5,122.6,23.4,0.0,42.4,"Milwaukee, Wisconsin",
54067,Nicholas,WV,,0,137,-4.15,24604,1675.3,14.69,37.6,0.0,248.5,"Winston-Salem, North Carolina",
51087,Henrico,VA,,0,1309,-1.31,334389,605.3,552.46,1.1,82.6,9.0,"Richmond, Virginia",
01043,Cullman,AL,,0,152,0.74,87866,1903.2,46.17,3.8,43.7,67.3,"Huntsville, Alabama",
01109,Pike,AL,,0,710,3.49,33009,1740.7,18.96,59.2,0.0,72.7,"Montgomery, Alabama",
09009,New Haven,CT,,0,1067,-5.5,864835,1565.7,552.38,2.1,126.6,10.0,"New Haven, Connecticut",
05049,Fulton,AR,,0,62,-2.46,12075,1601.1,7.54,148.7,0.0,164.0,"Springfield, Missouri",
05127,Scott,AR,,0,122,-0.35,9836,2311.1,4.26,66.1,0.0,164.9,"Little Rock, Arkansas",
21117,Kenton,KY,,0,283,-3.45,169064,415.0,407.34,1.1,32.5,10.8,"Cincinnati, Ohio",
19123,Mahaska,IA,,0,26,-8.6,22190,1478.5,15.01,42.2,0.0,86.4,"Des Moines, Iowa",
47015,Cannon,TN,,0,84,-0.92,14506,688.0,21.08,24.2,0.0,29.7,"Murfreesboro, Tennessee",
38011,Bowman,ND,,0,24,-12.89,2993,3009.1,0.99,79.6,0.0,398.9,"Billings, Montana",
38083,Sheridan,ND,,0,22,-15.51,1265,2518.5,0.5,80.1,0.0,280.8,"Fargo, North Dakota",
48375,Potter,TX,,0,794,-3.77,118525,2352.7,50.38,3.4,50.9,0.8,"Amarillo, Texas",
31065,Furnas,NE,,0,13,-8.39,4636,1862.5,2.49,56.0,0.0,280.4,"Lincoln, Nebraska",
28135,Tallahatchie,MS,,0,207,2.18,12715,1671.3,7.61,27.8,0.0,130.9,"Memphis, Tennessee",
41019,Douglas,OR,,0,1621,0.89,111201,13043.4,8.53,2.5,137.5,93.8,"Eugene, Oregon",
29013,Bates,MO,,0,48,-4.06,16042,2167.0,7.4,73.8,0.0,78.0,"Olathe, Kansas",
55001,Adams,WI,,0,125,-11.7,20654,1672.2,12.35,23.1,0.0,102.2,"Madison, Wisconsin",
53057,Skagit,WA,,0,366,-1.34,129523,4483.8,28.89,0.1,39.3,54.7,"Everett, Washington",
06085,Santa Clara,CA,2024,19,16839,4.05,1936259,3341.3,579.48,0.9,50.5,3.3,"San Jose, California",
13017,Ben Hill,GA,,0,22,4.51,17194,647.8,26.54,33.1,0.0,173.8,"Tallahassee, Florida",
18047,Franklin,IN,,0,39,-4.7,22785,995.7,22.88,12.3,6.6,58.1,"Cincinnati, Ohio",
22123,West Carroll,LA,,0,8,3.27,9751,931.5,10.47,43.1,0.0,130.1,"Jackson, Mississippi",
26067,Ionia,MI,,0,54,-7.59,66804,1479.7,45.15,8.3,39.8,47.2,"Grand Rapids, Michigan",
37185,Warren,NC,,0,88,-0.77,18642,1109.7,16.8,13.1,15.9,82.6,"Durham, North Carolina",
45015,Berkeley,SC,,0,1481,3.53,229861,2846.0,80.77,8.6,28.8,23.5,"North Charleston, South Carolina",
13045,Carroll,GA,,0,264,0.96,119148,1292.6,92.18,9.0,27.0,62.0,"Atlanta, Georgia",
37093,Hoke,NC,,0,628,0.99,52082,1012.0,51.46,21.8,0.0,27.2,"Fayetteville, North Carolina",
20149,Pottawatomie,KS,,0,367,-6.6,25348,2178.2,11.64,20.5,0.0,59.3,"Topeka, Kansas",
28033,DeSoto,MS,,0,263,1.32,185314,1233.2,150.27,3.8,28.4,26.4,"Memphis, Tennessee",
42001,Adams,PA,,0,314,-4.58,103852,1343.3,77.31,34.9,0.0,78.1,"Baltimore, Maryland",
37161,Rutherford,NC,,0,577,-0.48,64444,1461.1,44.11,29.5,0.0,96.1,"Charlotte, North Carolina",
21051,Clay,KY,,0,33,-2.53,20345,1215.3,16.74,31.5,0.0,117.8,"Lexington-Fayette, Kentucky",
13245,Richmond,GA,,0,685,2.94,206607,840.0,245.96,0.7,31.7,6.4,"Augusta-Richmond County, Georgia",
13251,Screven,GA,,0,127,3.36,14067,1670.8,8.42,50.8,0.0,86.8,"Savannah, Georgia",
13261,Sumter,GA,,0,145,3.56,29616,1250.2,23.69,43.6,0.0,84.4,"Columbus, Georgia",
13263,Talbot,GA,,0,91,2.39,5733,1013.7,5.66,36.9,0.0,46.3,"Columbus, Georgia",
13273,Terrell,GA,,0,19,3.95,9185,868.8,10.57,66.5,0.0,93.0,"Columbus, Georgia",
20193,Thomas,KS,,0,33,-7.78,7930,2783.4,2.85,2.1,63.6,324.3,"Aurora, Colorado",
20199,Wallace,KS,,0,60,-7.28,1512,2366.3,0.64,49.7,0.0,255.7,"Pueblo, Colorado",
20201,Washington,KS,,0,109,-7.06,5530,2317.4,2.39,85.0,0.0,121.2,"Lincoln, Nebraska",
21195,Pike,KY,,0,87,-2.29,58669,2037.9,28.79,93.4,0.0,192.4,"Lexington-Fayette, Kentucky",
21211,Shelby,KY,,0,26,-3.26,48065,983.3,48.88,3.2,34.8,45.8,"Louisville, Kentucky",
21213,Simpson,KY,,0,15,-1.3,19594,606.6,32.3,5.1,22.3,66.5,"Nashville, Tennessee",
21223,Trimble,KY,,0,92,-3.31,8474,392.8,21.58,13.3,2.4,55.2,"Louisville, Kentucky",
21225,Union,KY,,0,10,-2.3,13668,888.0,15.39,45.6,0.0,47.5,"Evansville, Indiana",
20037,Crawford,KS,,0,452,-3.13,38972,1527.5,25.51,49.2,0.0,128.7,"Springfield, Missouri",
20043,Doniphan,KS,,0,127,-6.26,7510,1018.9,7.37,17.2,0.0,84.4,"Kansas City, Kansas",
20061,Geary,KS,,0,293,-5.95,36739,996.2,36.88,2.5,42.1,98.6,"Topeka, Kansas",
20067,Grant,KS,,0,62,-6.51,7352,1488.7,4.94,178.2,0.0,267.6,"Amarillo, Texas",
20071,Greeley,KS,,0,40,-7.47,1284,2016.2,0.64,94.8,0.0,248.1,"Pueblo, Colorado",
20083,Hodgeman,KS,,0,45,-6.33,1723,2227.4,0.77,99.1,0.0,224.3,"Wichita, Kansas",
20089,Jewell,KS,,0,107,-7.58,2932,2356.3,1.24,102.1,0.0,173.4,"Lincoln, Nebraska",
22019,Calcasieu,LA,,0,629,6.72,216785,2754.9,78.69,1.5,88.2,85.1,"Beaumont, Texas",
22027,Claiborne,LA,,0,54,2.33,14170,1955.1,7.25,29.4,0.0,74.8,"Shreveport, Louisiana",
22029,Concordia,LA,,0,108,4.42,18687,1805.0,10.35,90.5,0.0,131.9,"Baton Rouge, Louisiana",
22037,East Feliciana,LA,,0,154,5.07,19539,1174.3,16.64,42.3,0.0,40.5,"Baton Rouge, Louisiana",
53009,Clallam,WA,,0,391,0.59,77155,4502.3,17.14,86.9,0.0,93.7,"Everett, Washington",
53027,Grays Harbor,WA,,0,224,1.25,75636,4926.2,15.35,62.2,0.0,105.0,"Tacoma, Washington",
55105,Rock,WI,,0,71,-9.15,163687,1860.0,88.0,4.7,57.5,43.1,"Rockford, Illinois",
55117,Sheboygan,WI,,0,50,-9.45,118034,1324.2,89.14,0.5,39.8,77.9,"Milwaukee, Wisconsin",
55127,Walworth,WI,,0,99,-8.99,106478,1437.8,74.06,0.8,48.6,63.0,"Rockford, Illinois",
55009,Brown,WI,,0,110,-10.17,268740,1371.9,195.88,0.0,26.4,2.7,"Green Bay, Wisconsin",
49047,Uintah,UT,,0,1502,-10.46,35620,11602.4,3.07,119.0,0.0,175.5,"Provo, Utah",
49053,Washington,UT,,0,11516,-2.04,180279,6284.2,28.69,0.1,66.3,175.5,"North Las Vegas, Nevada",
50001,Addison,VT,,0,581,-10.91,37363,1984.8,18.82,34.7,0.0,181.9,"Manchester, New Hampshire",
50009,Essex,VT,,0,175,-13.47,5920,1718.7,3.44,25.5,0.0,187.5,"Manchester, New Hampshire",
50017,Orange,VT,,0,668,-11.99,29277,1779.4,16.45,18.2,75.1,134.8,"Manchester, New Hampshire",
50023,Washington,VT,,0,727,-12.28,59807,1779.9,33.6,0.1,36.5,166.3,"Manchester, New Hampshire",
22003,Allen,LA,,0,122,5.59,22750,1973.2,11.53,46.9,0.0,88.0,"Lafayette, Louisiana",
22009,Avoyelles,LA,,0,268,5.1,39693,2156.0,18.41,23.1,6.8,92.7,"Lafayette, Louisiana",
22101,St. Mary,LA,,0,97,8.07,49406,1438.4,34.35,63.7,0.0,82.2,"Baton Rouge, Louisiana",
22107,Tensas,LA,,0,33,3.98,4147,1561.2,2.66,46.9,0.0,111.2,"Jackson, Mississippi",
22109,Terrebonne,LA,,0,268,8.85,109580,3190.4,34.35,44.9,0.0,74.5,"New Orleans, Louisiana",
21021,Boyle,KY,,0,51,-2.73,30614,466.6,65.61,42.4,0.0,51.9,"Lexington-Fayette, Kentucky",
21023,Bracken,KY,,0,5,-3.56,8400,532.5,15.77,44.0,0.0,58.8,"Cincinnati, Ohio",
22045,Iberia,LA,,0,223,7.54,69929,1486.9,47.03,34.8,0.0,32.6,"Lafayette, Louisiana",
21047,Christian,KY,,0,69,-1.55,72748,1858.3,39.15,7.6,37.3,33.0,"Clarksville, Tennessee",
21055,Crittenden,KY,,0,21,-2.03,8990,932.3,9.64,27.5,0.0,85.0,"Evansville, Indiana",
21059,Daviess,KY,,0,68,-2.35,103312,1187.1,87.03,38.8,0.0,48.5,"Evansville, Indiana",
21073,Franklin,KY,,0,129,-2.97,51541,538.1,95.79,3.8,22.0,36.0,"Lexington-Fayette, Kentucky",
21075,Fulton,KY,,0,99,-0.99,6515,532.3,12.24,46.6,0.0,148.8,"Clarksville, Tennessee",
21089,Greenup,KY,,0,49,-3.48,35962,892.0,40.32,21.0,0.0,157.7,"Lexington-Fayette, Kentucky",
21095,Harlan,KY,,0,85,-2.95,26831,1206.5,22.24,67.3,0.0,118.4,"Knoxville, Tennessee",
55137,Waushara,WI,,0,50,-11.4,24520,1621.7,15.12,23.9,30.3,106.6,"Green Bay, Wisconsin",
56001,Albany,WY,,0,217,-10.72,37066,11069.2,3.35,1.3,87.9,92.1,"Fort Collins, Colorado",
56007,Carbon,WY,,0,429,-10.64,14537,20454.6,0.71,12.4,132.0,205.1,"Fort Collins, Colorado",
56011,Crook,WY,,0,77,-11.18,7181,7392.9,0.97,12.5,94.1,340.0,"Billings, Montana",
56013,Fremont,WY,,0,295,-12.07,39234,23786.0,1.65,148.5,0.0,309.0,"Billings, Montana",
56021,Laramie,WY,,0,127,-8.83,100512,6956.5,14.45,4.2,181.2,68.8,"Fort Collins, Colorado",
54031,Hardy,WV,,0,172,-5.1,14299,1508.2,9.48,34.8,0.0,159.0,"Washington, District of Columbia",
54035,Jackson,WV,,0,22,-3.42,27791,1202.7,23.11,2.3,58.8,166.8,"Columbus, Ohio",
54041,Lewis,WV,,0,56,-3.76,17033,996.9,17.09,2.2,33.7,162.6,"Pittsburgh, Pennsylvania",
50027,Windsor,VT,,0,473,-11.19,57753,2510.6,23.0,6.0,84.1,103.9,"Manchester, New Hampshire",
51001,Accomack,VA,,0,328,-0.18,33413,1164.2,28.7,104.0,0.0,105.7,"Hampton, Virginia",
51021,Bland,VA,,0,53,-3.79,6270,926.5,6.77,3.7,32.9,139.4,"Winston-Salem, North Carolina",
51027,Buchanan,VA,,0,58,-2.84,20355,1302.2,15.63,59.2,0.0,207.0,"Winston-Salem, North Carolina",
51037,Charlotte,VA,,0,132,-1.71,11529,1230.9,9.37,56.1,0.0,117.6,"Durham, North Carolina",
51041,Chesterfield,VA,,0,1813,-1.27,364548,1096.3,332.52,11.1,27.6,17.3,"Richmond, Virginia",
